text,audit_type,source
"cash advance ETB 812,000 logged by Getachew - please confirm",PROJECT_RESOURCE,hard_synthetic_v2
scaffold parts missing after demob (meron t.),PROJECT_RESOURCE,hard_synthetic_v2
2025-02-20 qty take-off altered - no CO (Mesfin),DATA_INTEGRITY,hard_synthetic_v2
please check - contractor import replaced values (Tigist),DATA_INTEGRITY,hard_synthetic_v2
ppe violation noted for crew of mesfin | need follow up,COMPLIANCE,hard_synthetic_v2
toolbox talk sheet missing (Helen),COMPLIANCE,hard_synthetic_v2
2025-01-11 equipment checkout overdue (mesfin),PROJECT_RESOURCE,hard_synthetic_v2
unauthorized access attempt by Bereket D.,FINANCIAL,hard_synthetic_v2
PPE violation noted for crew of Helen,COMPLIANCE,hard_synthetic_v2
late submission of daily report (solomon .),COMPLIANCE,hard_synthetic_v2
odd hour login by mesfin at 19:00,SECURITY,hard_synthetic_v2
Dawit H. changed IP during session,SECURITY,hard_synthetic_v2
suspicious login pattern detected (Solomon A.) (check),SECURITY,hard_synthetic_v2
flagged item,SECURITY,hard_synthetic_v2
T31729: measurement sheet deleted (Abebe K.) - ezih,DATA_INTEGRITY,hard_synthetic_v2
test results changed without approval (rahel g.),DATA_INTEGRITY,hard_synthetic_v2
T83035: problem on alr ext bulk delete of 92 - site lay,USER_ACTIVITY,hard_synthetic_v2
per site instruction - 87 edits in under 5 min by Marta T.,USER_ACTIVITY,hard_synthetic_v2
CSV import overwrote approved qty (Helen) - please confirm,DATA_INTEGRITY,hard_synthetic_v2
toolbox talk sheet missing (dawit h.),COMPLIANCE,hard_synthetic_v2
"expense claim ETB 458,000 from Tigist",FINANCIAL,hard_synthetic_v2
unapproved edit to record by rahel g.,PROJECT_RESOURCE,hard_synthetic_v2
mass status edit (80 tasks) by samuel,USER_ACTIVITY,hard_synthetic_v2
2025-07-23 measurement sheet deleted (solomon a.),DATA_INTEGRITY,hard_synthetic_v2
data issue,FINANCIAL,hard_synthetic_v2
duplicate supplier invoice #9603,DATA_INTEGRITY,hard_synthetic_v2
"expense claim ETB 461,000 from Lidya W.",FINANCIAL,hard_synthetic_v2
site report late by 13 days (Henok T.),PROJECT_RESOURCE,hard_synthetic_v2
2025-08-03 test results changed without approval (Getachew) (check),DATA_INTEGRITY,hard_synthetic_v2
qty take-off altered - no CO (Kidus A.),DATA_INTEGRITY,hard_synthetic_v2
flagged item,DATA_INTEGRITY,hard_synthetic_v2
T75675: please investigate budget line edit on,FINANCIAL,hard_synthetic_v2
rebar over-ordered 8% block d,PROJECT_RESOURCE,hard_synthetic_v2
T33152: repeated open of restricted folder by Solomon .,USER_ACTIVITY,hard_synthetic_v2
permission raised for henok t. without aproval,SECURITY,hard_synthetic_v2
"as discussed - expense claim ETB 897,000 from Biruk M.",FINANCIAL,hard_synthetic_v2
T26434: excavator out 5 days - not returned (Selam F.),PROJECT_RESOURCE,hard_synthetic_v2
milestone 'topped out' delayed (marta t.),PROJECT_RESOURCE,hard_synthetic_v2
2025-04-25 as-built ZIP downloaded by Marta T.,REPORT_DOCUMENT,hard_synthetic_v2
2025-12-27 equipment checkout overdue (Getachew),PROJECT_RESOURCE,hard_synthetic_v2
mesfin changed ip during session,SECURITY,hard_synthetic_v2
contract PDF mailed externally (Tigist) - ezih,REPORT_DOCUMENT,hard_synthetic_v2
duplicate supplier invioce #7675 | please check,DATA_INTEGRITY,hard_synthetic_v2
"payment of ETB 562,000 approved by Biruk M.",FINANCIAL,hard_synthetic_v2
2025-04-01 test results changed without approval (Henok T.),DATA_INTEGRITY,hard_synthetic_v2
"payment of ETB 103,000 approved by Dawit H.",FINANCIAL,hard_synthetic_v2
document export by Dawit H.,REPORT_DOCUMENT,hard_synthetic_v2
2025-12-16 bulk reassign 148 tasks - no comment (meron t.) | see attachment,USER_ACTIVITY,hard_synthetic_v2
2025-01-08 T26705: contractor import replaced values (yonas g.) - site lay,DATA_INTEGRITY,hard_synthetic_v2
report problem,PROJECT_RESOURCE,hard_synthetic_v2
2026-03-21 odd hour login by Samuel at 2:00 | for your action,SECURITY,hard_synthetic_v2
commercial rates shared outside (dawit h.),REPORT_DOCUMENT,hard_synthetic_v2
excavator out 15 days - not returned (solomon a.),PROJECT_RESOURCE,hard_synthetic_v2
approved MS edited after acceptance (Selam F.),REPORT_DOCUMENT,hard_synthetic_v2
dormant account Samuel active after 9 months,USER_ACTIVITY,hard_synthetic_v2
per site instruction - Helen tried admin console - denied,SECURITY,hard_synthetic_v2
T36860: as discussed - measurement sheet deleted (Tigist),DATA_INTEGRITY,hard_synthetic_v2
session from unknown device (tigist),SECURITY,hard_synthetic_v2
session from unknown device (Rahel G.) - site lay,SECURITY,hard_synthetic_v2
2026-11-25 Sara B. changed IP during session,SECURITY,hard_synthetic_v2
geo anomaly: Henok T. appeared in two cities same day,SECURITY,hard_synthetic_v2
dormant account Bereket D. active after 14 months,USER_ACTIVITY,hard_synthetic_v2
mass status edit (110 tasks) by Yonas G.,USER_ACTIVITY,hard_synthetic_v2
2025-01-16 measurement sheet deleted (Mesfin),DATA_INTEGRITY,hard_synthetic_v2
generator hours high vs plan (Henok T.) | see attachment,PROJECT_RESOURCE,hard_synthetic_v2
2026-03-20 large paymant released without second sign-off (Kidus A.),FINANCIAL,hard_synthetic_v2
"expense claim ETB 918,000 from Meron T.",FINANCIAL,hard_synthetic_v2
password reset requested then cancelled (solomon a.) (check),SECURITY,hard_synthetic_v2
from the meeting - bulk reassign 66 tasks - no comment (kidus a.),USER_ACTIVITY,hard_synthetic_v2
NCR closed without QM signature (Hanna A.),COMPLIANCE,hard_synthetic_v2
attendance history row removed by hanna a.,DATA_INTEGRITY,hard_synthetic_v2
2026-09-24 Biruk M. modified contingency on Adama IP,FINANCIAL,hard_synthetic_v2
Lidya W. opened finance module (not their role),USER_ACTIVITY,hard_synthetic_v2
T20881: Dawit H. changed IP during session,SECURITY,hard_synthetic_v2
T23159: hold point skipped on foundation (Solomon A.),COMPLIANCE,hard_synthetic_v2
dormant account Yonas G. active after 18 months | awaiting confirmation,USER_ACTIVITY,hard_synthetic_v2
external share of project file (Selam F.),REPORT_DOCUMENT,hard_synthetic_v2
T57769: external share of project file (Mesfin),REPORT_DOCUMENT,hard_synthetic_v2
full cost DB exported by Sara B.,REPORT_DOCUMENT,hard_synthetic_v2
approved MS edited after acceptance (Getachew) | temporary entry,REPORT_DOCUMENT,hard_synthetic_v2
env spill reprot delayed (samuel),COMPLIANCE,hard_synthetic_v2
drawing pack uploaded by Mesfin (check),REPORT_DOCUMENT,hard_synthetic_v2
role misuse flagged for abebe k.,DATA_INTEGRITY,hard_synthetic_v2
2026-09-14 NCR closed without QM signature (Rahel G.),COMPLIANCE,hard_synthetic_v2
2025-12-22 sensitive salary data viewed by meron t.,USER_ACTIVITY,hard_synthetic_v2
T22909: bugdet line edit on Bole Tower (Meron T.),FINANCIAL,hard_synthetic_v2
T35421: test results changed without approval (Samuel),SECURITY,hard_synthetic_v2
duplicate invoice #6980 entered,FINANCIAL,hard_synthetic_v2
"paymant of etb 885,000 approved by bereket d.",FINANCIAL,hard_synthetic_v2
see attachment - engineer solomon a. tried to approve paymant,USER_ACTIVITY,hard_synthetic_v2
measurement sheet deleted (Solomon A.),DATA_INTEGRITY,hard_synthetic_v2
milestone 'foundation' delayed (getachew) - please confirm,PROJECT_RESOURCE,hard_synthetic_v2
failed authentication for Tigist,SECURITY,hard_synthetic_v2
T98987: external data import by Samuel,DATA_INTEGRITY,hard_synthetic_v2
odd behaviour unauthorized access attempt by,SECURITY,hard_synthetic_v2
unauthorized access attempt by Getachew,SECURITY,hard_synthetic_v2
old spec rev deleted (Bereket D.),REPORT_DOCUMENT,hard_synthetic_v2
hold point skipped on foundation (yonas g.),DATA_INTEGRITY,hard_synthetic_v2
failed authentication for Tigist,SECURITY,hard_synthetic_v2
please check - sensitive salary data viewed by Hanna .,USER_ACTIVITY,hard_synthetic_v2
cost code changed on PO by Bereket D.,FINANCIAL,hard_synthetic_v2
payment run for Ethio Steel by Samuel,FINANCIAL,hard_synthetic_v2
scaffold parts missing after demob (Yonas G.),USER_ACTIVITY,hard_synthetic_v2
full cost DB exported by Solomon A.,REPORT_DOCUMENT,hard_synthetic_v2
measurement sheet deleted (Kidus A.),DATA_INTEGRITY,hard_synthetic_v2
geo anomaly: kidus a. appeared in two cities same day | see attachment,SECURITY,hard_synthetic_v2
2025-09-19 cost code changed on PO by Tigist,FINANCIAL,hard_synthetic_v2
as-built rev changed after client sign-off (Mesfin),DATA_INTEGRITY,hard_synthetic_v2
qty take-off altered - no CO (Sara B.),DATA_INTEGRITY,hard_synthetic_v2
T56209: milestone 'foundation' delayed (Bereket D.),PROJECT_RESOURCE,hard_synthetic_v2
Hanna A. changed IP during session,SECURITY,hard_synthetic_v2
CSV import overwrote approved qty (Tigist),DATA_INTEGRITY,hard_synthetic_v2
commercial rates shared outside (Kidus A.),REPORT_DOCUMENT,hard_synthetic_v2
generator hours high vs plan (rahel g.) | for your action,PROJECT_RESOURCE,hard_synthetic_v2
method statement still draft but signed (Getachew),COMPLIANCE,hard_synthetic_v2
external share of project file (Kidus A.),REPORT_DOCUMENT,hard_synthetic_v2
method statement still draft but signed (Kidus A.),COMPLIANCE,hard_synthetic_v2
faild authentication for Henok T.,SECURITY,hard_synthetic_v2
T87455: payment run for Horizon Mat by Tigist,FINANCIAL,hard_synthetic_v2
PPE violation noted for crew of Selam F.,COMPLIANCE,hard_synthetic_v2
drawing pack uploaded by rahel g. | per site instruction,REPORT_DOCUMENT,hard_synthetic_v2
bulk delete of 157 rows by mesfin,USER_ACTIVITY,hard_synthetic_v2
equipment checkout overdue (Solomon A.),PROJECT_RESOURCE,hard_synthetic_v2
engineer Getachew tried to approve payment,USER_ACTIVITY,hard_synthetic_v2
permit submitted after work started (Bereket D.),COMPLIANCE,hard_synthetic_v2
2026-03-04 env spill report delayed (tigist),COMPLIANCE,hard_synthetic_v2
2025-10-25 excavator out 12 days - not returned (Marta T.),PROJECT_RESOURCE,hard_synthetic_v2
file shared to client@own.org by Kidus A.,COMPLIANCE,hard_synthetic_v2
T22697: approved MS edited after acceptance (Rahel G.),REPORT_DOCUMENT,hard_synthetic_v2
material overuse logged on Hawassa P2 | see attachment,PROJECT_RESOURCE,hard_synthetic_v2
issue with Biruk M. commercial rates shared outside,REPORT_DOCUMENT,hard_synthetic_v2
2026-03-16 method statement still draft but signed (Dawit H.),COMPLIANCE,hard_synthetic_v2
bulk delete of 84 rows by Samuel,USER_ACTIVITY,hard_synthetic_v2
CSV import overwrote approved qty (Yonas G.) - site lay,DATA_INTEGRITY,hard_synthetic_v2
payment run for nile const by dawit h.,FINANCIAL,hard_synthetic_v2
subcon ethio steel ncr list updated by sara b.,PROJECT_RESOURCE,hard_synthetic_v2
needs review sensitive salary data viewed,USER_ACTIVITY,hard_synthetic_v2
2025-12-17 needs review policy breach recorded for,COMPLIANCE,hard_synthetic_v2
report problem,FINANCIAL,hard_synthetic_v2
2026-07-19 bulk delete of 212 rows by Mesfin,USER_ACTIVITY,hard_synthetic_v2
"paymant of ETB 316,000 approved by Selam F.",FINANCIAL,hard_synthetic_v2
flagged item - please confirm,PROJECT_RESOURCE,hard_synthetic_v2
payment run for abyssinia hire by yonas g.,FINANCIAL,hard_synthetic_v2
drawing pack uploaded by marta t.,REPORT_DOCUMENT,hard_synthetic_v2
CSV import overwrote approved qty (Helen),DATA_INTEGRITY,hard_synthetic_v2
T41376: mesfin opened finance module (not their role) | awaiting confirmation,USER_ACTIVITY,hard_synthetic_v2
2025-01-06 faild authentication for meron t.,SECURITY,hard_synthetic_v2
check Abebe K. activity payment run for Nile,FINANCIAL,hard_synthetic_v2
"expense claim ETB 364,000 from Lidya W.",FINANCIAL,hard_synthetic_v2
password reset requested then cancelled (hanna a.),SECURITY,hard_synthetic_v2
T78533: measurement sheet deleted (Kidus A.),DATA_INTEGRITY,hard_synthetic_v2
odd behaviour,SECURITY,hard_synthetic_v2
session from unknown device (Rahel G.),SECURITY,hard_synthetic_v2
measurement sheet deleted (lidya w.),DATA_INTEGRITY,hard_synthetic_v2
2026-07-20 83 edits in under 5 min by Getachew,USER_ACTIVITY,hard_synthetic_v2
site reprot late by 14 days (Dawit H.) | from the meeting,COMPLIANCE,hard_synthetic_v2
qty take-off altered - no co (getachew) (check),DATA_INTEGRITY,hard_synthetic_v2
as-built rev changed after client sign-off (Lidya W.),DATA_INTEGRITY,hard_synthetic_v2
qty take-off altered - no CO (Helen) - ezih,DATA_INTEGRITY,hard_synthetic_v2
please check - mass status edit (201 tasks) by Mesfin,USER_ACTIVITY,hard_synthetic_v2
problem on ALR Ext,DATA_INTEGRITY,hard_synthetic_v2
contract PDF mailed externally (Rahel G.),REPORT_DOCUMENT,hard_synthetic_v2
T24297: geo anomaly: Tigist appeared in two cities same day - ezih,SECURITY,hard_synthetic_v2
2025-07-19 checklist incomplete for pour #38,COMPLIANCE,hard_synthetic_v2
T29234: rebar over-ordered 32% block a,PROJECT_RESOURCE,hard_synthetic_v2
T63918: NCR closed without QM signature (Yonas G.),COMPLIANCE,hard_synthetic_v2
bulk delete of 169 rows by Rahel G.,USER_ACTIVITY,hard_synthetic_v2
suspicious login pattern detected (bereket d.),DATA_INTEGRITY,hard_synthetic_v2
generator hours high vs plan (Samuel) - ezih,PROJECT_RESOURCE,hard_synthetic_v2
drawing pack uploaded by bereket d.,REPORT_DOCUMENT,hard_synthetic_v2
drawing pack uploaded by Abebe K. - please confirm,REPORT_DOCUMENT,hard_synthetic_v2
external share of project file (Yonas G.),REPORT_DOCUMENT,hard_synthetic_v2
2025-02-10 delivery note DN-374 edited after lock by Biruk M.,DATA_INTEGRITY,hard_synthetic_v2
needs review,DATA_INTEGRITY,hard_synthetic_v2
T17389: policy breach recorded for Getachew | awaiting confirmation,COMPLIANCE,hard_synthetic_v2
multiple failed logins on rahel g. account,SECURITY,hard_synthetic_v2
bulk reassign 127 tasks - no comment (Lidya W.),USER_ACTIVITY,hard_synthetic_v2
QA plan changed post-approval (Solomon A.),REPORT_DOCUMENT,hard_synthetic_v2
T73539: repeated open of restricted folder by meron t.,USER_ACTIVITY,hard_synthetic_v2
2026-04-11 large paymant released without second sign-off (Mesfin),FINANCIAL,hard_synthetic_v2
"cash advance ETB 171,000 logged by Abebe K.",FINANCIAL,hard_synthetic_v2
problem on Hawassa P2,REPORT_DOCUMENT,hard_synthetic_v2
QA plan changed post-approval (Lidya W.),REPORT_DOCUMENT,hard_synthetic_v2
csv import overwrote approved qty (helen),USER_ACTIVITY,hard_synthetic_v2
duplicate supplier invoice #4436 - site lay,DATA_INTEGRITY,hard_synthetic_v2
user list exported by henok t. after hours,USER_ACTIVITY,hard_synthetic_v2
"cash advance ETB 797,000 logged by Abebe K.",FINANCIAL,hard_synthetic_v2
fuel burn above baseline (meron t.),PROJECT_RESOURCE,hard_synthetic_v2
T17961: budget line edit on Site 3 (Yonas G.),FINANCIAL,hard_synthetic_v2
contractor import replaced values (Lidya W.),DATA_INTEGRITY,hard_synthetic_v2
rebar over-ordered 7% block A,PROJECT_RESOURCE,hard_synthetic_v2
2025-11-19 approved MS edited after acceptance (Henok T.),REPORT_DOCUMENT,hard_synthetic_v2
file shared to client@own.org by Helen | per site instruction,REPORT_DOCUMENT,hard_synthetic_v2
rebar over-ordered 42% block c,PROJECT_RESOURCE,hard_synthetic_v2
mass status edit (219 tasks) by tigist,USER_ACTIVITY,hard_synthetic_v2
flagged item odd hour log-in by,SECURITY,hard_synthetic_v2
Sara B. changed IP during session,SECURITY,hard_synthetic_v2
T67134: material overuse logged on Adama IP,PROJECT_RESOURCE,hard_synthetic_v2
T12554: material overuse logged on DD Warehouse | temporary entry,PROJECT_RESOURCE,hard_synthetic_v2
"payment of etb 345,000 approved by mesfin",FINANCIAL,hard_synthetic_v2
urgent - env spill report delayed (Helen),COMPLIANCE,hard_synthetic_v2
T15510: material overuse logged on Adama IP,PROJECT_RESOURCE,hard_synthetic_v2
hold point skipped on foundation (Biruk M.),SECURITY,hard_synthetic_v2
2026-05-10 access concern,COMPLIANCE,hard_synthetic_v2
full cost DB exported by Abebe K. (check),REPORT_DOCUMENT,hard_synthetic_v2
2026-03-19 toolbox talk sheet missing (Henok T.),COMPLIANCE,hard_synthetic_v2
"check Solomon A. activity cash advance ETB 194,000",FINANCIAL,hard_synthetic_v2
check Meron T. activity hold point skipped on,COMPLIANCE,hard_synthetic_v2
mass status edit (13 tasks) by solomon a. (check),USER_ACTIVITY,hard_synthetic_v2
2025-05-19 old spec rev deleted (abebe k.),REPORT_DOCUMENT,hard_synthetic_v2
approval bypassed on wo-677 by solomon a.,COMPLIANCE,hard_synthetic_v2
ppe violation noted for crew of mesfin - please confirm,COMPLIANCE,hard_synthetic_v2
contractor review score 28/100 by Tigist,PROJECT_RESOURCE,hard_synthetic_v2
T17978: permit submitted after work started (Mesfin),COMPLIANCE,hard_synthetic_v2
T40215: measurement sheet deleted (Dawit H.),DATA_INTEGRITY,hard_synthetic_v2
access concern,SECURITY,hard_synthetic_v2
per site instruction - full cost DB exproted by Dawit H.,REPORT_DOCUMENT,hard_synthetic_v2
document export by Meron T.,REPORT_DOCUMENT,hard_synthetic_v2
"noted on site - expense claim ETB 822,000 from Rahel G.",FINANCIAL,hard_synthetic_v2
Sara B. opened finance module (not their role),USER_ACTIVITY,hard_synthetic_v2
method statement still draft but signed (Abebe K.),COMPLIANCE,hard_synthetic_v2
toolbox talk sheet missing (sara b.),COMPLIANCE,hard_synthetic_v2
awaiting confirmation - method statement still draft but signed (Sara B.),COMPLIANCE,hard_synthetic_v2
PPE violation noted for crew of Samuel,COMPLIANCE,hard_synthetic_v2
large payment released without second sign-off (Samuel),FINANCIAL,hard_synthetic_v2
T64147: please check - duplicate invoice #4087 entered,FINANCIAL,hard_synthetic_v2
Tigist opened finance module (not their role),USER_ACTIVITY,hard_synthetic_v2
drawing pack uploaded by Meron T.,REPORT_DOCUMENT,hard_synthetic_v2
unauth access attempt by Henok T.,SECURITY,hard_synthetic_v2
milestone 'facade' delayed (yonas g.) - ezih,PROJECT_RESOURCE,hard_synthetic_v2
noted on site - password reset requested then cancelled (Marta T.),SECURITY,hard_synthetic_v2
"2025-09-18 anomaly noted expense claim etb 482,000",FINANCIAL,hard_synthetic_v2
2026-11-26 report problem,DATA_INTEGRITY,hard_synthetic_v2
session from unknown device (Hanna A.),SECURITY,hard_synthetic_v2
dormant account Sara B. active after 19 months,USER_ACTIVITY,hard_synthetic_v2
as-built ZIP downloaded by Meron T.,REPORT_DOCUMENT,hard_synthetic_v2
commercial rates shared outside (Biruk M.),REPORT_DOCUMENT,hard_synthetic_v2
measurement sheet deleted (Mesfin),DATA_INTEGRITY,hard_synthetic_v2
as-built rev changed after client sign-off (samuel),DATA_INTEGRITY,hard_synthetic_v2
T30166: PPE violation noted for crew of Hanna A.,COMPLIANCE,hard_synthetic_v2
Solomon A. changed IP during session,SECURITY,hard_synthetic_v2
T56241: failed authentication for meron t.,SECURITY,hard_synthetic_v2
T87795: Lidya W. modified contingency on Bole Tower,FINANCIAL,hard_synthetic_v2
2026-08-06 as-built zip downloaded by henok t. - ezih,REPORT_DOCUMENT,hard_synthetic_v2
external data import by Solomon A.,DATA_INTEGRITY,hard_synthetic_v2
generator hours high vs plan (Rahel G.),PROJECT_RESOURCE,hard_synthetic_v2
env spill report delayed (biruk m.),COMPLIANCE,hard_synthetic_v2
"cash advance ETB 584,000 logged by Kidus A.",FINANCIAL,hard_synthetic_v2
Bereket D. tried admin console - denied,SECURITY,hard_synthetic_v2
T48070: user list exported by Selam F. after hours,USER_ACTIVITY,hard_synthetic_v2
2025-09-21 material overuse logged on bd hospital,PROJECT_RESOURCE,hard_synthetic_v2
multiple faild logins on Dawit H. account,SECURITY,hard_synthetic_v2
env spill report delayed (Sara B.) | for your action,COMPLIANCE,hard_synthetic_v2
permit submitted after work started (Meron T.),COMPLIANCE,hard_synthetic_v2
2025-09-04 53 edits in under 5 min by Rahel G.,USER_ACTIVITY,hard_synthetic_v2
external share of project file (Hanna A.),DATA_INTEGRITY,hard_synthetic_v2
payment run for Horizon Mat by Mesfin,FINANCIAL,hard_synthetic_v2
T78682: issue with Selam F.,COMPLIANCE,hard_synthetic_v2
T93566: large payment released without second sign-off (Lidya W.),FINANCIAL,hard_synthetic_v2
milestone 'MEP 1st fix' delayed (Samuel),PROJECT_RESOURCE,hard_synthetic_v2
drawing pack uploaded by Getachew | from the meeting,REPORT_DOCUMENT,hard_synthetic_v2
T26471: sensitive salary data viewed by Abebe K. - ezih,USER_ACTIVITY,hard_synthetic_v2
T48348: toolbox talk sheet missing (Abebe K.) | as discussed,COMPLIANCE,hard_synthetic_v2
approved MS edited after acceptance (Hanna A.),REPORT_DOCUMENT,hard_synthetic_v2
odd hour login by Meron T. at 7:00,SECURITY,hard_synthetic_v2
hanna a. modified contingency on alr ext - ezih,FINANCIAL,hard_synthetic_v2
"2026-04-12 payment of etb 72,000 approved by rahel g.",FINANCIAL,hard_synthetic_v2
external data import by Meron T.,USER_ACTIVITY,hard_synthetic_v2
report problem hold point skipped on,COMPLIANCE,hard_synthetic_v2
Samuel tried admin console - denied,DATA_INTEGRITY,hard_synthetic_v2
role misuse flagged for biruk m.,USER_ACTIVITY,hard_synthetic_v2
T59410: user list exported by lidya w. after hours,USER_ACTIVITY,hard_synthetic_v2
policy breach recorded for Rahel G. | per site instruction,COMPLIANCE,hard_synthetic_v2
T18653: qty take-off altered - no co (yonas g.),DATA_INTEGRITY,hard_synthetic_v2
2026-08-04 T29596: invoice #7406 deleted after payment (tigist),FINANCIAL,hard_synthetic_v2
failed authentication for lidya w.,SECURITY,hard_synthetic_v2
dormant account yonas g. active after 10 months,USER_ACTIVITY,hard_synthetic_v2
excavator out 1 days - not returned (Henok T.),PROJECT_RESOURCE,hard_synthetic_v2
T83178: see attachment - unapproved edit to record by Getachew,DATA_INTEGRITY,hard_synthetic_v2
2026-08-03 scaffold parts missing after demob (Tigist),USER_ACTIVITY,hard_synthetic_v2
T65516: user list exported by Dawit H. after hours,USER_ACTIVITY,hard_synthetic_v2
check Rahel G. activity,USER_ACTIVITY,hard_synthetic_v2
getachew tried admin console - denied,SECURITY,hard_synthetic_v2
duplicate supplier invoice #4974,DATA_INTEGRITY,hard_synthetic_v2
dormant account kidus a. active after 20 months,USER_ACTIVITY,hard_synthetic_v2
T31372: invoice #2102 deleted after payment (Kidus A.),FINANCIAL,hard_synthetic_v2
henok t. tried admin console - denied,USER_ACTIVITY,hard_synthetic_v2
approved MS edited after acceptance (Mesfin),REPORT_DOCUMENT,hard_synthetic_v2
2025-11-28 T74904: odd hour log-in by Rahel G. at 8:00,SECURITY,hard_synthetic_v2
"payment of etb 719,000 approved by helen",FINANCIAL,hard_synthetic_v2
odd hour login by Solomon A. at 9:00,SECURITY,hard_synthetic_v2
bugdet increased 44% on BD Hospital by Helen,FINANCIAL,hard_synthetic_v2
T72776: env spill report delayed (Rahel G.) - ezih,COMPLIANCE,hard_synthetic_v2
2025-11-18 site report late by 1 days (Samuel),COMPLIANCE,hard_synthetic_v2
T67572: unapproved edit to record by Dawit H.,DATA_INTEGRITY,hard_synthetic_v2
T89854: engineer Abebe K. tried to approve payment - please confirm,USER_ACTIVITY,hard_synthetic_v2
delivery note DN-237 edited after lock by Solomon .,DATA_INTEGRITY,hard_synthetic_v2
late submission of daily report (dawit h.),COMPLIANCE,hard_synthetic_v2
T43520: budget line edit on Adama IP (Biruk M.),FINANCIAL,hard_synthetic_v2
T63251: mass status edit (86 tasks) by selam f. | awaiting confirmation,USER_ACTIVITY,hard_synthetic_v2
sensitive salary data viewed by Hanna A. - ezih,USER_ACTIVITY,hard_synthetic_v2
contractor import replaced values (tigist) | from the meeting,DATA_INTEGRITY,hard_synthetic_v2
need follow up - delivery note DN-642 edited after lock by Hanna A.,DATA_INTEGRITY,hard_synthetic_v2
drawing pack uploaded by Yonas G. (check),REPORT_DOCUMENT,hard_synthetic_v2
need follow up - late submission of daily report (tigist),COMPLIANCE,hard_synthetic_v2
bulk delete of 187 rows by dawit h.,USER_ACTIVITY,hard_synthetic_v2
please investigate,DATA_INTEGRITY,hard_synthetic_v2
T80977: awaiting confirmation - rebar over-ordered 42% block b,PROJECT_RESOURCE,hard_synthetic_v2
site report late by 9 days (Getachew),COMPLIANCE,hard_synthetic_v2
T35201: external data import by kidus a. | per site instruction,DATA_INTEGRITY,hard_synthetic_v2
fuel burn above baseline (Abebe K.),PROJECT_RESOURCE,hard_synthetic_v2
file shared to sub@con.et by Kidus A.,REPORT_DOCUMENT,hard_synthetic_v2
unauthorized access attempt by Mesfin,SECURITY,hard_synthetic_v2
T86817: qa plan changed post-approval (henok t.),REPORT_DOCUMENT,hard_synthetic_v2
material overuse logged on Hawassa P2,USER_ACTIVITY,hard_synthetic_v2
odd behaviour permission raised for Dawit,SECURITY,hard_synthetic_v2
T88291: geo anomaly: Samuel appeared in two cities same day,SECURITY,hard_synthetic_v2
user list exported by Dawit H. after hours,COMPLIANCE,hard_synthetic_v2
T86920: data issue,DATA_INTEGRITY,hard_synthetic_v2
excavator out 14 days - not returned (getachew),PROJECT_RESOURCE,hard_synthetic_v2
2026-07-16 T39709: late submission of daily report (Biruk M.),COMPLIANCE,hard_synthetic_v2
2026-01-25 T69384: full cost db exported by mesfin,REPORT_DOCUMENT,hard_synthetic_v2
"expense claim ETB 911,000 from Lidya W.",FINANCIAL,hard_synthetic_v2
from the meeting - engineer Selam F. tried to approve payment,USER_ACTIVITY,hard_synthetic_v2
T91227: Kidus A. log-in failed from 197.243.55.247,SECURITY,hard_synthetic_v2
unauthorized access attempt by dawit h.,SECURITY,hard_synthetic_v2
"T61300: expense claim ETB 166,000 from Lidya W.",FINANCIAL,hard_synthetic_v2
please check - cement overuse 43% on ALR Ext (Helen) - please confirm,PROJECT_RESOURCE,hard_synthetic_v2
2026-09-27 T90853: anomaly noted fuel burn above baseline,PROJECT_RESOURCE,hard_synthetic_v2
contract PDF mailed externally (Meron T.),USER_ACTIVITY,hard_synthetic_v2
as discussed - sensitive salary data viewed by kidus a.,USER_ACTIVITY,hard_synthetic_v2
duplicate invoice #2802 entered | temporary entry - please confirm,FINANCIAL,hard_synthetic_v2
site report late by 12 days (Lidya W.),COMPLIANCE,hard_synthetic_v2
dormant account samuel active after 13 months,USER_ACTIVITY,hard_synthetic_v2
cement overuse 37% on site 3 (henok t.),PROJECT_RESOURCE,hard_synthetic_v2
large payment released without second sign-off (samuel),FINANCIAL,hard_synthetic_v2
permit submitted after work started (marta t.),COMPLIANCE,hard_synthetic_v2
document export by bereket d. | need follow up,REPORT_DOCUMENT,hard_synthetic_v2
measurement sheet deleted (Marta T.),DATA_INTEGRITY,hard_synthetic_v2
geo anomaly: Marta T. appeared in two cities same day,SECURITY,hard_synthetic_v2
2025-02-13 T34030: unapproved edit to record by biruk m. - site lay,DATA_INTEGRITY,hard_synthetic_v2
user list exported by Marta T. after hours,USER_ACTIVITY,hard_synthetic_v2
2025-12-02 milestone 'foundation' delayed (tigist),PROJECT_RESOURCE,hard_synthetic_v2
unauthorized access attempt by yonas g.,SECURITY,hard_synthetic_v2
document export by selam f.,REPORT_DOCUMENT,hard_synthetic_v2
T53049: approved MS edited after acceptance (Solomon A.) - site lay,REPORT_DOCUMENT,hard_synthetic_v2
bulk reassign 8 tasks - no comment (Lidya W.),USER_ACTIVITY,hard_synthetic_v2
checklist incomplete for pour #18,COMPLIANCE,hard_synthetic_v2
2025-03-22 hold point skipped on foundation (dawit h.),COMPLIANCE,hard_synthetic_v2
T99793: unauthorized access attempt by Yonas G.,SECURITY,hard_synthetic_v2
PPE violation noted for crew of Helen,COMPLIANCE,hard_synthetic_v2
material overuse logged on Adama IP,PROJECT_RESOURCE,hard_synthetic_v2
solomon a. changed ip during session,SECURITY,hard_synthetic_v2
cement overuse 6% on DD Warehouse (Bereket D.) - ezih,PROJECT_RESOURCE,hard_synthetic_v2
NCR closed without QM signature (Selam F.),COMPLIANCE,hard_synthetic_v2
2025-04-25 please check - bugdet increased 36% on BD Hospital by Rahel G.,FINANCIAL,hard_synthetic_v2
Abebe K. changed IP during session,SECURITY,hard_synthetic_v2
T58686: hold point skipped on foundation (Samuel) | need follow up,COMPLIANCE,hard_synthetic_v2
hold point skipped on foundation (Henok T.),COMPLIANCE,hard_synthetic_v2
T53967: duplicate supplier invoice #1163,DATA_INTEGRITY,hard_synthetic_v2
T12689: attendance history row removed by Dawit H.,DATA_INTEGRITY,hard_synthetic_v2
repeated open of restricted folder by Meron T. - site lay,USER_ACTIVITY,hard_synthetic_v2
2026-10-05 qty take-off altered - no CO (Lidya W.),DATA_INTEGRITY,hard_synthetic_v2
T57728: bulk delete of 118 rows by Marta T.,USER_ACTIVITY,hard_synthetic_v2
noted on site - material overuse logged on alr ext,PROJECT_RESOURCE,hard_synthetic_v2
drawing pack uploaded by Meron T.,REPORT_DOCUMENT,hard_synthetic_v2
2026-09-08 T65144: cement overuse 47% on Site 3 (Biruk M.),PROJECT_RESOURCE,hard_synthetic_v2
material overuse logged on BD Hospital - site lay,PROJECT_RESOURCE,hard_synthetic_v2
need follow up - generator hours high vs plan (helen),PROJECT_RESOURCE,hard_synthetic_v2
attendance history row removed by Solomon A.,DATA_INTEGRITY,hard_synthetic_v2
2025-02-19 duplicate supplier invioce #7174,DATA_INTEGRITY,hard_synthetic_v2
invoice #4797 deleted after payment (Selam F.),FINANCIAL,hard_synthetic_v2
T85205: permission raised for Hanna A. without aproval,SECURITY,hard_synthetic_v2
T13618: dormant account Meron T. active after 9 months,USER_ACTIVITY,hard_synthetic_v2
unusual activity volume by Solomon A.,USER_ACTIVITY,hard_synthetic_v2
2025-07-15 external data import by Mesfin,DATA_INTEGRITY,hard_synthetic_v2
T83107: checklist incomplete for pour #6,COMPLIANCE,hard_synthetic_v2
T18396: permission raised for abebe k. without approval,SECURITY,hard_synthetic_v2
rebar over-ordered 36% block c | temporary entry,PROJECT_RESOURCE,hard_synthetic_v2
approved MS edited after acceptance (Hanna A.),REPORT_DOCUMENT,hard_synthetic_v2
contract PDF mailed externally (Tigist),REPORT_DOCUMENT,hard_synthetic_v2
milestone 'finishes' delayed (Rahel G.),PROJECT_RESOURCE,hard_synthetic_v2
problem on hawassa p2,SECURITY,hard_synthetic_v2
structure slipped 14 days (Getachew),PROJECT_RESOURCE,hard_synthetic_v2
late submission of daily report (selam f.),COMPLIANCE,hard_synthetic_v2
dormant account helen active after 18 months,USER_ACTIVITY,hard_synthetic_v2
T65773: multiple faild log-ins on Selam F. account,USER_ACTIVITY,hard_synthetic_v2
53 edits in under 5 min by Solomon A.,USER_ACTIVITY,hard_synthetic_v2
method statement still draft but signed (hanna a.),COMPLIANCE,hard_synthetic_v2
please investigate,COMPLIANCE,hard_synthetic_v2
bugdet line edit on alr ext (sara b.),FINANCIAL,hard_synthetic_v2
budget increased 16% on Hawassa P2 by Solomon A.,FINANCIAL,hard_synthetic_v2
2025-02-15 please check - ncr closed without qm signature (lidya w.),COMPLIANCE,hard_synthetic_v2
large payment released without second sign-off (Meron T.),SECURITY,hard_synthetic_v2
material overuse logged on BD Hospital,PROJECT_RESOURCE,hard_synthetic_v2
rebar over-ordered 22% block D,PROJECT_RESOURCE,hard_synthetic_v2
generator hours high vs plan (kidus a.),PROJECT_RESOURCE,hard_synthetic_v2
T49433: report problem budget increased 27% on,FINANCIAL,hard_synthetic_v2
flagged item (check),REPORT_DOCUMENT,hard_synthetic_v2
session from unknown device (Hanna A.),SECURITY,hard_synthetic_v2
cement overuse 21% on DD Warehouse (Mesfin),PROJECT_RESOURCE,hard_synthetic_v2
excavator out 9 days - not returned (Sara B.),PROJECT_RESOURCE,hard_synthetic_v2
NCR closed without QM signature (Abebe K.),COMPLIANCE,hard_synthetic_v2
Kidus A. login failed from 197.223.91.11,SECURITY,hard_synthetic_v2
bulk reassign 188 tasks - no comment (samuel),USER_ACTIVITY,hard_synthetic_v2
T16558: geo anomaly: Rahel G. appeared in two cities same day,USER_ACTIVITY,hard_synthetic_v2
subcon Ethio Steel NCR list updated by Getachew,PROJECT_RESOURCE,hard_synthetic_v2
anomaly noted external share of project,REPORT_DOCUMENT,hard_synthetic_v2
generator hours high vs plan (abebe k.),PROJECT_RESOURCE,hard_synthetic_v2
unusual activity volume by Rahel G.,USER_ACTIVITY,hard_synthetic_v2
unusual activity volume by Mesfin,USER_ACTIVITY,hard_synthetic_v2
full cost DB exproted by Dawit H.,REPORT_DOCUMENT,hard_synthetic_v2
T55156: material overuse logged on hawassa p2,PROJECT_RESOURCE,hard_synthetic_v2
geo anomaly: Henok T. appeared in two cities same day,SECURITY,hard_synthetic_v2
rebar over-ordered 40% block C,PROJECT_RESOURCE,hard_synthetic_v2
invoice #5529 created by Kidus A. - site lay,FINANCIAL,hard_synthetic_v2
generator hours high vs plan (samuel),PROJECT_RESOURCE,hard_synthetic_v2
44 edits in under 5 min by Henok T.,USER_ACTIVITY,hard_synthetic_v2
2026-11-05 please check - odd hour login by Rahel G. at 13:00,SECURITY,hard_synthetic_v2
temporary entry - contractor import replaced values (Solomon A.),DATA_INTEGRITY,hard_synthetic_v2
odd hour login by tigist at 4:00,FINANCIAL,hard_synthetic_v2
T46162: Helen modified contingency on Adama IP - site lay,FINANCIAL,hard_synthetic_v2
2025-10-01 site report late by 12 days (Rahel G.),COMPLIANCE,hard_synthetic_v2
unusual activity volume by Yonas G.,USER_ACTIVITY,hard_synthetic_v2
material overuse logged on Hawassa P2 | from meeting,PROJECT_RESOURCE,hard_synthetic_v2
2025-10-05 hold point skipped on foundation (hanna a.),COMPLIANCE,hard_synthetic_v2
T54486: env spill report delayed (Getachew),COMPLIANCE,hard_synthetic_v2
unauthorized access attempt by Rahel G. - please confirm,SECURITY,hard_synthetic_v2
188 edits in under 5 min by Henok T.,USER_ACTIVITY,hard_synthetic_v2
cement overuse 24% on bole tower (yonas g.),PROJECT_RESOURCE,hard_synthetic_v2
unauthorized access attempt by abebe k.,SECURITY,hard_synthetic_v2
sensitive salary data viewed by solomon .,USER_ACTIVITY,hard_synthetic_v2
mass status edit (133 tasks) by sara b.,USER_ACTIVITY,hard_synthetic_v2
approval bypassed on WO-566 by Kidus A. (check),USER_ACTIVITY,hard_synthetic_v2
unapproved edit to record by helen,PROJECT_RESOURCE,hard_synthetic_v2
qa plan changed post-approval (meron t.),REPORT_DOCUMENT,hard_synthetic_v2
permit submitted after work started (Henok T.),COMPLIANCE,hard_synthetic_v2
2026-03-04 T71464: commercial rates shared outside (Solomon A.) - ezih,REPORT_DOCUMENT,hard_synthetic_v2
session from unknown device (hanna a.),SECURITY,hard_synthetic_v2
T69667: role misuse flagged for Samuel,USER_ACTIVITY,hard_synthetic_v2
T92299: needs review,REPORT_DOCUMENT,hard_synthetic_v2
anomaly noted,FINANCIAL,hard_synthetic_v2
2025-12-23 as-built ZIP downloaded by Yonas G.,REPORT_DOCUMENT,hard_synthetic_v2
late submission of daily reprot (Getachew),COMPLIANCE,hard_synthetic_v2
2026-07-22 problem on DD Warehouse,COMPLIANCE,hard_synthetic_v2
delivery note dn-324 edited after lock by solomon a.,DATA_INTEGRITY,hard_synthetic_v2
material overuse logged on alr ext | need follow up,PROJECT_RESOURCE,hard_synthetic_v2
odd behaviour,DATA_INTEGRITY,hard_synthetic_v2
approval bypassed on WO-800 by Selam F.,COMPLIANCE,hard_synthetic_v2
2025-06-20 env spill reprot delayed (Hanna A.),COMPLIANCE,hard_synthetic_v2
issue with Helen,SECURITY,hard_synthetic_v2
Hanna A. login faild from 197.46.169.209,SECURITY,hard_synthetic_v2
scaffold parts missing after demob (Yonas G.),PROJECT_RESOURCE,hard_synthetic_v2
2026-06-22 contractor review score 95/100 by Kidus A.,PROJECT_RESOURCE,hard_synthetic_v2
unauthorized access attempt by Kidus A.,PROJECT_RESOURCE,hard_synthetic_v2
NCR closed without QM signature (Marta T.) - ezih,COMPLIANCE,hard_synthetic_v2
T65279: issue with Hanna A.,COMPLIANCE,hard_synthetic_v2
sensitive salary data viewed by kidus a.,USER_ACTIVITY,hard_synthetic_v2
bulk reassign 200 tasks - no comment (meron t.),USER_ACTIVITY,hard_synthetic_v2
T69599: env spill report delayed (Abebe K.) | from the meeting,COMPLIANCE,hard_synthetic_v2
rebar over-ordered 40% block C,PROJECT_RESOURCE,hard_synthetic_v2
T13791: from the meeting - sara b. login failed from 197.110.219.235 - please confirm,SECURITY,hard_synthetic_v2
T74267: needs review contractor import replaced values,DATA_INTEGRITY,hard_synthetic_v2
flagged item contractor import replaced values,DATA_INTEGRITY,hard_synthetic_v2
Dawit H. changed IP during session,SECURITY,hard_synthetic_v2
QA plan changed post-aproval (Henok T.),REPORT_DOCUMENT,hard_synthetic_v2
issue with selam f.,USER_ACTIVITY,hard_synthetic_v2
T70081: document export by Rahel G.,REPORT_DOCUMENT,hard_synthetic_v2
mass status edit (185 tasks) by Yonas G.,USER_ACTIVITY,hard_synthetic_v2
large paymant released without second sign-off (getachew),FINANCIAL,hard_synthetic_v2
T23729: ncr closed without qm signature (lidya w.),COMPLIANCE,hard_synthetic_v2
bulk delete of 59 rows by Solomon A.,USER_ACTIVITY,hard_synthetic_v2
generator hours high vs plan (hanna a.),PROJECT_RESOURCE,hard_synthetic_v2
2025-10-28 test results changed without approval (Getachew),DATA_INTEGRITY,hard_synthetic_v2
CSV import overwrote approved qty (Hanna A.),DATA_INTEGRITY,hard_synthetic_v2
T59346: geo anomaly: Selam F. appeared in two cities same day,SECURITY,hard_synthetic_v2
payment run for Horizon Mat by Getachew,SECURITY,hard_synthetic_v2
T78585: progress report generated for Hawassa P2 (Tigist),REPORT_DOCUMENT,hard_synthetic_v2
CSV import overwrote approved qty (Getachew) - site lay,DATA_INTEGRITY,hard_synthetic_v2
geo anomaly: Biruk M. appeared in two cities same day,SECURITY,hard_synthetic_v2
fuel burn above baseline (selam f.),PROJECT_RESOURCE,hard_synthetic_v2
urgent - subcon Nile Const NCR list updated by Henok T.,PROJECT_RESOURCE,hard_synthetic_v2
aproval bypassed on WO-331 by Henok T.,COMPLIANCE,hard_synthetic_v2
password reset requested then cancelled (Kidus A.) | from the meeting,SECURITY,hard_synthetic_v2
rebar over-ordered 15% block A,PROJECT_RESOURCE,hard_synthetic_v2
geo anomaly: helen appeared in two cities same day,SECURITY,hard_synthetic_v2
external data import by Yonas G.,DATA_INTEGRITY,hard_synthetic_v2
multiple failed logins on henok t. account - site lay,SECURITY,hard_synthetic_v2
"T69299: cash advance ETB 284,000 logged by Getachew",FINANCIAL,hard_synthetic_v2
T19468: suspicious log-in pattern detected (samuel) - please confirm,SECURITY,hard_synthetic_v2
toolbox talk sheet missing (Marta T.),COMPLIANCE,hard_synthetic_v2
milestone 'mep 1st fix' delayed (kidus a.) - ezih,PROJECT_RESOURCE,hard_synthetic_v2
noted on site - Tigist opened finance module (not their role),USER_ACTIVITY,hard_synthetic_v2
PPE violation noted for crew of Sara B.,REPORT_DOCUMENT,hard_synthetic_v2
cost code changed on PO by Henok T.,FINANCIAL,hard_synthetic_v2
method statement still draft but signed (Bereket D.),COMPLIANCE,hard_synthetic_v2
material overuse logged on Site 3 | please check,PROJECT_RESOURCE,hard_synthetic_v2
174 edits in under 5 min by henok t.,USER_ACTIVITY,hard_synthetic_v2
user list exported by Hanna A. after hours,USER_ACTIVITY,hard_synthetic_v2
sensitive salary data viewed by Henok T.,USER_ACTIVITY,hard_synthetic_v2
T24525: approval bypassed on wo-453 by samuel | as discussed,COMPLIANCE,hard_synthetic_v2
csv import overwrote approved qty (meron t.),DATA_INTEGRITY,hard_synthetic_v2
T79485: access concern toolbox talk sheet missing,COMPLIANCE,hard_synthetic_v2
equipment checkout overdue (Rahel G.),PROJECT_RESOURCE,hard_synthetic_v2
check yonas g. activity,SECURITY,hard_synthetic_v2
unusual activity volume by Bereket D.,USER_ACTIVITY,hard_synthetic_v2
as-built rev changed after client sign-off (samuel),FINANCIAL,hard_synthetic_v2
2026-02-17 bulk delete of 48 rows by Selam F.,USER_ACTIVITY,hard_synthetic_v2
T25508: Yonas G. login failed from 197.12.45.129,SECURITY,hard_synthetic_v2
CSV import overwrote approved qty (Rahel G.),DATA_INTEGRITY,hard_synthetic_v2
doc export by samuel,REPORT_DOCUMENT,hard_synthetic_v2
repeated open of restricted folder by meron t.,USER_ACTIVITY,hard_synthetic_v2
suspicious login pattern detected (Sara B.),SECURITY,hard_synthetic_v2
issue with marta t.,REPORT_DOCUMENT,hard_synthetic_v2
2026-01-23 T23284: from the meeting - external data import by Kidus A. - site lay,DATA_INTEGRITY,hard_synthetic_v2
session from unknown device (meron t.),SECURITY,hard_synthetic_v2
file shared to client@own.org by tigist,REPORT_DOCUMENT,hard_synthetic_v2
T65885: Selam F. opened finance module (not their role),USER_ACTIVITY,hard_synthetic_v2
env spill report delayed (Biruk M.),COMPLIANCE,hard_synthetic_v2
flagged item,REPORT_DOCUMENT,hard_synthetic_v2
csv import overwrote approved qty (kidus a.),FINANCIAL,hard_synthetic_v2
T66082: full cost DB exported by Solomon A.,REPORT_DOCUMENT,hard_synthetic_v2
contractor import replaced values (Bereket D.),DATA_INTEGRITY,hard_synthetic_v2
subcon horizon mat ncr list updated by lidya w.,PROJECT_RESOURCE,hard_synthetic_v2
T79659: bulk reassign 218 tasks - no comment (Tigist),SECURITY,hard_synthetic_v2
T17628: unusual activity volume by Henok T.,USER_ACTIVITY,hard_synthetic_v2
meron t. opened finance module (not their role),USER_ACTIVITY,hard_synthetic_v2
T23748: bulk delete of 151 rows by marta t.,USER_ACTIVITY,hard_synthetic_v2
T52116: material overuse logged on BD Hospital,PROJECT_RESOURCE,hard_synthetic_v2
"problem on ALR Ext payment of ETB 147,000",FINANCIAL,hard_synthetic_v2
aproval bypassed on WO-113 by Mesfin,COMPLIANCE,hard_synthetic_v2
2025-11-01 contractor import replaced values (sara b.),DATA_INTEGRITY,hard_synthetic_v2
anomaly noted full cost DB exported,REPORT_DOCUMENT,hard_synthetic_v2
attendance history row removed by Hanna A.,DATA_INTEGRITY,hard_synthetic_v2
sara b. changed ip during session - site lay,SECURITY,hard_synthetic_v2
ncr closed without qm signature (abebe k.),COMPLIANCE,hard_synthetic_v2
mass status edit (90 tasks) by biruk m.,USER_ACTIVITY,hard_synthetic_v2
qty take-off altered - no co (solomon a.),DATA_INTEGRITY,hard_synthetic_v2
2025-10-02 Henok T. tried admin console - denied,SECURITY,hard_synthetic_v2
T75462: late submission of daily report (Kidus A.),COMPLIANCE,hard_synthetic_v2
odd behaviour as-built rev changed after,DATA_INTEGRITY,hard_synthetic_v2
attendance history row removed by Tigist,DATA_INTEGRITY,hard_synthetic_v2
odd behaviour file shared to partner@ext.com,REPORT_DOCUMENT,hard_synthetic_v2
"cash advance etb 811,000 logged by lidya w.",FINANCIAL,hard_synthetic_v2
unauthorized access attempt by Henok T.,SECURITY,hard_synthetic_v2
unusual activity volume by Lidya W.,USER_ACTIVITY,hard_synthetic_v2
user list exproted by Yonas G. after hours,USER_ACTIVITY,hard_synthetic_v2
needs review hold point skipped on,COMPLIANCE,hard_synthetic_v2
"T69541: check meron t. activity expense claim etb 647,000 - please confirm",FINANCIAL,hard_synthetic_v2
approval bypassed on WO-344 by Hanna A.,COMPLIANCE,hard_synthetic_v2
contract PDF mailed externally (Helen),REPORT_DOCUMENT,hard_synthetic_v2
"expense claim ETB 10,000 from Yonas G.",FINANCIAL,hard_synthetic_v2
unauthorized access attempt by mesfin,SECURITY,hard_synthetic_v2
2025-03-09 need follow up - engineer mesfin tried to approve payment,USER_ACTIVITY,hard_synthetic_v2
tigist changed ip during session,SECURITY,hard_synthetic_v2
budget line edit on bole tower (tigist) - site lay,FINANCIAL,hard_synthetic_v2
unauthorized access attempt by Bereket D.,SECURITY,hard_synthetic_v2
as-built rev changed after client sign-off (Meron T.),DATA_INTEGRITY,hard_synthetic_v2
T43523: approved ms edited after acceptance (selam f.),REPORT_DOCUMENT,hard_synthetic_v2
invoice #3736 created by dawit h.,FINANCIAL,hard_synthetic_v2
structure slipped 14 days (Selam F.),PROJECT_RESOURCE,hard_synthetic_v2
policy breach recorded for Marta T.,COMPLIANCE,hard_synthetic_v2
"awaiting confirmation - payment of ETB 13,000 approved by Lidya W.",FINANCIAL,hard_synthetic_v2
T90346: issue with kidus a. ncr closed without qm,COMPLIANCE,hard_synthetic_v2
2026-04-09 odd hour login by Yonas G. at 9:00 - please confirm,SECURITY,hard_synthetic_v2
unusual activity volume by Mesfin,USER_ACTIVITY,hard_synthetic_v2
external share of project file (Helen),REPORT_DOCUMENT,hard_synthetic_v2
2026-10-01 odd hour log-in by Hanna A. at 16:00,SECURITY,hard_synthetic_v2
T41766: per site instruction - drawing pack uploaded by Henok T.,REPORT_DOCUMENT,hard_synthetic_v2
T16665: for your action - unauthorized access attempt by kidus a.,SECURITY,hard_synthetic_v2
external share of project file (Biruk M.),REPORT_DOCUMENT,hard_synthetic_v2
2025-02-21 contract pdf mailed externally (abebe k.),REPORT_DOCUMENT,hard_synthetic_v2
T79370: permit submitted after work started (Marta T.),COMPLIANCE,hard_synthetic_v2
invoice #3472 created by solomon a.,FINANCIAL,hard_synthetic_v2
T87164: qty take-off altered - no co (meron t.) (check),DATA_INTEGRITY,hard_synthetic_v2
file shared to client@own.org by Sara B.,REPORT_DOCUMENT,hard_synthetic_v2
temporary entry - scaffold parts missing after demob (samuel),PROJECT_RESOURCE,hard_synthetic_v2
cost code changed on PO by Meron T. - please confirm,USER_ACTIVITY,hard_synthetic_v2
as-built rev changed after client sign-off (solomon a.),DATA_INTEGRITY,hard_synthetic_v2
odd behaviour structure slipped 1 days,PROJECT_RESOURCE,hard_synthetic_v2
T37682: commercial rates shared outside (selam f.),REPORT_DOCUMENT,hard_synthetic_v2
2026-11-02 duplicate invoice #7173 entered,FINANCIAL,hard_synthetic_v2
excavator out 11 days - not returned (Sara B.),PROJECT_RESOURCE,hard_synthetic_v2
T55850: toolbox talk sheet missing (tigist),COMPLIANCE,hard_synthetic_v2
T63472: contract pdf mailed externally (hanna a.),REPORT_DOCUMENT,hard_synthetic_v2
PPE violation noted for crew of Mesfin,COMPLIANCE,hard_synthetic_v2
2026-10-26 drawing pack uploaded by bereket d.,REPORT_DOCUMENT,hard_synthetic_v2
sensitive salary data viewed by marta t.,USER_ACTIVITY,hard_synthetic_v2
as-built rev changed after client sign-off (Henok T.) | awaiting confirmation,DATA_INTEGRITY,hard_synthetic_v2
rebar over-ordered 41% block D,PROJECT_RESOURCE,hard_synthetic_v2
method statement still draft but signed (getachew),COMPLIANCE,hard_synthetic_v2
flagged item,USER_ACTIVITY,hard_synthetic_v2
delivery note DN-632 edited after lock by Bereket D.,DATA_INTEGRITY,hard_synthetic_v2
2026-12-17 approved MS edited after acceptance (Hanna .),REPORT_DOCUMENT,hard_synthetic_v2
2025-03-02 T74625: certificate PDF swapped by Meron T.,DATA_INTEGRITY,hard_synthetic_v2
reprot problem invoice #7708 deleted after,FINANCIAL,hard_synthetic_v2
T69603: qty take-off altered - no CO (Tigist),DATA_INTEGRITY,hard_synthetic_v2
marta t. tried admin console - denied,SECURITY,hard_synthetic_v2
suspicious login pattern detected (biruk m.),SECURITY,hard_synthetic_v2
duplicate supplier invoice #1185 - please confirm,DATA_INTEGRITY,hard_synthetic_v2
T91566: odd hour login by tigist at 18:00,SECURITY,hard_synthetic_v2
test results changed without aproval (helen) | see attachment - please confirm,DATA_INTEGRITY,hard_synthetic_v2
permit submitted after work started (Yonas G.),COMPLIANCE,hard_synthetic_v2
problem on Bole Tower contractor import replaced values,DATA_INTEGRITY,hard_synthetic_v2
repeated open of restricted folder by Sara B. - please confirm,USER_ACTIVITY,hard_synthetic_v2
T63955: NCR closed without QM signature (Abebe K.),COMPLIANCE,hard_synthetic_v2
certificate PDF swapped by Samuel,DATA_INTEGRITY,hard_synthetic_v2
method statement still draft but signed (Meron T.),COMPLIANCE,hard_synthetic_v2
approved MS edited after acceptance (Marta T.),FINANCIAL,hard_synthetic_v2
2026-08-28 milestone 'facade' delayed (Selam F.),PROJECT_RESOURCE,hard_synthetic_v2
toolbox talk sheet missing (Rahel G.),REPORT_DOCUMENT,hard_synthetic_v2
password reset requested then cancelled (Biruk M.),REPORT_DOCUMENT,hard_synthetic_v2
milestone 'topped out' delayed (Mesfin),COMPLIANCE,hard_synthetic_v2
sara b. modified contingency on site 3,FINANCIAL,hard_synthetic_v2
2026-03-17 problem on BD Hospital,COMPLIANCE,hard_synthetic_v2
odd behaviour,PROJECT_RESOURCE,hard_synthetic_v2
invoice #6579 created by helen,PROJECT_RESOURCE,hard_synthetic_v2
2025-03-07 issue with marta t.,FINANCIAL,hard_synthetic_v2
"expense claim ETB 559,000 from Meron T. - please confirm",FINANCIAL,hard_synthetic_v2
T42805: unauthorized access attempt by lidya w.,SECURITY,hard_synthetic_v2
T60355: noted on site - invioce #2140 created by biruk m.,FINANCIAL,hard_synthetic_v2
file shared to partner@ext.com by Rahel G.,REPORT_DOCUMENT,hard_synthetic_v2
2026-06-02 old spec rev deleted (Dawit H.),REPORT_DOCUMENT,hard_synthetic_v2
2025-07-17 approval bypassed on WO-184 by Bereket D.,COMPLIANCE,hard_synthetic_v2
2026-12-14 ppe violation noted for crew of rahel g. | as discussed,COMPLIANCE,hard_synthetic_v2
2025-08-26 dormant account Samuel active after 8 months,USER_ACTIVITY,hard_synthetic_v2
full cost DB exported by Sara B. - please confirm,REPORT_DOCUMENT,hard_synthetic_v2
unauthorized access attempt by Henok T.,SECURITY,hard_synthetic_v2
T53023: attendance history row removed by rahel g.,DATA_INTEGRITY,hard_synthetic_v2
T90386: site reprot late by 2 days (Biruk M.),COMPLIANCE,hard_synthetic_v2
scaffold parts missing after demob (getachew),PROJECT_RESOURCE,hard_synthetic_v2
dormant account bereket d. active after 8 months,USER_ACTIVITY,hard_synthetic_v2
cost code changed on PO by Samuel,FINANCIAL,hard_synthetic_v2
data issue,REPORT_DOCUMENT,hard_synthetic_v2
material overuse logged on BD Hospital - site lay,PROJECT_RESOURCE,hard_synthetic_v2
session from unknown device (getachew),COMPLIANCE,hard_synthetic_v2
T40779: contractor review score 53/100 by Rahel G.,PROJECT_RESOURCE,hard_synthetic_v2
attendance history row removed by Henok T.,DATA_INTEGRITY,hard_synthetic_v2
budget line edit on Hawassa P2 (Tigist),FINANCIAL,hard_synthetic_v2
sensitive salary data viewed by dawit h. | per site instruction,USER_ACTIVITY,hard_synthetic_v2
T46223: access concern,SECURITY,hard_synthetic_v2
2025-05-09 permit submitted after work started (Yonas G.),COMPLIANCE,hard_synthetic_v2
T47050: odd hour log-in by kidus a. at 2:00,DATA_INTEGRITY,hard_synthetic_v2
drawing pack uploaded by Kidus A.,REPORT_DOCUMENT,hard_synthetic_v2
scaffold parts missing after demob (Samuel),PROJECT_RESOURCE,hard_synthetic_v2
"cash advance ETB 907,000 logged by Lidya W.",FINANCIAL,hard_synthetic_v2
2025-04-21 problem on DD Warehouse password reset requested then,SECURITY,hard_synthetic_v2
2025-11-24 T78760: invoice #3506 created by rahel g.,FINANCIAL,hard_synthetic_v2
external data import by Solomon .,REPORT_DOCUMENT,hard_synthetic_v2
payment run for Abyssinia Hire by Yonas G. | see attachment,FINANCIAL,hard_synthetic_v2
drawing pack uploaded by helen,REPORT_DOCUMENT,hard_synthetic_v2
bulk delete of 76 rows by mesfin,USER_ACTIVITY,hard_synthetic_v2
2025-04-22 please investigate ppe violation noted for,COMPLIANCE,hard_synthetic_v2
external data import by henok t.,DATA_INTEGRITY,hard_synthetic_v2
qty take-off altered - no co (samuel),DATA_INTEGRITY,hard_synthetic_v2
flagged item unusual activity volume by,USER_ACTIVITY,hard_synthetic_v2
T29445: engineer Hanna A. tried to approve payment | awaiting confirmation,USER_ACTIVITY,hard_synthetic_v2
T22489: duplicate invoice #6812 entered,FINANCIAL,hard_synthetic_v2
Tigist modified contingency on DD Warehouse,FINANCIAL,hard_synthetic_v2
2025-05-23 engineer Selam F. tried to approve payment,USER_ACTIVITY,hard_synthetic_v2
Selam F. changed IP during session,SECURITY,hard_synthetic_v2
odd behaviour,COMPLIANCE,hard_synthetic_v2
2026-08-02 need follow up - rebar over-ordered 7% block A,PROJECT_RESOURCE,hard_synthetic_v2
scaffold parts missing after demob (rahel g.) (check),PROJECT_RESOURCE,hard_synthetic_v2
unauth access attempt by Meron T.,SECURITY,hard_synthetic_v2
payment run for horizon mat by helen,FINANCIAL,hard_synthetic_v2
suspicious login pattern detected (helen),SECURITY,hard_synthetic_v2
Sara B. opened finance module (not their role),USER_ACTIVITY,hard_synthetic_v2
2025-09-05 milestone 'MEP 1st fix' delayed (Lidya W.),DATA_INTEGRITY,hard_synthetic_v2
multiple failed log-ins on Marta T. account,SECURITY,hard_synthetic_v2
2025-06-05 attendance history row removed by yonas g.,DATA_INTEGRITY,hard_synthetic_v2
odd hour login by henok t. at 7:00,SECURITY,hard_synthetic_v2
2025-07-21 env spill report delayed (solomon a.),FINANCIAL,hard_synthetic_v2
2026-03-25 fuel burn above baseline (Rahel G.),PROJECT_RESOURCE,hard_synthetic_v2
payment run for Horizon Mat by Getachew,FINANCIAL,hard_synthetic_v2
2025-10-15 problem on alr ext full cost db exported,REPORT_DOCUMENT,hard_synthetic_v2
T13879: Tigist login failed from 197.42.25.181,SECURITY,hard_synthetic_v2
material overuse logged on DD Warehouse,PROJECT_RESOURCE,hard_synthetic_v2
method statement still draft but signed (Biruk M.),COMPLIANCE,hard_synthetic_v2
T89102: problem on ALR Ext,REPORT_DOCUMENT,hard_synthetic_v2
odd hour login by Selam F. at 3:00 - ezih,SECURITY,hard_synthetic_v2
permit submitted after work started (Sara B.),COMPLIANCE,hard_synthetic_v2
unauthorized access attempt by Selam F. - site lay,SECURITY,hard_synthetic_v2
T51275: payment run for Abyssinia Hire by Kidus A. (check),FINANCIAL,hard_synthetic_v2
equipment checkout overdue (Meron T.),PROJECT_RESOURCE,hard_synthetic_v2
invoice #6792 deleted after payment (solomon a.),FINANCIAL,hard_synthetic_v2
bugdet line edit on adama ip (hanna a.),FINANCIAL,hard_synthetic_v2
T97023: hold point skipped on foundation (Henok T.),COMPLIANCE,hard_synthetic_v2
session from unknown device (lidya w.),SECURITY,hard_synthetic_v2
certificate pdf swapped by marta t. | see attachment,DATA_INTEGRITY,hard_synthetic_v2
suspicious login pattern detected (Yonas G.) | awaiting confirmation,SECURITY,hard_synthetic_v2
env spill report delayed (Hanna .),COMPLIANCE,hard_synthetic_v2
T30222: dormant account Rahel G. active after 14 months,REPORT_DOCUMENT,hard_synthetic_v2
T62615: env spill report delayed (henok t.),COMPLIANCE,hard_synthetic_v2
bereket d. changed ip during session | urgent,SECURITY,hard_synthetic_v2
hold point skipped on foundation (Tigist),COMPLIANCE,hard_synthetic_v2
bulk delete of 79 rows by getachew,USER_ACTIVITY,hard_synthetic_v2
2025-08-02 CSV import overwrote approved qty (Hanna A.),DATA_INTEGRITY,hard_synthetic_v2
unauthorized access attempt by Getachew,SECURITY,hard_synthetic_v2
engineer biruk m. tried to approve payment (check),USER_ACTIVITY,hard_synthetic_v2
mass status edit (187 tasks) by Rahel G.,USER_ACTIVITY,hard_synthetic_v2
T67220: env spill report delayed (Selam F.),COMPLIANCE,hard_synthetic_v2
T45020: structure slipped 2 days (dawit h.),PROJECT_RESOURCE,hard_synthetic_v2
for your action - approval bypassed on WO-468 by Hanna A.,COMPLIANCE,hard_synthetic_v2
noted on site - contract pdf mailed externally (solomon a.),REPORT_DOCUMENT,hard_synthetic_v2
2025-11-07 document export by mesfin,REPORT_DOCUMENT,hard_synthetic_v2
as-built rev changed after client sign-off (Abebe K.),DATA_INTEGRITY,hard_synthetic_v2
progress report generated for Site 3 (Tigist),REPORT_DOCUMENT,hard_synthetic_v2
old spec rev deleeted (yonas g.) - site lay,REPORT_DOCUMENT,hard_synthetic_v2
issue with Bereket D. QA plan changed post-aproval,REPORT_DOCUMENT,hard_synthetic_v2
data issue,REPORT_DOCUMENT,hard_synthetic_v2
T14027: bulk reassign 175 tasks - no comment (solomon a.),USER_ACTIVITY,hard_synthetic_v2
contract PDF mailed externally (Tigist) - ezih,REPORT_DOCUMENT,hard_synthetic_v2
engineer Selam F. tried to approve payment,USER_ACTIVITY,hard_synthetic_v2
2025-11-01 external data import by Tigist,DATA_INTEGRITY,hard_synthetic_v2
T39958: excavator out 16 days - not returned (helen),PROJECT_RESOURCE,hard_synthetic_v2
approved MS edited after acceptance (Helen) (check),REPORT_DOCUMENT,hard_synthetic_v2
contract PDF mailed externally (Dawit H.),SECURITY,hard_synthetic_v2
2025-04-01 dormant account kidus a. active after 15 months,USER_ACTIVITY,hard_synthetic_v2
T85543: access concern user list exported by - please confirm,USER_ACTIVITY,hard_synthetic_v2
delivery note DN-336 edited after lock by Lidya W. | per site instruction,DATA_INTEGRITY,hard_synthetic_v2
cost code changed on po by getachew,COMPLIANCE,hard_synthetic_v2
T17051: unusual activity volume by Bereket D.,USER_ACTIVITY,hard_synthetic_v2
suspicious login pattern detected (Tigist),SECURITY,hard_synthetic_v2
bulk reassign 139 tasks - no comment (Mesfin),USER_ACTIVITY,hard_synthetic_v2
permit submitted after work started (Mesfin),COMPLIANCE,hard_synthetic_v2
permission raised for Getachew without aproval,SECURITY,hard_synthetic_v2
CSV import overwrote approved qty (Rahel G.),DATA_INTEGRITY,hard_synthetic_v2
duplicate invoice #1179 entered,FINANCIAL,hard_synthetic_v2
budget increased 41% on bd hospital by helen,FINANCIAL,hard_synthetic_v2
drawing pack uploaded by Mesfin,REPORT_DOCUMENT,hard_synthetic_v2
external data import by tigist | as discussed,DATA_INTEGRITY,hard_synthetic_v2
full cost DB exproted by Henok T.,USER_ACTIVITY,hard_synthetic_v2
payment run for Abyssinia Hire by Helen,FINANCIAL,hard_synthetic_v2
permision raised for Solomon A. without approval,SECURITY,hard_synthetic_v2
large payment released without second sign-off (Meron T.),FINANCIAL,hard_synthetic_v2
qa plan changed post-approval (abebe k.),REPORT_DOCUMENT,hard_synthetic_v2
2025-03-28 contractor import replaced values (marta t.),PROJECT_RESOURCE,hard_synthetic_v2
PPE violation noted for crew of Selam F.,COMPLIANCE,hard_synthetic_v2
subcon abyssinia hire ncr list updated by marta t. | see attachment,PROJECT_RESOURCE,hard_synthetic_v2
milestone 'MEP 1st fix' delayed (Henok T.),PROJECT_RESOURCE,hard_synthetic_v2
progress report generated for Site 3 (Getachew),REPORT_DOCUMENT,hard_synthetic_v2
T82838: hold point skipped on foundation (Tigist),SECURITY,hard_synthetic_v2
data issue,REPORT_DOCUMENT,hard_synthetic_v2
mass status edit (177 tasks) by Lidya W.,USER_ACTIVITY,hard_synthetic_v2
test results changed without approval (Kidus A.),DATA_INTEGRITY,hard_synthetic_v2
duplicate supplier invoice #2600 | noted on site,DATA_INTEGRITY,hard_synthetic_v2
permission raised for sara b. without approval,SECURITY,hard_synthetic_v2
repeated open of restricted folder by Kidus A.,USER_ACTIVITY,hard_synthetic_v2
as-built rev changed after client sign-off (Henok T.),DATA_INTEGRITY,hard_synthetic_v2
2025-10-20 user list exproted by Samuel after hours,USER_ACTIVITY,hard_synthetic_v2
duplicate invoice #4774 entered,FINANCIAL,hard_synthetic_v2
cement overuse 43% on Hawassa P2 (Mesfin),PROJECT_RESOURCE,hard_synthetic_v2
fuel burn above baseline (meron t.),PROJECT_RESOURCE,hard_synthetic_v2
T26276: unusual activity volume by getachew,USER_ACTIVITY,hard_synthetic_v2
test results changed without approval (marta t.),COMPLIANCE,hard_synthetic_v2
fuel burn above baseline (mesfin),PROJECT_RESOURCE,hard_synthetic_v2
contract PDF mailed externally (Henok T.),REPORT_DOCUMENT,hard_synthetic_v2
role misuse flagged for Solomon A.,USER_ACTIVITY,hard_synthetic_v2
T80833: odd hour login by Kidus A. at 16:00,SECURITY,hard_synthetic_v2
Samuel tried admin console - denied,SECURITY,hard_synthetic_v2
milestone 'topped out' delayed (Abebe K.),PROJECT_RESOURCE,hard_synthetic_v2
old spec rev deleted (Selam F.),REPORT_DOCUMENT,hard_synthetic_v2
2026-04-27 T94428: as discussed - engineer Mesfin tried to approve paymant,USER_ACTIVITY,hard_synthetic_v2
awaiting confirmation - progress report generated for alr ext (biruk m.),REPORT_DOCUMENT,hard_synthetic_v2
urgent - payment run for Abyssinia Hire by Biruk M.,FINANCIAL,hard_synthetic_v2
for your action - large payment released without second sign-off (samuel),FINANCIAL,hard_synthetic_v2
invoice #4824 deleeted after payment (Biruk M.) | for your action,FINANCIAL,hard_synthetic_v2
temporary entry - milestone 'facade' delayed (Solomon A.),PROJECT_RESOURCE,hard_synthetic_v2
133 edits in under 5 min by Sara B.,USER_ACTIVITY,hard_synthetic_v2
as-built rev changed after client sign-off (Hanna A.),DATA_INTEGRITY,hard_synthetic_v2
invoice #7567 created by sara b.,FINANCIAL,hard_synthetic_v2
PPE violation noted for crew of Abebe K.,COMPLIANCE,hard_synthetic_v2
multiple failed logins on Biruk M. account,SECURITY,hard_synthetic_v2
progress report generated for Hawassa P2 (Lidya W.),DATA_INTEGRITY,hard_synthetic_v2
T52197: please investigate Samuel modified contingency on,FINANCIAL,hard_synthetic_v2
Kidus A. opened finance module (not their role),USER_ACTIVITY,hard_synthetic_v2
structure slipped 12 days (Dawit H.),PROJECT_RESOURCE,hard_synthetic_v2
old spec rev deleted (Dawit H.),FINANCIAL,hard_synthetic_v2
site reprot late by 15 days (meron t.),COMPLIANCE,hard_synthetic_v2
multiple failed log-ins on Sara B. account,SECURITY,hard_synthetic_v2
contract pdf mailed externally (marta t.),REPORT_DOCUMENT,hard_synthetic_v2
qty take-off altered - no CO (Hanna .) | see attachment,DATA_INTEGRITY,hard_synthetic_v2
CSV import overwrote approved qty (Henok T.) | awaiting confirmation,DATA_INTEGRITY,hard_synthetic_v2
"cash advance ETB 466,000 logged by Henok T.",FINANCIAL,hard_synthetic_v2
T33705: contractor import replaced values (Lidya W.),DATA_INTEGRITY,hard_synthetic_v2
full cost DB exported by Rahel G.,REPORT_DOCUMENT,hard_synthetic_v2
2026-06-08 permission raised for marta t. without approval | awaiting confirmation - please confirm,SECURITY,hard_synthetic_v2
delivery note dn-797 edited after lock by helen,DATA_INTEGRITY,hard_synthetic_v2
T70418: need follow up - old spec rev deleted (Meron T.),REPORT_DOCUMENT,hard_synthetic_v2
temporary entry - CSV import overwrote approved qty (Tigist),DATA_INTEGRITY,hard_synthetic_v2
2025-09-19 Abebe K. opened finance module (not their role),USER_ACTIVITY,hard_synthetic_v2
progress reprot generated for Site 3 (Bereket D.),REPORT_DOCUMENT,hard_synthetic_v2
multiple faild logins on Helen account,SECURITY,hard_synthetic_v2
cost code changed on PO by Mesfin,FINANCIAL,hard_synthetic_v2
"payment of etb 735,000 approved by mesfin",FINANCIAL,hard_synthetic_v2
T57596: issue with Kidus A.,PROJECT_RESOURCE,hard_synthetic_v2
145 edits in under 5 min by helen,USER_ACTIVITY,hard_synthetic_v2
rebar over-ordered 19% block D,PROJECT_RESOURCE,hard_synthetic_v2
T53932: cost code changed on PO by Meron T.,FINANCIAL,hard_synthetic_v2
generator hours high vs plan (Tigist),PROJECT_RESOURCE,hard_synthetic_v2
test results changed without approval (selam f.),DATA_INTEGRITY,hard_synthetic_v2
contract pdf mailed externally (rahel g.),REPORT_DOCUMENT,hard_synthetic_v2
88 edits in under 5 min by henok t.,USER_ACTIVITY,hard_synthetic_v2
T13665: hold point skipped on foundation (Solomon A.),COMPLIANCE,hard_synthetic_v2
data issue,FINANCIAL,hard_synthetic_v2
hold point skipped on foundation (Biruk M.),COMPLIANCE,hard_synthetic_v2
T17872: invoice #3542 created by yonas g. (check),FINANCIAL,hard_synthetic_v2
hold point skipped on foundation (abebe k.) - site lay,COMPLIANCE,hard_synthetic_v2
awaiting confirmation - user list exproted by kidus a. after hours,USER_ACTIVITY,hard_synthetic_v2
full cost db exported by selam f. - ezih,REPORT_DOCUMENT,hard_synthetic_v2
multiple failed log-ins on Solomon A. account - site lay,SECURITY,hard_synthetic_v2
"cash advance ETB 834,000 logged by Bereket D.",FINANCIAL,hard_synthetic_v2
delivery note dn-258 edited after lock by mesfin,DATA_INTEGRITY,hard_synthetic_v2
T41858: file shared to partner@ext.com by Meron T.,REPORT_DOCUMENT,hard_synthetic_v2
budget line edit on Adama IP (Lidya W.) | urgent,FINANCIAL,hard_synthetic_v2
measurement sheet deleted (Sara B.),DATA_INTEGRITY,hard_synthetic_v2
contract PDF mailed externally (Rahel G.),PROJECT_RESOURCE,hard_synthetic_v2
2026-10-02 generator hours high vs plan (marta t.),PROJECT_RESOURCE,hard_synthetic_v2
unusual activity volume by Dawit H. | from the meeting,USER_ACTIVITY,hard_synthetic_v2
2025-02-02 file shared to sub@con.et by Meron T.,REPORT_DOCUMENT,hard_synthetic_v2
T86329: repeated open of restricted folder by Samuel,USER_ACTIVITY,hard_synthetic_v2
2026-04-16 dawit h. changed ip during session,SECURITY,hard_synthetic_v2
2026-07-01 T74105: unauthorized access attempt by Henok T.,SECURITY,hard_synthetic_v2
delivery note DN-517 edited after lock by Lidya W.,DATA_INTEGRITY,hard_synthetic_v2
odd hour login by Selam F. at 16:00,SECURITY,hard_synthetic_v2
delivery note DN-115 edited after lock by Abebe K.,DATA_INTEGRITY,hard_synthetic_v2
please investigate bulk delete of 210,USER_ACTIVITY,hard_synthetic_v2
site report late by 13 days (Solomon A.),COMPLIANCE,hard_synthetic_v2
commercial rates shared outside (selam f.) - site lay,REPORT_DOCUMENT,hard_synthetic_v2
bulk delete of 99 rows by Henok T.,USER_ACTIVITY,hard_synthetic_v2
duplicate supplier invoice #7568 - ezih,DATA_INTEGRITY,hard_synthetic_v2
milestone 'foundation' delayed (Samuel),PROJECT_RESOURCE,hard_synthetic_v2
site report late by 12 days (Tigist),COMPLIANCE,hard_synthetic_v2
material overuse logged on DD Warehouse,PROJECT_RESOURCE,hard_synthetic_v2
as-built rev changed after client sign-off (Lidya W.) | awaiting confirmation,DATA_INTEGRITY,hard_synthetic_v2
budget line edit on Adama IP (Biruk M.),FINANCIAL,hard_synthetic_v2
2026-10-28 CSV import overwrote approved qty (Getachew),DATA_INTEGRITY,hard_synthetic_v2
qty take-off altered - no CO (Tigist) | from the meeting,DATA_INTEGRITY,hard_synthetic_v2
as discussed - approved ms edited after acceptance (lidya w.) - site lay,REPORT_DOCUMENT,hard_synthetic_v2
Dawit H. changed IP during session,SECURITY,hard_synthetic_v2
Tigist opened finance module (not their role) - ezih,USER_ACTIVITY,hard_synthetic_v2
see attachment - Selam F. tried admin console - denied,SECURITY,hard_synthetic_v2
mass status edit (100 tasks) by mesfin,USER_ACTIVITY,hard_synthetic_v2
delivery note dn-140 edited after lock by henok t.,DATA_INTEGRITY,hard_synthetic_v2
2026-11-25 T37742: password reset requested then cancelled (Rahel G.) - ezih,SECURITY,hard_synthetic_v2
contractor review score 68/100 by Kidus A.,PROJECT_RESOURCE,hard_synthetic_v2
T26657: flagged item as-built ZIP downloaded by - site lay,REPORT_DOCUMENT,hard_synthetic_v2
bugdet increased 26% on BD Hospital by Lidya W.,COMPLIANCE,hard_synthetic_v2
subcon Nile Const NCR list updated by Mesfin,PROJECT_RESOURCE,hard_synthetic_v2
hold point skipped on foundation (Samuel),COMPLIANCE,hard_synthetic_v2
T26230: toolbox talk sheet missing (Lidya W.),COMPLIANCE,hard_synthetic_v2
unapproved edit to record by Meron T.,DATA_INTEGRITY,hard_synthetic_v2
T13094: checklist incomplete for pour #8,COMPLIANCE,hard_synthetic_v2
checklist incomplete for pour #37,COMPLIANCE,hard_synthetic_v2
2026-07-13 approved MS edited after acceptance (Marta T.),REPORT_DOCUMENT,hard_synthetic_v2
unauth access attempt by Rahel G.,SECURITY,hard_synthetic_v2
2025-10-19 T65608: Solomon A. changed IP during session,SECURITY,hard_synthetic_v2
T15171: NCR closed without QM signature (Kidus .),COMPLIANCE,hard_synthetic_v2
need follow up - permission raised for Mesfin without approval,SECURITY,hard_synthetic_v2
generator hours high vs plan (Sara B.),PROJECT_RESOURCE,hard_synthetic_v2
invoice #5799 created by Meron T.,FINANCIAL,hard_synthetic_v2
mass status edit (143 tasks) by sara b.,USER_ACTIVITY,hard_synthetic_v2
cement overuse 27% on hawassa p2 (helen),PROJECT_RESOURCE,hard_synthetic_v2
2025-09-14 role misuse flagged for dawit h. - site lay,USER_ACTIVITY,hard_synthetic_v2
as discussed - late submission of daily report (helen),COMPLIANCE,hard_synthetic_v2
milestone 'topped out' delayed (Marta T.) - ezih,PROJECT_RESOURCE,hard_synthetic_v2
failed authentication for Samuel,SECURITY,hard_synthetic_v2
repeated open of restricted folder by Hanna A.,USER_ACTIVITY,hard_synthetic_v2
commercial rates shared outside (Helen),REPORT_DOCUMENT,hard_synthetic_v2
test results changed without approval (Getachew),DATA_INTEGRITY,hard_synthetic_v2
2026-04-14 T61097: old spec rev deleted (Abebe K.),REPORT_DOCUMENT,hard_synthetic_v2
suspicious login pattern detected (Biruk M.),SECURITY,hard_synthetic_v2
bulk reassign 172 tasks - no comment (Solomon A.),USER_ACTIVITY,hard_synthetic_v2
duplicate supplier invoice #7826,DATA_INTEGRITY,hard_synthetic_v2
commercial rates shared outside (Samuel),REPORT_DOCUMENT,hard_synthetic_v2
suspicious login pattern detected (Samuel),PROJECT_RESOURCE,hard_synthetic_v2
file shared to sub@con.et by dawit h.,REPORT_DOCUMENT,hard_synthetic_v2
data issue contractor review score 92/100,PROJECT_RESOURCE,hard_synthetic_v2
for your action - permission raised for Mesfin without approval,SECURITY,hard_synthetic_v2
2025-04-16 method statement still draft but signed (Lidya W.) - please confirm,COMPLIANCE,hard_synthetic_v2
attendance history row removed by Lidya W.,DATA_INTEGRITY,hard_synthetic_v2
old spec rev deleted (Mesfin) (check),REPORT_DOCUMENT,hard_synthetic_v2
flagged item milestone 'topped out' delayed,PROJECT_RESOURCE,hard_synthetic_v2
user list exported by Rahel G. after hours,USER_ACTIVITY,hard_synthetic_v2
scaffold parts missing after demob (rahel g.) (check),PROJECT_RESOURCE,hard_synthetic_v2
sensitive salary data viewed by sara b.,USER_ACTIVITY,hard_synthetic_v2
2026-10-09 large payment released without second sign-off (meron t.),FINANCIAL,hard_synthetic_v2
access concern,SECURITY,hard_synthetic_v2
please investigate dormant account sara b.,USER_ACTIVITY,hard_synthetic_v2
large payment released without second sign-off (Abebe K.),FINANCIAL,hard_synthetic_v2
T74012: method statement still draft but signed (yonas g.),COMPLIANCE,hard_synthetic_v2
cost code changed on PO by Hanna A.,FINANCIAL,hard_synthetic_v2
for your action - 92 edits in under 5 min by Solomon A.,USER_ACTIVITY,hard_synthetic_v2
2026-07-16 site report late by 14 days (Samuel),COMPLIANCE,hard_synthetic_v2
T35646: contractor import replaced values (Abebe K.),DATA_INTEGRITY,hard_synthetic_v2
T50598: invoice #9177 created by Meron T.,FINANCIAL,hard_synthetic_v2
2026-10-18 T10943: dormant account Lidya W. active after 9 months,USER_ACTIVITY,hard_synthetic_v2
T56608: toolbox talk sheet missing (marta t.),COMPLIANCE,hard_synthetic_v2
old spec rev deleeted (Yonas G.),REPORT_DOCUMENT,hard_synthetic_v2
unauthorized access attempt by Abebe K.,SECURITY,hard_synthetic_v2
samuel tried admin console - denied,SECURITY,hard_synthetic_v2
duplicate invoice #3583 entered,FINANCIAL,hard_synthetic_v2
need follow up - Dawit H. opened finance module (not their role),USER_ACTIVITY,hard_synthetic_v2
site report late by 11 days (Hanna A.) | per site instruction,COMPLIANCE,hard_synthetic_v2
bulk reassign 80 tasks - no comment (samuel),USER_ACTIVITY,hard_synthetic_v2
permit submitted after work started (abebe k.),COMPLIANCE,hard_synthetic_v2
subcon Ethio Steel NCR list updated by Mesfin,PROJECT_RESOURCE,hard_synthetic_v2
from the meeting - bulk delete of 170 rows by Bereket D.,USER_ACTIVITY,hard_synthetic_v2
T27784: odd behaviour toolbox talk sheet missing,COMPLIANCE,hard_synthetic_v2
duplicate invoice #9574 entered,FINANCIAL,hard_synthetic_v2
T11550: Solomon A. tried admin console - denied,SECURITY,hard_synthetic_v2
cement overuse 38% on Hawassa P2 (Henok T.),PROJECT_RESOURCE,hard_synthetic_v2
flagged item as-built rev changed after,DATA_INTEGRITY,hard_synthetic_v2
access concern,PROJECT_RESOURCE,hard_synthetic_v2
bulk delete of 110 rows by Kidus A.,USER_ACTIVITY,hard_synthetic_v2
anomaly noted commercial rates shared outside,REPORT_DOCUMENT,hard_synthetic_v2
NCR closed without QM signature (Helen),COMPLIANCE,hard_synthetic_v2
multiple failed logins on Bereket D. account,SECURITY,hard_synthetic_v2
anomaly noted large payment released without,FINANCIAL,hard_synthetic_v2
2025-09-17 Hanna A. changed IP during session,SECURITY,hard_synthetic_v2
issue with Henok T.,DATA_INTEGRITY,hard_synthetic_v2
T25319: bulk delete of 103 rows by samuel,USER_ACTIVITY,hard_synthetic_v2
fuel burn above baseline (biruk m.),PROJECT_RESOURCE,hard_synthetic_v2
2026-03-02 dormant account Henok T. active after 5 months,USER_ACTIVITY,hard_synthetic_v2
Solomon A. modified contingency on BD Hospital,FINANCIAL,hard_synthetic_v2
unauthorized access attempt by Solomon A.,SECURITY,hard_synthetic_v2
scaffold parts missing after demob (dawit h.),FINANCIAL,hard_synthetic_v2
problem on Bole Tower generator hours high vs,PROJECT_RESOURCE,hard_synthetic_v2
185 edits in under 5 min by getachew (check),USER_ACTIVITY,hard_synthetic_v2
repeated open of restricted folder by biruk m.,DATA_INTEGRITY,hard_synthetic_v2
dormant account Helen active after 4 months,USER_ACTIVITY,hard_synthetic_v2
issue with Samuel contractor review score 79/100,PROJECT_RESOURCE,hard_synthetic_v2
contractor import replaced values (yonas g.),DATA_INTEGRITY,hard_synthetic_v2
measurement sheet deleted (Dawit H.),DATA_INTEGRITY,hard_synthetic_v2
2026-05-21 external data import by samuel,DATA_INTEGRITY,hard_synthetic_v2
engineer Selam F. tried to approve paymant,USER_ACTIVITY,hard_synthetic_v2
NCR closed without QM signature (Yonas G.),COMPLIANCE,hard_synthetic_v2
from the meeting - checklist incomplete for pour #41,COMPLIANCE,hard_synthetic_v2
payment run for Horizon Mat by Samuel,DATA_INTEGRITY,hard_synthetic_v2
as-built zip downloaded by samuel,REPORT_DOCUMENT,hard_synthetic_v2
commercial rates shared outside (meron t.),REPORT_DOCUMENT,hard_synthetic_v2
file shared to sub@con.et by Selam F.,REPORT_DOCUMENT,hard_synthetic_v2
equipment checkout overdue (Henok T.),PROJECT_RESOURCE,hard_synthetic_v2
milestone 'topped out' delayed (Lidya W.),PROJECT_RESOURCE,hard_synthetic_v2
2026-04-24 CSV import overwrote approved qty (Tigist),DATA_INTEGRITY,hard_synthetic_v2
repeated open of restricted folder by Sara B.,USER_ACTIVITY,hard_synthetic_v2
document export by Meron T.,REPORT_DOCUMENT,hard_synthetic_v2
T11334: please check - site report late by 5 days (Abebe K.),COMPLIANCE,hard_synthetic_v2
T77898: dawit h. tried admin console - denied,COMPLIANCE,hard_synthetic_v2
anomaly noted budget line edit on - site lay,FINANCIAL,hard_synthetic_v2
engineer Henok T. tried to approve payment,USER_ACTIVITY,hard_synthetic_v2
late submission of daily report (sara b.),COMPLIANCE,hard_synthetic_v2
PPE violation noted for crew of Samuel,SECURITY,hard_synthetic_v2
payment run for Abyssinia Hire by Marta T.,FINANCIAL,hard_synthetic_v2
fuel burn above baseline (Tigist),PROJECT_RESOURCE,hard_synthetic_v2
progress report generated for dd warehouse (mesfin),REPORT_DOCUMENT,hard_synthetic_v2
repeated open of restricted folder by sara b.,USER_ACTIVITY,hard_synthetic_v2
engineer Yonas G. tried to approve payment,USER_ACTIVITY,hard_synthetic_v2
method statement still draft but signed (Henok T.),COMPLIANCE,hard_synthetic_v2
old spec rev deleted (Lidya W.),REPORT_DOCUMENT,hard_synthetic_v2
delivery note DN-526 edited after lock by Getachew,SECURITY,hard_synthetic_v2
"expense claim etb 839,000 from solomon a.",FINANCIAL,hard_synthetic_v2
delivery note DN-770 edited after lock by Selam F.,DATA_INTEGRITY,hard_synthetic_v2
2026-08-11 ncr closed without qm signature (kidus a.),COMPLIANCE,hard_synthetic_v2
2025-04-28 T95435: Biruk M. tried admin console - denied,SECURITY,hard_synthetic_v2
large payment released without second sign-off (Rahel G.),FINANCIAL,hard_synthetic_v2
toolbox talk sheet missing (Henok T.),COMPLIANCE,hard_synthetic_v2
T50748: invoice #6975 deleted after payment (Biruk M.),FINANCIAL,hard_synthetic_v2
2025-08-04 toolbox talk sheet missing (Solomon A.),COMPLIANCE,hard_synthetic_v2
see attachment - permission raised for Meron T. without approval,SECURITY,hard_synthetic_v2
duplicate invoice #9886 entered,FINANCIAL,hard_synthetic_v2
test results changed without aproval (Selam F.),DATA_INTEGRITY,hard_synthetic_v2
repeated open of restricted folder by hanna a.,USER_ACTIVITY,hard_synthetic_v2
contract PDF mailed externally (Meron T.),REPORT_DOCUMENT,hard_synthetic_v2
full cost DB exported by Yonas G.,REPORT_DOCUMENT,hard_synthetic_v2
Kidus A. changed IP during session,SECURITY,hard_synthetic_v2
multiple failed logins on Mesfin account,SECURITY,hard_synthetic_v2
toolbox talk sheet missing (yonas g.),SECURITY,hard_synthetic_v2
26 edits in under 5 min by Yonas G. - site lay,USER_ACTIVITY,hard_synthetic_v2
2025-05-17 cost code changed on PO by Getachew,FINANCIAL,hard_synthetic_v2
bereket d. changed ip during session - please confirm,SECURITY,hard_synthetic_v2
cost code changed on PO by Bereket D.,FINANCIAL,hard_synthetic_v2
T24289: geo anomaly: Kidus A. appeared in two cities same day,SECURITY,hard_synthetic_v2
PPE violation noted for crew of Abebe K.,COMPLIANCE,hard_synthetic_v2
2025-04-12 late submission of daily report (Abebe K.),COMPLIANCE,hard_synthetic_v2
delivery note DN-249 edited after lock by Abebe K.,DATA_INTEGRITY,hard_synthetic_v2
test results changed without approval (meron t.),DATA_INTEGRITY,hard_synthetic_v2
2026-06-24 large paymant released without second sign-off (Henok T.),FINANCIAL,hard_synthetic_v2
certificate PDF swapped by Hanna A.,DATA_INTEGRITY,hard_synthetic_v2
2025-06-25 permit submitted after work started (Hanna A.),COMPLIANCE,hard_synthetic_v2
env spill report delayed (Mesfin),COMPLIANCE,hard_synthetic_v2
method statement still draft but signed (Hanna A.),COMPLIANCE,hard_synthetic_v2
T31171: test results changed without approval (Solomon A.),DATA_INTEGRITY,hard_synthetic_v2
T51528: env spill report delayed (Mesfin),COMPLIANCE,hard_synthetic_v2
role misuse flagged for Getachew,USER_ACTIVITY,hard_synthetic_v2
old spec rev deleeted (Selam F.),REPORT_DOCUMENT,hard_synthetic_v2
T53633: rebar over-ordered 30% block d,USER_ACTIVITY,hard_synthetic_v2
checklist incomplete for pour #13,COMPLIANCE,hard_synthetic_v2
invioce #3501 deleted after payment (rahel g.) | see attachment,FINANCIAL,hard_synthetic_v2
2026-03-16 budget line edit on hawassa p2 (helen),FINANCIAL,hard_synthetic_v2
dormant account Abebe K. active after 12 months - site lay,USER_ACTIVITY,hard_synthetic_v2
session from unknown device (bereket d.),SECURITY,hard_synthetic_v2
T15543: multiple failed logins on Dawit H. account,SECURITY,hard_synthetic_v2
site report late by 8 days (Dawit H.),COMPLIANCE,hard_synthetic_v2
QA plan changed post-approval (Marta T.) - ezih,REPORT_DOCUMENT,hard_synthetic_v2
"expense claim ETB 454,000 from Yonas G.",FINANCIAL,hard_synthetic_v2
"expense claim ETB 21,000 from Marta T.",FINANCIAL,hard_synthetic_v2
qty take-off altered - no CO (Samuel),DATA_INTEGRITY,hard_synthetic_v2
material overuse logged on ALR Ext,PROJECT_RESOURCE,hard_synthetic_v2
multiple failed log-ins on Selam F. account,SECURITY,hard_synthetic_v2
payment run for Ethio Steel by Selam F.,FINANCIAL,hard_synthetic_v2
generator hours high vs plan (rahel g.),PROJECT_RESOURCE,hard_synthetic_v2
qa plan changed post-approval (lidya w.),REPORT_DOCUMENT,hard_synthetic_v2
lidya w. modified contingency on adama ip,FINANCIAL,hard_synthetic_v2
access concern geo anomaly: Kidus A.,SECURITY,hard_synthetic_v2
equipment checkout overdue (dawit h.),PROJECT_RESOURCE,hard_synthetic_v2
T20220: suspicious log-in pattern detected (Solomon A.),SECURITY,hard_synthetic_v2
2025-09-25 document export by Marta T.,REPORT_DOCUMENT,hard_synthetic_v2
flagged item sara b. opened finance,USER_ACTIVITY,hard_synthetic_v2
"cash advance ETB 354,000 logged by Lidya W. (check)",FINANCIAL,hard_synthetic_v2
from the meeting - Selam F. tried admin console - denied,SECURITY,hard_synthetic_v2
old spec rev deleted (abebe k.),REPORT_DOCUMENT,hard_synthetic_v2
policy breach recorded for Marta T.,COMPLIANCE,hard_synthetic_v2
problem on BD Hospital,PROJECT_RESOURCE,hard_synthetic_v2
password reset requested then cancelled (Hanna A.),SECURITY,hard_synthetic_v2
full cost DB exproted by Rahel G.,REPORT_DOCUMENT,hard_synthetic_v2
kidus a. modified contingency on alr ext | temporary entry,FINANCIAL,hard_synthetic_v2
cement overuse 38% on BD Hospital (Yonas G.) | need follow up,PROJECT_RESOURCE,hard_synthetic_v2
as-built zip downloaded by meron t.,REPORT_DOCUMENT,hard_synthetic_v2
bulk reassign 130 tasks - no comment (Lidya W.) - site lay,USER_ACTIVITY,hard_synthetic_v2
old spec rev deleted (helen),REPORT_DOCUMENT,hard_synthetic_v2
structure slipped 10 days (Bereket D.),PROJECT_RESOURCE,hard_synthetic_v2
2026-02-06 odd behaviour,PROJECT_RESOURCE,hard_synthetic_v2
commercial rates shared outside (abebe k.),REPORT_DOCUMENT,hard_synthetic_v2
access concern user list exproted by,USER_ACTIVITY,hard_synthetic_v2
dormant account Getachew active after 11 months,USER_ACTIVITY,hard_synthetic_v2
approved MS edited after acceptance (Samuel),DATA_INTEGRITY,hard_synthetic_v2
sensitive salary data viewed by bereket d.,USER_ACTIVITY,hard_synthetic_v2
2025-01-05 large payment released without second sign-off (Kidus A.) | as discussed - site lay,FINANCIAL,hard_synthetic_v2
late submission of daily report (Biruk M.),REPORT_DOCUMENT,hard_synthetic_v2
test results changed without aproval (selam f.),DATA_INTEGRITY,hard_synthetic_v2
old spec rev deleted (Dawit H.),REPORT_DOCUMENT,hard_synthetic_v2
T81238: permit submitted after work started (Rahel G.) (check),COMPLIANCE,hard_synthetic_v2
external data import by Mesfin,DATA_INTEGRITY,hard_synthetic_v2
policy breach recorded for Lidya W.,COMPLIANCE,hard_synthetic_v2
user list exproted by sara b. after hours,USER_ACTIVITY,hard_synthetic_v2
NCR closed without QM signature (Lidya W.),COMPLIANCE,hard_synthetic_v2
hold point skipped on foundation (Hanna A.),SECURITY,hard_synthetic_v2
unapproved edit to record by Selam F.,COMPLIANCE,hard_synthetic_v2
Samuel login failed from 197.14.166.39,SECURITY,hard_synthetic_v2
scaffold parts missing after demob (Mesfin),PROJECT_RESOURCE,hard_synthetic_v2
T45237: odd behaviour policy breach recorded for,COMPLIANCE,hard_synthetic_v2
2025-10-14 invoice #4445 deleted after payment (Samuel),FINANCIAL,hard_synthetic_v2
policy breach recorded for Solomon A.,COMPLIANCE,hard_synthetic_v2
T29533: multiple failed logins on Meron T. account | as discussed,SECURITY,hard_synthetic_v2
mass status edit (17 tasks) by Kidus A.,USER_ACTIVITY,hard_synthetic_v2
sensitive salary data viewed by Dawit H.,USER_ACTIVITY,hard_synthetic_v2
2025-07-14 test results changed without approval (Getachew),DATA_INTEGRITY,hard_synthetic_v2
cost code changed on PO by Abebe K.,FINANCIAL,hard_synthetic_v2
urgent - toolbox talk sheet missing (Helen),COMPLIANCE,hard_synthetic_v2
hold point skipped on foundation (kidus .),COMPLIANCE,hard_synthetic_v2
structure slipped 4 days (biruk m.),PROJECT_RESOURCE,hard_synthetic_v2
flagged item unauthorized access attempt by,SECURITY,hard_synthetic_v2
subcon Nile Const NCR list updated by Meron T.,PROJECT_RESOURCE,hard_synthetic_v2
generator hours high vs plan (Solomon A.),PROJECT_RESOURCE,hard_synthetic_v2
2025-03-07 T26789: please check - commercial rates shared outside (getachew),REPORT_DOCUMENT,hard_synthetic_v2
QA plan changed post-approval (Samuel),REPORT_DOCUMENT,hard_synthetic_v2
Helen changed IP during session,SECURITY,hard_synthetic_v2
mass status edit (69 tasks) by bereket d.,USER_ACTIVITY,hard_synthetic_v2
T19789: equipment checkout overdue (Meron T.) - site lay,PROJECT_RESOURCE,hard_synthetic_v2
2026-09-05 invoice #9636 created by Selam F.,DATA_INTEGRITY,hard_synthetic_v2
unapproved edit to record by Getachew,DATA_INTEGRITY,hard_synthetic_v2
anomaly noted test results changed without - ezih,DATA_INTEGRITY,hard_synthetic_v2
T27852: qty take-off altered - no CO (Biruk M.) (check),DATA_INTEGRITY,hard_synthetic_v2
T69898: failed authentication for henok t.,SECURITY,hard_synthetic_v2
T20930: equipement checkout overdue (Meron T.),PROJECT_RESOURCE,hard_synthetic_v2
unauthorized access attempt by kidus a.,SECURITY,hard_synthetic_v2
urgent - cost code changed on PO by Getachew,FINANCIAL,hard_synthetic_v2
T59361: hold point skipped on foundation (mesfin),COMPLIANCE,hard_synthetic_v2
duplicate invoice #8846 entered,FINANCIAL,hard_synthetic_v2
password reset requested then cancelled (Kidus A.),SECURITY,hard_synthetic_v2
as discussed - invoice #2723 created by Meron T.,FINANCIAL,hard_synthetic_v2
certificate PDF swapped by Kidus A. - please confirm,DATA_INTEGRITY,hard_synthetic_v2
commercial rates shared outside (Mesfin) - please confirm,REPORT_DOCUMENT,hard_synthetic_v2
generator hours high vs plan (mesfin),PROJECT_RESOURCE,hard_synthetic_v2
cost code changed on po by samuel,FINANCIAL,hard_synthetic_v2
reprot problem,USER_ACTIVITY,hard_synthetic_v2
2025-11-14 Dawit H. modified contingency on ALR Ext,FINANCIAL,hard_synthetic_v2
Dawit H. login failed from 197.22.72.33,SECURITY,hard_synthetic_v2
invioce #5850 created by mesfin,FINANCIAL,hard_synthetic_v2
equipment checkout overdue (Solomon A.),PROJECT_RESOURCE,hard_synthetic_v2
unapproved edit to record by Selam F.,DATA_INTEGRITY,hard_synthetic_v2
drawing pack uploaded by Sara B. | see attachment,REPORT_DOCUMENT,hard_synthetic_v2
dormant account Abebe K. active after 19 months,USER_ACTIVITY,hard_synthetic_v2
flagged item equipment checkout overdue (Biruk,PROJECT_RESOURCE,hard_synthetic_v2
noted on site - Getachew changed IP during session,SECURITY,hard_synthetic_v2
contract pdf mailed externally (meron t.),REPORT_DOCUMENT,hard_synthetic_v2
Selam F. opened finance module (not their role),USER_ACTIVITY,hard_synthetic_v2
suspicious login pattern detected (henok t.),SECURITY,hard_synthetic_v2
"cash advance ETB 821,000 logged by Sara B.",FINANCIAL,hard_synthetic_v2
urgent - file shared to sub@con.et by Samuel,REPORT_DOCUMENT,hard_synthetic_v2
hold point skipped on foundation (Marta T.),COMPLIANCE,hard_synthetic_v2
invoice #5580 deleted after payment (Yonas G.),FINANCIAL,hard_synthetic_v2
checklist incomplete for pour #43 (check),COMPLIANCE,hard_synthetic_v2
approved MS edited after acceptance (Helen),REPORT_DOCUMENT,hard_synthetic_v2
qty take-off altered - no CO (Helen),DATA_INTEGRITY,hard_synthetic_v2
temporary entry - contractor review score 91/100 by Hanna A.,PROJECT_RESOURCE,hard_synthetic_v2
2025-01-18 helen modified contingency on adama ip,FINANCIAL,hard_synthetic_v2
T38485: as discussed - commercial rates shared outside (Sara B.),REPORT_DOCUMENT,hard_synthetic_v2
cement overuse 25% on ALR Ext (Lidya W.),PROJECT_RESOURCE,hard_synthetic_v2
user list exported by Henok T. after hours,USER_ACTIVITY,hard_synthetic_v2
generator hours high vs plan (Solomon A.),PROJECT_RESOURCE,hard_synthetic_v2
test results changed without approval (Henok T.),DATA_INTEGRITY,hard_synthetic_v2
session from unknown device (Henok T.),SECURITY,hard_synthetic_v2
2026-06-15 attendance history row removed by Yonas G.,DATA_INTEGRITY,hard_synthetic_v2
multiple failed logins on Tigist account,SECURITY,hard_synthetic_v2
as-built ZIP downloaded by Hanna A.,REPORT_DOCUMENT,hard_synthetic_v2
contractor import replaced values (Helen) - ezih,DATA_INTEGRITY,hard_synthetic_v2
T35040: odd behaviour Getachew tried admin console,SECURITY,hard_synthetic_v2
password reset requested then cancelled (Selam F.),SECURITY,hard_synthetic_v2
data issue generator hours high vs,PROJECT_RESOURCE,hard_synthetic_v2
2026-12-13 T78285: cost code changed on po by tigist,FINANCIAL,hard_synthetic_v2
attendance history row removed by marta t.,DATA_INTEGRITY,hard_synthetic_v2
henok t. login failed from 197.107.153.21,SECURITY,hard_synthetic_v2
as-built rev changed after client sign-off (tigist) - please confirm,DATA_INTEGRITY,hard_synthetic_v2
progress report generated for alr ext (tigist),REPORT_DOCUMENT,hard_synthetic_v2
data issue Selam F. changed IP,SECURITY,hard_synthetic_v2
checklist incomplete for pour #28,COMPLIANCE,hard_synthetic_v2
approved MS edited after acceptance (Mesfin),REPORT_DOCUMENT,hard_synthetic_v2
106 edits in under 5 min by Lidya W.,USER_ACTIVITY,hard_synthetic_v2
as-built ZIP downloaded by Abebe K.,REPORT_DOCUMENT,hard_synthetic_v2
checklist incomplete for pour #25,COMPLIANCE,hard_synthetic_v2
scaffold parts missing after demob (Kidus A.),PROJECT_RESOURCE,hard_synthetic_v2
suspicious login pattern detected (Marta T.),SECURITY,hard_synthetic_v2
policy breach recorded for Abebe K.,COMPLIANCE,hard_synthetic_v2
policy breach recorded for henok t.,COMPLIANCE,hard_synthetic_v2
external share of project file (Abebe K.),REPORT_DOCUMENT,hard_synthetic_v2
delivery note DN-208 edited after lock by Solomon A. - site lay,DATA_INTEGRITY,hard_synthetic_v2
approval bypassed on WO-324 by Hanna .,SECURITY,hard_synthetic_v2
T68535: late submission of daily report (Meron T.),COMPLIANCE,hard_synthetic_v2
2025-02-07 generator hours high vs plan (bereket d.),PROJECT_RESOURCE,hard_synthetic_v2
2025-10-03 checklist incomplete for pour #35,COMPLIANCE,hard_synthetic_v2
progress reprot generated for ALR Ext (Hanna A.),REPORT_DOCUMENT,hard_synthetic_v2
site report late by 11 days (lidya w.) - site lay,COMPLIANCE,hard_synthetic_v2
failed authentication for Hanna A.,SECURITY,hard_synthetic_v2
T49420: contractor review score 95/100 by getachew,PROJECT_RESOURCE,hard_synthetic_v2
see attachment - site report late by 7 days (Getachew),COMPLIANCE,hard_synthetic_v2
T75752: for your action - fuel burn above baseline (Dawit H.),PROJECT_RESOURCE,hard_synthetic_v2
checklist incomplete for pour #32,COMPLIANCE,hard_synthetic_v2
role misuse flagged for Abebe K.,USER_ACTIVITY,hard_synthetic_v2
2026-06-18 odd behaviour,USER_ACTIVITY,hard_synthetic_v2
session from unknown device (abebe k.),SECURITY,hard_synthetic_v2
contractor review score 35/100 by Rahel G.,PROJECT_RESOURCE,hard_synthetic_v2
2026-12-24 T80524: please investigate duplicate invioce #4369 entered,FINANCIAL,hard_synthetic_v2
T45081: budget increased 23% on adama ip by tigist,FINANCIAL,hard_synthetic_v2
cement overuse 31% on Adama IP (Kidus .),PROJECT_RESOURCE,hard_synthetic_v2
milestone 'MEP 1st fix' delayed (Helen),PROJECT_RESOURCE,hard_synthetic_v2
26 edits in under 5 min by Kidus A.,USER_ACTIVITY,hard_synthetic_v2
Abebe K. tried admin console - denied,SECURITY,hard_synthetic_v2
document export by Sara B. | see attachment,REPORT_DOCUMENT,hard_synthetic_v2
external share of project file (helen),REPORT_DOCUMENT,hard_synthetic_v2
drawing pack uploaded by helen,REPORT_DOCUMENT,hard_synthetic_v2
scaffold parts missing after demob (Marta T.),PROJECT_RESOURCE,hard_synthetic_v2
checklist incomplete for pour #25,COMPLIANCE,hard_synthetic_v2
"payment of ETB 284,000 approved by Bereket D.",FINANCIAL,hard_synthetic_v2
role misuse flagged for Getachew,USER_ACTIVITY,hard_synthetic_v2
invoice #6678 created by Solomon .,FINANCIAL,hard_synthetic_v2
certificate pdf swapped by biruk m.,DATA_INTEGRITY,hard_synthetic_v2
2026-03-23 T63110: data issue,DATA_INTEGRITY,hard_synthetic_v2
as-built rev changed after client sign-off (solomon a.),DATA_INTEGRITY,hard_synthetic_v2
checklist incomplete for pour #30,COMPLIANCE,hard_synthetic_v2
2025-03-28 user list exported by Dawit H. after hours,DATA_INTEGRITY,hard_synthetic_v2
external data import by Dawit H.,COMPLIANCE,hard_synthetic_v2
2025-04-24 user list exported by Biruk M. after hours | awaiting confirmation - please confirm,USER_ACTIVITY,hard_synthetic_v2
sensitive salary data viewed by kidus a.,USER_ACTIVITY,hard_synthetic_v2
unusual activity volume by Marta T.,USER_ACTIVITY,hard_synthetic_v2
test results changed without approval (henok t.),DATA_INTEGRITY,hard_synthetic_v2
T48922: problem on DD Warehouse (check),REPORT_DOCUMENT,hard_synthetic_v2
generator hours high vs plan (Meron T.),PROJECT_RESOURCE,hard_synthetic_v2
T76144: certificate PDF swapped by Meron T. | awaiting confirmation,DATA_INTEGRITY,hard_synthetic_v2
2026-12-17 payment run for horizon mat by dawit h.,FINANCIAL,hard_synthetic_v2
T62179: checklist incomplete for pour #5,SECURITY,hard_synthetic_v2
2026-09-16 policy breach recorded for abebe k.,COMPLIANCE,hard_synthetic_v2
data issue multiple failed logins on,SECURITY,hard_synthetic_v2
toolbox talk sheet missing (tigist),COMPLIANCE,hard_synthetic_v2
as discussed - geo anomaly: Tigist appeared in two cities same day,SECURITY,hard_synthetic_v2
toolbox talk sheet missing (Dawit H.),COMPLIANCE,hard_synthetic_v2
Biruk M. modified contingency on Adama IP,FINANCIAL,hard_synthetic_v2
delivery note DN-477 edited after lock by Tigist,DATA_INTEGRITY,hard_synthetic_v2
T67681: invoice #3206 created by Abebe K.,USER_ACTIVITY,hard_synthetic_v2
certificate PDF swapped by Mesfin,DATA_INTEGRITY,hard_synthetic_v2
contractor import replaced values (Rahel G.),DATA_INTEGRITY,hard_synthetic_v2
2025-06-18 T80333: late submission of daily report (Getachew),COMPLIANCE,hard_synthetic_v2
T57363: file shared to sub@con.et by Yonas G.,REPORT_DOCUMENT,hard_synthetic_v2
budget increased 34% on DD Warehouse by Tigist,SECURITY,hard_synthetic_v2
T65648: 118 edits in under 5 min by Sara B.,USER_ACTIVITY,hard_synthetic_v2
fuel burn above baseline (Samuel) | please check,PROJECT_RESOURCE,hard_synthetic_v2
contract PDF mailed externally (Mesfin),PROJECT_RESOURCE,hard_synthetic_v2
2026-11-16 approval bypassed on wo-582 by meron t.,COMPLIANCE,hard_synthetic_v2
external share of project file (Solomon A.),REPORT_DOCUMENT,hard_synthetic_v2
from the meeting - multiple failed logins on Marta T. account - site lay,SECURITY,hard_synthetic_v2
2026-11-09 commercial rates shared outside (Hanna A.),REPORT_DOCUMENT,hard_synthetic_v2
delivery note DN-604 edited after lock by Biruk M.,DATA_INTEGRITY,hard_synthetic_v2
late submission of daily report (Henok T.),COMPLIANCE,hard_synthetic_v2
see attachment - ncr closed without qm signature (selam f.),COMPLIANCE,hard_synthetic_v2
QA plan changed post-approval (Biruk M.) | for your action,REPORT_DOCUMENT,hard_synthetic_v2
site report late by 7 days (henok t.),COMPLIANCE,hard_synthetic_v2
method statement still draft but signed (Sara B.),COMPLIANCE,hard_synthetic_v2
bulk delete of 36 rows by Tigist,USER_ACTIVITY,hard_synthetic_v2
data issue engineer Hanna A. tried,USER_ACTIVITY,hard_synthetic_v2
milestone 'MEP 1st fix' delayed (Meron T.) - site lay,PROJECT_RESOURCE,hard_synthetic_v2
T89307: getachew login failed from 197.128.30.237 - site lay,SECURITY,hard_synthetic_v2
late submission of daily report (Solomon A.),COMPLIANCE,hard_synthetic_v2
please check - commercial rates shared outside (getachew),REPORT_DOCUMENT,hard_synthetic_v2
"T70112: paymant of ETB 758,000 approved by Kidus A. | awaiting confirmation",FINANCIAL,hard_synthetic_v2
"T53604: cash advance ETB 320,000 logged by Rahel G.",FINANCIAL,hard_synthetic_v2
NCR closed without QM signature (Lidya W.) - site lay,COMPLIANCE,hard_synthetic_v2
full cost DB exported by Getachew,REPORT_DOCUMENT,hard_synthetic_v2
budget line edit on BD Hospital (Hanna A.),FINANCIAL,hard_synthetic_v2
"problem on Adama IP cash advance ETB 157,000",FINANCIAL,hard_synthetic_v2
T63208: data issue cost code changed on - site lay,FINANCIAL,hard_synthetic_v2
T32088: 209 edits in under 5 min by solomon a. - site lay,USER_ACTIVITY,hard_synthetic_v2
needs review contractor import replaced values,DATA_INTEGRITY,hard_synthetic_v2
file shared to sub@con.et by Marta T.,DATA_INTEGRITY,hard_synthetic_v2
bulk delete of 118 rows by yonas g.,USER_ACTIVITY,hard_synthetic_v2
mass status edit (53 tasks) by Hanna A.,USER_ACTIVITY,hard_synthetic_v2
T11059: needs review,SECURITY,hard_synthetic_v2
T21438: anomaly noted,PROJECT_RESOURCE,hard_synthetic_v2
external share of project file (Helen),REPORT_DOCUMENT,hard_synthetic_v2
certificate pdf swapped by rahel g.,DATA_INTEGRITY,hard_synthetic_v2
late submission of daily report (Abebe K.),COMPLIANCE,hard_synthetic_v2
qty take-off altered - no co (marta t.),DATA_INTEGRITY,hard_synthetic_v2
T40541: as discussed - PPE violation noted for crew of Helen,COMPLIANCE,hard_synthetic_v2
multiple failed logins on Helen account,SECURITY,hard_synthetic_v2
structure slipped 8 days (Samuel) - ezih,PROJECT_RESOURCE,hard_synthetic_v2
bereket d. changed ip during session,SECURITY,hard_synthetic_v2
site report late by 12 days (Henok T.),COMPLIANCE,hard_synthetic_v2
T20862: bulk reassign 148 tasks - no comment (Meron T.),USER_ACTIVITY,hard_synthetic_v2
T33358: rebar over-ordered 28% block C,PROJECT_RESOURCE,hard_synthetic_v2
2025-02-08 password reset requested then cancelled (rahel g.),SECURITY,hard_synthetic_v2
password reset requested then cancelled (Getachew),SECURITY,hard_synthetic_v2
method statement still draft but signed (Sara B.),COMPLIANCE,hard_synthetic_v2
from meeting - toolbox talk sheet missing (lidya w.),COMPLIANCE,hard_synthetic_v2
file shared to client@own.org by dawit h.,REPORT_DOCUMENT,hard_synthetic_v2
T94013: bulk delete of 144 rows by dawit h.,USER_ACTIVITY,hard_synthetic_v2
geo anomaly: helen appeared in two cities same day,SECURITY,hard_synthetic_v2
Tigist changed IP during session,SECURITY,hard_synthetic_v2
2025-12-21 unapproved edit to record by biruk m. (check),DATA_INTEGRITY,hard_synthetic_v2
2026-04-26 T74705: urgent - mass status edit (53 tasks) by Abebe K.,USER_ACTIVITY,hard_synthetic_v2
user list exproted by Getachew after hours,FINANCIAL,hard_synthetic_v2
T83430: checklist incomplete for pour #40 | for your action,COMPLIANCE,hard_synthetic_v2
bulk reassign 89 tasks - no comment (henok t.),USER_ACTIVITY,hard_synthetic_v2
approved ms edited after acceptance (samuel),REPORT_DOCUMENT,hard_synthetic_v2
test results changed without approval (biruk m.),DATA_INTEGRITY,hard_synthetic_v2
as-built rev changed after client sign-off (yonas g.),DATA_INTEGRITY,hard_synthetic_v2
T80102: budget increased 25% on BD Hospital by Solomon A.,FINANCIAL,hard_synthetic_v2
QA plan changed post-aproval (Rahel G.),REPORT_DOCUMENT,hard_synthetic_v2
Mesfin opened finance module (not their role),USER_ACTIVITY,hard_synthetic_v2
user list exported by Hanna A. after hours,USER_ACTIVITY,hard_synthetic_v2
2026-05-19 T17501: password reset requested then cancelled (rahel g.),SECURITY,hard_synthetic_v2
odd behaviour Helen changed IP during,SECURITY,hard_synthetic_v2
permit submitted after work started (Rahel G.),COMPLIANCE,hard_synthetic_v2
noted on site - CSV import overwrote approved qty (Rahel G.),DATA_INTEGRITY,hard_synthetic_v2
T40279: bulk delete of 153 rows by Samuel,USER_ACTIVITY,hard_synthetic_v2
"noted on site - expense claim ETB 727,000 from Bereket D.",FINANCIAL,hard_synthetic_v2
engineer Rahel G. tried to approve payment,USER_ACTIVITY,hard_synthetic_v2
ppe violation noted for crew of sara b.,COMPLIANCE,hard_synthetic_v2
test results changed without aproval (Yonas G.),DATA_INTEGRITY,hard_synthetic_v2
"anomaly noted cash advance ETB 127,000",FINANCIAL,hard_synthetic_v2
2025-05-14 from the meeting - Meron T. opened finance module (not their role),USER_ACTIVITY,hard_synthetic_v2
old spec rev deleted (Samuel),REPORT_DOCUMENT,hard_synthetic_v2
access concern env spill report delayed,COMPLIANCE,hard_synthetic_v2
2025-01-13 contractor review score 64/100 by Lidya W.,PROJECT_RESOURCE,hard_synthetic_v2
certificate pdf swapped by henok t.,DATA_INTEGRITY,hard_synthetic_v2
report problem dormant account helen active,USER_ACTIVITY,hard_synthetic_v2
large payment released without second sign-off (sara b.),FINANCIAL,hard_synthetic_v2
generator hours high vs plan (Samuel),PROJECT_RESOURCE,hard_synthetic_v2
file shared to client@own.org by Marta T.,REPORT_DOCUMENT,hard_synthetic_v2
Selam F. modified contingency on DD Warehouse,FINANCIAL,hard_synthetic_v2
2026-02-27 T47449: commercial rates shared outside (Dawit H.),REPORT_DOCUMENT,hard_synthetic_v2
2025-06-06 for your action - bugdet line edit on BD Hospital (Mesfin),FINANCIAL,hard_synthetic_v2
site report late by 6 days (Lidya W.),COMPLIANCE,hard_synthetic_v2
invoice #5528 deleted after payment (marta t.),FINANCIAL,hard_synthetic_v2
cement overuse 24% on Adama IP (Henok T.),PROJECT_RESOURCE,hard_synthetic_v2
T26916: invoice #1910 created by Helen,SECURITY,hard_synthetic_v2
contractor import replaced values (Yonas G.),DATA_INTEGRITY,hard_synthetic_v2
see attachment - commercial rates shared outside (sara b.),REPORT_DOCUMENT,hard_synthetic_v2
please investigate,COMPLIANCE,hard_synthetic_v2
see attachment - full cost DB exported by Biruk M.,REPORT_DOCUMENT,hard_synthetic_v2
urgent - commercial rates shared outside (helen),REPORT_DOCUMENT,hard_synthetic_v2
as-built rev changed after client sign-off (solomon a.),DATA_INTEGRITY,hard_synthetic_v2
2025-01-18 T36434: odd hour login by rahel g. at 18:00,SECURITY,hard_synthetic_v2
2026-05-26 geo anomaly: biruk m. appeared in two cities same day,SECURITY,hard_synthetic_v2
drawing pack uploaded by Helen,REPORT_DOCUMENT,hard_synthetic_v2
T87087: old spec rev deleted (Marta T.),REPORT_DOCUMENT,hard_synthetic_v2
attendance history row removed by Rahel G.,DATA_INTEGRITY,hard_synthetic_v2
report problem,DATA_INTEGRITY,hard_synthetic_v2
hold point skipped on foundation (selam f.),COMPLIANCE,hard_synthetic_v2
structure slipped 14 days (Getachew),PROJECT_RESOURCE,hard_synthetic_v2
T95571: password reset requested then cancelled (Marta T.),SECURITY,hard_synthetic_v2
please check - bulk delete of 120 rows by Kidus A.,USER_ACTIVITY,hard_synthetic_v2
odd hour login by meron t. at 23:00,SECURITY,hard_synthetic_v2
T93567: toolbox talk sheet missing (biruk m.),USER_ACTIVITY,hard_synthetic_v2
generator hours high vs plan (Yonas G.),PROJECT_RESOURCE,hard_synthetic_v2
excavator out 15 days - not returned (lidya w.),PROJECT_RESOURCE,hard_synthetic_v2
scaffold parts missing after demob (Meron T.) - site lay,PROJECT_RESOURCE,hard_synthetic_v2
paymant run for Horizon Mat by Abebe K.,FINANCIAL,hard_synthetic_v2
urgent - multiple failed logins on marta t. account,SECURITY,hard_synthetic_v2
session from unknown device (Bereket D.),SECURITY,hard_synthetic_v2
bulk delete of 56 rows by Bereket D.,USER_ACTIVITY,hard_synthetic_v2
check sara b. activity,REPORT_DOCUMENT,hard_synthetic_v2
site report late by 16 days (Meron T.),COMPLIANCE,hard_synthetic_v2
commercial rates shared outside (Mesfin),REPORT_DOCUMENT,hard_synthetic_v2
Meron T. changed IP during session,SECURITY,hard_synthetic_v2
marta t. login failed from 197.197.133.184,SECURITY,hard_synthetic_v2
old spec rev deleted (Kidus A.),FINANCIAL,hard_synthetic_v2
dormant account Yonas G. active after 3 months,USER_ACTIVITY,hard_synthetic_v2
equipment checkout overdue (Mesfin),DATA_INTEGRITY,hard_synthetic_v2
material overuse logged on Adama IP,PROJECT_RESOURCE,hard_synthetic_v2
NCR closed without QM signature (Marta T.),DATA_INTEGRITY,hard_synthetic_v2
Rahel G. opened finance module (not their role) - ezih,DATA_INTEGRITY,hard_synthetic_v2
T75174: budget increased 16% on Bole Tower by Henok T.,FINANCIAL,hard_synthetic_v2
T27585: report problem contract pdf mailed externally,REPORT_DOCUMENT,hard_synthetic_v2
qty take-off altered - no co (meron t.) | please check,DATA_INTEGRITY,hard_synthetic_v2
T73953: sensitive salary data viewed by Helen,USER_ACTIVITY,hard_synthetic_v2
2025-10-01 T15248: file shared to partner@ext.com by Marta T.,REPORT_DOCUMENT,hard_synthetic_v2
bulk reassign 168 tasks - no comment (yonas g.),COMPLIANCE,hard_synthetic_v2
T59165: generator hours high vs plan (helen) (check),PROJECT_RESOURCE,hard_synthetic_v2
2026-12-05 as-built zip downloaded by hanna a.,REPORT_DOCUMENT,hard_synthetic_v2
sensitive salary data viewed by Bereket D.,USER_ACTIVITY,hard_synthetic_v2
site report late by 4 days (marta t.),COMPLIANCE,hard_synthetic_v2
permission raised for selam f. without aproval - please confirm,SECURITY,hard_synthetic_v2
T85349: budget line edit on Bole Tower (Solomon A.) (check),FINANCIAL,hard_synthetic_v2
PPE violation noted for crew of Solomon A.,COMPLIANCE,hard_synthetic_v2
2026-05-28 failed authentication for Sara B.,SECURITY,hard_synthetic_v2
material overuse logged on DD Warehouse,PROJECT_RESOURCE,hard_synthetic_v2
"expense claim etb 21,000 from samuel",FINANCIAL,hard_synthetic_v2
unapproved edit to record by yonas g.,DATA_INTEGRITY,hard_synthetic_v2
external share of project file (helen),REPORT_DOCUMENT,hard_synthetic_v2
T50126: method statement still draft but signed (biruk m.),COMPLIANCE,hard_synthetic_v2
noted on site - permit submitted after work started (Bereket D.),COMPLIANCE,hard_synthetic_v2
T45816: 173 edits in under 5 min by solomon .,USER_ACTIVITY,hard_synthetic_v2
T52206: external data import by Selam F. - site lay,DATA_INTEGRITY,hard_synthetic_v2
sensitive salary data viewed by Yonas G.,USER_ACTIVITY,hard_synthetic_v2
test results changed without aproval (Henok T.),DATA_INTEGRITY,hard_synthetic_v2
drawing pack uploaded by Yonas G.,REPORT_DOCUMENT,hard_synthetic_v2
2025-01-09 repeated open of restricted folder by Yonas G.,USER_ACTIVITY,hard_synthetic_v2
needs review,FINANCIAL,hard_synthetic_v2
T30761: invoice #1809 deleted after paymant (Abebe K.),FINANCIAL,hard_synthetic_v2
progress report generated for Hawassa P2 (Kidus A.),REPORT_DOCUMENT,hard_synthetic_v2
duplicate supplier invioce #2190,DATA_INTEGRITY,hard_synthetic_v2
invoice #2819 deleted after payment (Marta T.),FINANCIAL,hard_synthetic_v2
generator hours high vs plan (Dawit H.),PROJECT_RESOURCE,hard_synthetic_v2
T47608: urgent - checklist incomplete for pour #16,COMPLIANCE,hard_synthetic_v2
2025-10-28 unauthorized access attempt by Lidya W.,SECURITY,hard_synthetic_v2
hold point skipped on foundation (Lidya W.),COMPLIANCE,hard_synthetic_v2
2025-09-06 cement overuse 37% on hawassa p2 (marta t.),PROJECT_RESOURCE,hard_synthetic_v2
rebar over-ordered 5% block D,PROJECT_RESOURCE,hard_synthetic_v2
"2026-03-11 paymant of ETB 440,000 approved by Helen",FINANCIAL,hard_synthetic_v2
T29333: cost code changed on po by hanna a. - please confirm,FINANCIAL,hard_synthetic_v2
T17563: data issue budget line edit on,FINANCIAL,hard_synthetic_v2
env spill report delayed (marta t.),COMPLIANCE,hard_synthetic_v2
rebar over-ordered 42% block C | please check,PROJECT_RESOURCE,hard_synthetic_v2
T12286: duplicate invoice #5862 entered,FINANCIAL,hard_synthetic_v2
checklist incomplete for pour #42,COMPLIANCE,hard_synthetic_v2
2026-03-01 T90400: for your action - document export by Dawit H.,REPORT_DOCUMENT,hard_synthetic_v2
milestone 'topped out' delayed (Henok T.),PROJECT_RESOURCE,hard_synthetic_v2
unapproved edit to record by Henok T.,DATA_INTEGRITY,hard_synthetic_v2
contractor import replaced values (Yonas G.),DATA_INTEGRITY,hard_synthetic_v2
T94429: generator hours high vs plan (sara b.),PROJECT_RESOURCE,hard_synthetic_v2
T29509: certificate PDF swapped by Sara B.,DATA_INTEGRITY,hard_synthetic_v2
large payment released without second sign-off (Selam F.),FINANCIAL,hard_synthetic_v2
2026-08-16 test results changed without approval (lidya w.) - ezih,DATA_INTEGRITY,hard_synthetic_v2
cost code changed on PO by Samuel,FINANCIAL,hard_synthetic_v2
need follow up - as-built zip downloaded by bereket d.,REPORT_DOCUMENT,hard_synthetic_v2
sensitive salary data viewed by yonas g.,USER_ACTIVITY,hard_synthetic_v2
repeated open of restricted folder by lidya w.,USER_ACTIVITY,hard_synthetic_v2
site report late by 3 days (yonas g.),COMPLIANCE,hard_synthetic_v2
T53128: Lidya W. tried admin console - denied,SECURITY,hard_synthetic_v2
T89818: cement overuse 44% on Adama IP (Bereket D.),PROJECT_RESOURCE,hard_synthetic_v2
approved MS edited after acceptance (Helen),REPORT_DOCUMENT,hard_synthetic_v2
material overuse logged on bole tower,PROJECT_RESOURCE,hard_synthetic_v2
T74220: as discussed - contractor import replaced values (Getachew) - ezih,DATA_INTEGRITY,hard_synthetic_v2
measurement sheet deleted (kidus a.),REPORT_DOCUMENT,hard_synthetic_v2
full cost DB exported by Tigist,REPORT_DOCUMENT,hard_synthetic_v2
site report late by 12 days (Marta T.),COMPLIANCE,hard_synthetic_v2
T38715: repeated open of restricted folder by mesfin,USER_ACTIVITY,hard_synthetic_v2
2025-03-13 old spec rev deleeted (dawit h.) - please confirm,REPORT_DOCUMENT,hard_synthetic_v2
checklist incomplete for pour #1,COMPLIANCE,hard_synthetic_v2
report problem,COMPLIANCE,hard_synthetic_v2
odd hour login by Mesfin at 15:00,SECURITY,hard_synthetic_v2
generator hours high vs plan (Biruk M.),PROJECT_RESOURCE,hard_synthetic_v2
for your action - test results changed without approval (kidus a.),DATA_INTEGRITY,hard_synthetic_v2
payment run for horizon mat by lidya w.,FINANCIAL,hard_synthetic_v2
progress report generated for ALR Ext (Samuel),REPORT_DOCUMENT,hard_synthetic_v2
selam f. changed ip during session,SECURITY,hard_synthetic_v2
problem on Adama IP permission raised for Rahel,SECURITY,hard_synthetic_v2
late submission of daily report (Biruk M.) (check),COMPLIANCE,hard_synthetic_v2
noted on site - equipment checkout overdue (Samuel),PROJECT_RESOURCE,hard_synthetic_v2
session from unknown device (marta t.),SECURITY,hard_synthetic_v2
T38670: NCR closed without QM signature (Abebe K.) | please check,COMPLIANCE,hard_synthetic_v2
T19609: drawing pack uploaded by Marta T.,REPORT_DOCUMENT,hard_synthetic_v2
2025-04-15 T29517: contractor import replaced values (hanna a.),DATA_INTEGRITY,hard_synthetic_v2
invoice #5884 deleted after payment (meron t.),FINANCIAL,hard_synthetic_v2
"cash advance etb 344,000 logged by getachew",FINANCIAL,hard_synthetic_v2
2026-06-03 duplicate supplier invioce #5165 | please check,DATA_INTEGRITY,hard_synthetic_v2
method statement still draft but signed (Rahel G.),COMPLIANCE,hard_synthetic_v2
subcon Ethio Steel NCR list updated by Bereket D.,DATA_INTEGRITY,hard_synthetic_v2
T17481: Marta T. modified contingency on DD Warehouse - please confirm,FINANCIAL,hard_synthetic_v2
2026-01-01 invoice #7504 created by rahel g. (check),FINANCIAL,hard_synthetic_v2
T47997: duplicate invoice #9210 entered,FINANCIAL,hard_synthetic_v2
approved ms edited after acceptance (hanna a.),REPORT_DOCUMENT,hard_synthetic_v2
document export by Solomon A. - site lay,REPORT_DOCUMENT,hard_synthetic_v2
T65545: sensitive salary data viewed by Abebe K. | for your action,USER_ACTIVITY,hard_synthetic_v2
excavator out 3 days - not returned (Marta T.),PROJECT_RESOURCE,hard_synthetic_v2
large paymant released without second sign-off (marta t.),FINANCIAL,hard_synthetic_v2
as-built rev changed after client sign-off (helen),DATA_INTEGRITY,hard_synthetic_v2
invioce #5799 created by Selam F.,FINANCIAL,hard_synthetic_v2
sensitive salary data viewed by Abebe K.,USER_ACTIVITY,hard_synthetic_v2
2026-01-11 user list exported by marta t. after hours - ezih,USER_ACTIVITY,hard_synthetic_v2
abebe k. tried admin console - denied,SECURITY,hard_synthetic_v2
duplicate invoice #6954 entered,FINANCIAL,hard_synthetic_v2
NCR closed without QM signature (Marta T.),COMPLIANCE,hard_synthetic_v2
T72964: engineer Meron T. tried to approve payment | need follow up,USER_ACTIVITY,hard_synthetic_v2
engineer henok t. tried to approve payment,USER_ACTIVITY,hard_synthetic_v2
2026-01-26 contractor review score 85/100 by dawit h.,SECURITY,hard_synthetic_v2
2026-09-20 T15394: duplicate invioce #9989 entered,FINANCIAL,hard_synthetic_v2
drawing pack uploaded by Hanna A.,REPORT_DOCUMENT,hard_synthetic_v2
per site instruction - PPE violation noted for crew of Henok T.,COMPLIANCE,hard_synthetic_v2
2026-09-19 as-built zip downloaded by mesfin,REPORT_DOCUMENT,hard_synthetic_v2
per site instruction - dormant account Selam F. active after 7 months,USER_ACTIVITY,hard_synthetic_v2
2025-04-23 issue with rahel g. repeated open of restricted,USER_ACTIVITY,hard_synthetic_v2
report problem attendance history row removed,DATA_INTEGRITY,hard_synthetic_v2
attendance history row removed by henok t. - ezih,DATA_INTEGRITY,hard_synthetic_v2
delivery note DN-892 edited after lock by Dawit H.,DATA_INTEGRITY,hard_synthetic_v2
contractor review score 63/100 by Helen,PROJECT_RESOURCE,hard_synthetic_v2
milestone 'foundation' delayed (Getachew),DATA_INTEGRITY,hard_synthetic_v2
2025-01-26 dormant account Solomon A. active after 5 months,USER_ACTIVITY,hard_synthetic_v2
CSV import overwrote approved qty (Meron T.),DATA_INTEGRITY,hard_synthetic_v2
unusual activity volume by Lidya W.,USER_ACTIVITY,hard_synthetic_v2
duplicate invoice #9131 entered,FINANCIAL,hard_synthetic_v2
method statement still draft but signed (Biruk M.),COMPLIANCE,hard_synthetic_v2
T50938: policy breach recorded for Marta T. | per site instruction,COMPLIANCE,hard_synthetic_v2
drawing pack uploaded by Hanna .,REPORT_DOCUMENT,hard_synthetic_v2
excavator out 13 days - not returned (Lidya W.),PROJECT_RESOURCE,hard_synthetic_v2
mass status edit (79 tasks) by mesfin,USER_ACTIVITY,hard_synthetic_v2
method statement still draft but signed (marta t.),COMPLIANCE,hard_synthetic_v2
role misuse flagged for bereket d. | as discussed,USER_ACTIVITY,hard_synthetic_v2
2025-05-28 T13536: as-built zip downloaded by getachew,REPORT_DOCUMENT,hard_synthetic_v2
material overuse logged on site 3,PROJECT_RESOURCE,hard_synthetic_v2
toolbox talk sheet missing (mesfin),COMPLIANCE,hard_synthetic_v2
budget increased 37% on BD Hospital by Bereket D.,FINANCIAL,hard_synthetic_v2
invoice #8999 created by Dawit H.,FINANCIAL,hard_synthetic_v2
invioce #9573 created by helen,FINANCIAL,hard_synthetic_v2
issue with kidus a. duplicate invoice #3566 entered,FINANCIAL,hard_synthetic_v2
approval bypassed on WO-394 by Abebe K.,COMPLIANCE,hard_synthetic_v2
PPE violation noted for crew of Helen,COMPLIANCE,hard_synthetic_v2
2025-05-23 session from unknown device (rahel g.),SECURITY,hard_synthetic_v2
approval bypassed on WO-382 by Biruk M.,COMPLIANCE,hard_synthetic_v2
T78720: suspicious login pattern detected (Yonas G.),COMPLIANCE,hard_synthetic_v2
needs review Henok T. opened finance,USER_ACTIVITY,hard_synthetic_v2
T43504: test results changed without approval (Henok T.),DATA_INTEGRITY,hard_synthetic_v2
sensitive salary data viewed by Selam F. | noted on site (check),USER_ACTIVITY,hard_synthetic_v2
T53053: Solomon A. tried admin console - denied,SECURITY,hard_synthetic_v2
2025-01-20 unapproved edit to record by Rahel G. | temporary entry,DATA_INTEGRITY,hard_synthetic_v2
milestone 'MEP 1st fix' delayed (Mesfin),PROJECT_RESOURCE,hard_synthetic_v2
please investigate cement overuse 10% on,PROJECT_RESOURCE,hard_synthetic_v2
qa plan changed post-approval (hanna a.),REPORT_DOCUMENT,hard_synthetic_v2
invioce #7051 deleted after paymant (sara b.) | awaiting confirmation,FINANCIAL,hard_synthetic_v2
contractor review score 39/100 by Biruk M.,PROJECT_RESOURCE,hard_synthetic_v2
T75751: bulk reassign 36 tasks - no comment (Rahel G.),USER_ACTIVITY,hard_synthetic_v2
milestone 'facade' delayed (Marta T.),PROJECT_RESOURCE,hard_synthetic_v2
env spill report delayed (Samuel),COMPLIANCE,hard_synthetic_v2
contractor import replaced values (lidya w.),DATA_INTEGRITY,hard_synthetic_v2
T91261: scaffold parts missing after demob (Meron T.),PROJECT_RESOURCE,hard_synthetic_v2
contract pdf mailed externally (meron t.) - please confirm,REPORT_DOCUMENT,hard_synthetic_v2
T48027: paymant run for Abyssinia Hire by Helen,FINANCIAL,hard_synthetic_v2
45 edits in under 5 min by Biruk M.,USER_ACTIVITY,hard_synthetic_v2
tigist login failed from 197.122.101.163,SECURITY,hard_synthetic_v2
flagged item,PROJECT_RESOURCE,hard_synthetic_v2
needs review,USER_ACTIVITY,hard_synthetic_v2
engineer Meron T. tried to approve payment | as discussed,USER_ACTIVITY,hard_synthetic_v2
please investigate,USER_ACTIVITY,hard_synthetic_v2
checklist incomplete for pour #37,COMPLIANCE,hard_synthetic_v2
T27904: access concern - site lay,DATA_INTEGRITY,hard_synthetic_v2
2025-01-19 data issue Henok T. opened finance,USER_ACTIVITY,hard_synthetic_v2
bulk delete of 183 rows by Bereket D.,USER_ACTIVITY,hard_synthetic_v2
dawit h. tried admin console - denied,SECURITY,hard_synthetic_v2
scaffold parts missing after demob (Getachew),PROJECT_RESOURCE,hard_synthetic_v2
T77669: scaffold parts missing after demob (Helen),PROJECT_RESOURCE,hard_synthetic_v2
large paymant released without second sign-off (Mesfin),SECURITY,hard_synthetic_v2
budget line edit on DD Warehouse (Biruk M.),FINANCIAL,hard_synthetic_v2
cost code changed on PO by Getachew | see attachment,FINANCIAL,hard_synthetic_v2
199 edits in under 5 min by Bereket D. | urgent,USER_ACTIVITY,hard_synthetic_v2
data issue,USER_ACTIVITY,hard_synthetic_v2
cement overuse 13% on ALR Ext (Yonas G.),PROJECT_RESOURCE,hard_synthetic_v2
T59894: scaffold parts missing after demob (Lidya W.),PROJECT_RESOURCE,hard_synthetic_v2
test results changed without aproval (hanna a.),FINANCIAL,hard_synthetic_v2
T89092: faild authentication for selam f.,SECURITY,hard_synthetic_v2
2026-02-17 cost code changed on po by kidus a.,FINANCIAL,hard_synthetic_v2
T61669: issue with Biruk M. invoice #2989 created by,FINANCIAL,hard_synthetic_v2
unapproved edit to record by Biruk M.,DATA_INTEGRITY,hard_synthetic_v2
"cash advance ETB 300,000 logged by Marta T.",FINANCIAL,hard_synthetic_v2
full cost DB exported by Hanna A.,REPORT_DOCUMENT,hard_synthetic_v2
budget increased 15% on Site 3 by Helen,FINANCIAL,hard_synthetic_v2
measurement sheet deleted (Getachew),DATA_INTEGRITY,hard_synthetic_v2
T89115: milestone 'facade' delayed (Solomon A.),PROJECT_RESOURCE,hard_synthetic_v2
hold point skipped on foundation (Biruk M.),COMPLIANCE,hard_synthetic_v2
T25584: data issue user list exported by,USER_ACTIVITY,hard_synthetic_v2
payment run for Nile Const by Solomon A. (check),FINANCIAL,hard_synthetic_v2
T46560: old spec rev deleted (Kidus A.) - ezih,REPORT_DOCUMENT,hard_synthetic_v2
scaffold parts missing after demob (kidus a.) | for your action,PROJECT_RESOURCE,hard_synthetic_v2
unusual activity volume by Lidya W.,USER_ACTIVITY,hard_synthetic_v2
approval bypassed on WO-445 by Abebe K.,COMPLIANCE,hard_synthetic_v2
T84870: duplicate supplier invoice #5830,DATA_INTEGRITY,hard_synthetic_v2
needs review Solomon . changed IP,SECURITY,hard_synthetic_v2
bulk reassign 209 tasks - no comment (Sara B.),USER_ACTIVITY,hard_synthetic_v2
approval bypassed on wo-542 by rahel g.,COMPLIANCE,hard_synthetic_v2
doc export by abebe k.,REPORT_DOCUMENT,hard_synthetic_v2
"payment of ETB 292,000 approved by Kidus A.",FINANCIAL,hard_synthetic_v2
T80861: invoice #7246 deleeted after payment (solomon a.) | see attachment,FINANCIAL,hard_synthetic_v2
qty take-off altered - no CO (Kidus A.),DATA_INTEGRITY,hard_synthetic_v2
2026-07-23 geo anomaly: Henok T. appeared in two cities same day,SECURITY,hard_synthetic_v2
as-built ZIP downloaded by Samuel,REPORT_DOCUMENT,hard_synthetic_v2
PPE violation noted for crew of Biruk M.,COMPLIANCE,hard_synthetic_v2
"cash advance etb 833,000 logged by kidus a.",FINANCIAL,hard_synthetic_v2
"cash advance ETB 845,000 logged by Hanna A.",FINANCIAL,hard_synthetic_v2
structure slipped 16 days (Henok T.),PROJECT_RESOURCE,hard_synthetic_v2
2026-03-07 user list exproted by Meron T. after hours,USER_ACTIVITY,hard_synthetic_v2
geo anomaly: Lidya W. appeared in two cities same day,SECURITY,hard_synthetic_v2
T35599: awaiting confirmation - subcon Horizon Mat NCR list updated by Henok T.,PROJECT_RESOURCE,hard_synthetic_v2
T61372: multiple failed log-ins on Selam F. account | noted on site,SECURITY,hard_synthetic_v2
T57978: old spec rev deleted (biruk m.),REPORT_DOCUMENT,hard_synthetic_v2
Bereket D. login failed from 197.251.39.243,PROJECT_RESOURCE,hard_synthetic_v2
2026-06-22 equipment checkout overdue (Marta T.),PROJECT_RESOURCE,hard_synthetic_v2
check Biruk M. activity milestone 'MEP 1st fix',PROJECT_RESOURCE,hard_synthetic_v2
T67345: structure slipped 13 days (Samuel) - ezih,DATA_INTEGRITY,hard_synthetic_v2
env spill report delayed (kidus a.),COMPLIANCE,hard_synthetic_v2
as discussed - NCR closed without QM signature (Henok T.),COMPLIANCE,hard_synthetic_v2
duplicate supplier invoice #6061,DATA_INTEGRITY,hard_synthetic_v2
T75118: CSV import overwrote approved qty (Sara B.),DATA_INTEGRITY,hard_synthetic_v2
check Bereket D. activity excavator out 10 days,PROJECT_RESOURCE,hard_synthetic_v2
budget line edit on Site 3 (Lidya W.),FINANCIAL,hard_synthetic_v2
from the meeting - duplicate supplier invioce #5429,DATA_INTEGRITY,hard_synthetic_v2
T81707: suspicious login pattern detected (rahel g.) - please confirm,SECURITY,hard_synthetic_v2
csv import overwrote approved qty (sara b.),DATA_INTEGRITY,hard_synthetic_v2
session from unknown device (Lidya W.),SECURITY,hard_synthetic_v2
attendance history row removed by henok t.,DATA_INTEGRITY,hard_synthetic_v2
bugdet increased 17% on Bole Tower by Sara B.,DATA_INTEGRITY,hard_synthetic_v2
issue with Selam F. PPE violation noted for,COMPLIANCE,hard_synthetic_v2
T88673: duplicate supplier invoice #8812,DATA_INTEGRITY,hard_synthetic_v2
2025-01-12 qty take-off altered - no CO (Dawit H.),PROJECT_RESOURCE,hard_synthetic_v2
invoice #6807 deleted after payment (Dawit H.),FINANCIAL,hard_synthetic_v2
T85374: large payment released without second sign-off (henok t.) | temporary entry,FINANCIAL,hard_synthetic_v2
geo anomaly: marta t. appeared in two cities same day,FINANCIAL,hard_synthetic_v2
T48305: milestone 'finishes' delayed (Marta T.) - ezih,PROJECT_RESOURCE,hard_synthetic_v2
approved MS edited after acceptance (Dawit H.),REPORT_DOCUMENT,hard_synthetic_v2
please investigate,USER_ACTIVITY,hard_synthetic_v2
107 edits in under 5 min by henok t.,USER_ACTIVITY,hard_synthetic_v2
T32289: material overuse logged on BD Hospital | awaiting confirmation,PROJECT_RESOURCE,hard_synthetic_v2
2025-09-22 suspicious login pattern detected (Rahel G.),SECURITY,hard_synthetic_v2
file shared to client@own.org by Lidya W.,REPORT_DOCUMENT,hard_synthetic_v2
Rahel G. modified contingency on Hawassa P2,FINANCIAL,hard_synthetic_v2
payment run for abyssinia hire by hanna a.,FINANCIAL,hard_synthetic_v2
2026-07-26 temporary entry - generator hours high vs plan (Dawit H.) - ezih,PROJECT_RESOURCE,hard_synthetic_v2
T75891: NCR closed without QM signature (Rahel G.),DATA_INTEGRITY,hard_synthetic_v2
fuel burn above baseline (Bereket D.) | noted on site,PROJECT_RESOURCE,hard_synthetic_v2
need follow up - unusual activity volume by Helen,USER_ACTIVITY,hard_synthetic_v2
role misuse flagged for Sara B.,USER_ACTIVITY,hard_synthetic_v2
old spec rev deleted (bereket d.),REPORT_DOCUMENT,hard_synthetic_v2
excavator out 9 days - not returned (Tigist),DATA_INTEGRITY,hard_synthetic_v2
ncr closed without qm signature (abebe k.),COMPLIANCE,hard_synthetic_v2
T68681: report problem permission raised for Yonas - ezih,SECURITY,hard_synthetic_v2
method statement still draft but signed (Mesfin),COMPLIANCE,hard_synthetic_v2
T22228: check rahel g. activity,FINANCIAL,hard_synthetic_v2
as discussed - excavator out 1 days - not returned (helen),PROJECT_RESOURCE,hard_synthetic_v2
payment run for abyssinia hire by tigist - site lay,COMPLIANCE,hard_synthetic_v2
qa plan changed post-aproval (solomon a.),REPORT_DOCUMENT,hard_synthetic_v2
contractor review score 58/100 by solomon a.,PROJECT_RESOURCE,hard_synthetic_v2
hold point skipped on foundation (mesfin),COMPLIANCE,hard_synthetic_v2
mass status edit (81 tasks) by Samuel,USER_ACTIVITY,hard_synthetic_v2
external data import by rahel g.,DATA_INTEGRITY,hard_synthetic_v2
permision raised for Helen without approval - site lay,SECURITY,hard_synthetic_v2
2026-01-17 T54772: unapproved edit to record by hanna .,DATA_INTEGRITY,hard_synthetic_v2
old spec rev deleted (biruk m.),REPORT_DOCUMENT,hard_synthetic_v2
T17836: payment run for nile const by yonas g.,FINANCIAL,hard_synthetic_v2
qty take-off altered - no co (dawit h.) | see attachment,DATA_INTEGRITY,hard_synthetic_v2
milestone 'facade' delayed (Dawit H.),PROJECT_RESOURCE,hard_synthetic_v2
data issue generator hours high vs,PROJECT_RESOURCE,hard_synthetic_v2
Lidya W. login failed from 197.64.219.9,FINANCIAL,hard_synthetic_v2
scaffold parts missing after demob (Hanna .),PROJECT_RESOURCE,hard_synthetic_v2
177 edits in under 5 min by rahel g.,USER_ACTIVITY,hard_synthetic_v2
T62393: method statement still draft but signed (Hanna A.),COMPLIANCE,hard_synthetic_v2
rebar over-ordered 31% block,PROJECT_RESOURCE,hard_synthetic_v2
2026-07-19 checklist incomplete for pour #31,COMPLIANCE,hard_synthetic_v2
T49404: samuel changed ip during session,SECURITY,hard_synthetic_v2
needs review certificate PDF swapped by,DATA_INTEGRITY,hard_synthetic_v2
unusual activity volume by Marta T.,FINANCIAL,hard_synthetic_v2
flagged item,PROJECT_RESOURCE,hard_synthetic_v2
T89417: permit submitted after work started (Samuel),REPORT_DOCUMENT,hard_synthetic_v2
2025-02-09 mass status edit (47 tasks) by biruk m.,USER_ACTIVITY,hard_synthetic_v2
subcon Horizon Mat NCR list updated by Abebe K.,PROJECT_RESOURCE,hard_synthetic_v2
duplicate invoice #6157 entered,FINANCIAL,hard_synthetic_v2
document export by tigist | please check,REPORT_DOCUMENT,hard_synthetic_v2
test results changed without approval (mesfin),DATA_INTEGRITY,hard_synthetic_v2
T25073: test results changed without approval (Lidya W.),DATA_INTEGRITY,hard_synthetic_v2
approved MS edited after acceptance (Yonas G.),REPORT_DOCUMENT,hard_synthetic_v2
"payment of ETB 594,000 approved by Sara B.",SECURITY,hard_synthetic_v2
2026-03-01 env spill report delayed (Marta T.),COMPLIANCE,hard_synthetic_v2
delivery note DN-322 edited after lock by Samuel,DATA_INTEGRITY,hard_synthetic_v2
progress report generated for alr ext (marta t.),REPORT_DOCUMENT,hard_synthetic_v2
T81698: commercial rates shared outside (Meron T.),REPORT_DOCUMENT,hard_synthetic_v2
generator hours high vs plan (meron t.),PROJECT_RESOURCE,hard_synthetic_v2
cost code changed on PO by Abebe K.,FINANCIAL,hard_synthetic_v2
measurement sheet deleted (Solomon A.),DATA_INTEGRITY,hard_synthetic_v2
checklist incomplete for pour #11,COMPLIANCE,hard_synthetic_v2
geo anomaly: mesfin appeared in two cities same day,SECURITY,hard_synthetic_v2
repeated open of restricted folder by Bereket D.,USER_ACTIVITY,hard_synthetic_v2
aproval bypassed on wo-197 by biruk m.,COMPLIANCE,hard_synthetic_v2
issue with Samuel failed authentication for Lidya,SECURITY,hard_synthetic_v2
unusual activity volume by Rahel G.,USER_ACTIVITY,hard_synthetic_v2
mesfin modified contingency on hawassa p2,FINANCIAL,hard_synthetic_v2
"expense claim ETB 193,000 from Sara B.",FINANCIAL,hard_synthetic_v2
engineer Lidya W. tried to approve payment,USER_ACTIVITY,hard_synthetic_v2
"T56681: payment of etb 538,000 approved by tigist",FINANCIAL,hard_synthetic_v2
T49690: NCR closed without QM signature (Marta T.),COMPLIANCE,hard_synthetic_v2
bulk reassign 83 tasks - no comment (Marta T.),USER_ACTIVITY,hard_synthetic_v2
need follow up - permision raised for yonas g. without approval,SECURITY,hard_synthetic_v2
Rahel G. changed IP during session,SECURITY,hard_synthetic_v2
site report late by 6 days (Marta T.) - please confirm,COMPLIANCE,hard_synthetic_v2
policy breach recorded for Hanna A.,COMPLIANCE,hard_synthetic_v2
structure slipped 4 days (Rahel G.),PROJECT_RESOURCE,hard_synthetic_v2
data issue unapproved edit to record,DATA_INTEGRITY,hard_synthetic_v2
permit submitted after work started (Yonas G.),COMPLIANCE,hard_synthetic_v2
2025-03-07 unusual activity volume by Marta T.,USER_ACTIVITY,hard_synthetic_v2
password reset requested then cancelled (Kidus A.) - ezih,COMPLIANCE,hard_synthetic_v2
205 edits in under 5 min by Meron T.,USER_ACTIVITY,hard_synthetic_v2
delivery note DN-770 edited after lock by Selam F.,DATA_INTEGRITY,hard_synthetic_v2
see attachment - rebar over-ordered 35% block A,PROJECT_RESOURCE,hard_synthetic_v2
commercial rates shared outside (selam f.),REPORT_DOCUMENT,hard_synthetic_v2
flagged item (check),DATA_INTEGRITY,hard_synthetic_v2
noted on site - progress report generated for DD Warehouse (Lidya W.),REPORT_DOCUMENT,hard_synthetic_v2
report problem Hanna A. opened finance,USER_ACTIVITY,hard_synthetic_v2
budget increased 30% on DD Warehouse by Yonas G. - ezih,FINANCIAL,hard_synthetic_v2
invoice #3009 deleted after payment (abebe k.),FINANCIAL,hard_synthetic_v2
T84406: doc export by samuel,REPORT_DOCUMENT,hard_synthetic_v2
invoice #6445 deleeted after payment (Selam F.),FINANCIAL,hard_synthetic_v2
document exprot by Mesfin,REPORT_DOCUMENT,hard_synthetic_v2
invoice #4399 created by Biruk M.,FINANCIAL,hard_synthetic_v2
role misuse flagged for henok t.,USER_ACTIVITY,hard_synthetic_v2
2026-03-01 reprot problem user list exported by,USER_ACTIVITY,hard_synthetic_v2
as discussed - contractor review score 31/100 by Solomon A.,PROJECT_RESOURCE,hard_synthetic_v2
qty take-off altered - no CO (Biruk M.) - please confirm,DATA_INTEGRITY,hard_synthetic_v2
T39523: 189 edits in under 5 min by selam f.,USER_ACTIVITY,hard_synthetic_v2
equipment checkout overdue (helen),PROJECT_RESOURCE,hard_synthetic_v2
csv import overwrote approved qty (rahel g.),DATA_INTEGRITY,hard_synthetic_v2
T59632: engineer Sara B. tried to approve payment,USER_ACTIVITY,hard_synthetic_v2
structure slipped 14 days (marta t.),PROJECT_RESOURCE,hard_synthetic_v2
odd hour login by Lidya W. at 12:00,SECURITY,hard_synthetic_v2
2025-11-09 as-built rev changed after client sign-off (Bereket D.),DATA_INTEGRITY,hard_synthetic_v2
T36654: equipment checkout overdue (Abebe K.),PROJECT_RESOURCE,hard_synthetic_v2
2026-08-06 checklist incomplete for pour #20,COMPLIANCE,hard_synthetic_v2
2026-07-04 flagged item milestone 'finishes' delayed (solomon,PROJECT_RESOURCE,hard_synthetic_v2
2026-04-03 T28699: unusual activity volume by Dawit H.,USER_ACTIVITY,hard_synthetic_v2
approved MS edited after acceptance (Biruk M.),REPORT_DOCUMENT,hard_synthetic_v2
password reset requested then cancelled (Biruk M.) | need follow up,SECURITY,hard_synthetic_v2
T60876: data issue PPE violation noted for - please confirm,COMPLIANCE,hard_synthetic_v2
PPE violation noted for crew of Sara B. | per site instruction,COMPLIANCE,hard_synthetic_v2
awaiting confirmation - invioce #4946 created by Kidus A.,FINANCIAL,hard_synthetic_v2
toolbox talk sheet missing (lidya w.) - please confirm,COMPLIANCE,hard_synthetic_v2
duplicate supplier invioce #9442,REPORT_DOCUMENT,hard_synthetic_v2
attendance history row removed by Biruk M.,DATA_INTEGRITY,hard_synthetic_v2
reprot problem method statement still draft,COMPLIANCE,hard_synthetic_v2
2026-08-22 approval bypassed on wo-437 by selam f.,COMPLIANCE,hard_synthetic_v2
problem on DD Warehouse permision raised for Rahel,SECURITY,hard_synthetic_v2
file shared to sub@con.et by kidus .,REPORT_DOCUMENT,hard_synthetic_v2
odd hour login by biruk m. at 19:00,SECURITY,hard_synthetic_v2
scaffold parts missing after demob (Tigist),PROJECT_RESOURCE,hard_synthetic_v2
contractor import replaced values (rahel g.),DATA_INTEGRITY,hard_synthetic_v2
contractor review score 50/100 by Samuel - site lay,PROJECT_RESOURCE,hard_synthetic_v2
"2026-06-20 cash advance etb 754,000 logged by meron t.",FINANCIAL,hard_synthetic_v2
"please check - cash advance ETB 174,000 logged by Tigist",FINANCIAL,hard_synthetic_v2
full cost DB exproted by Marta T.,REPORT_DOCUMENT,hard_synthetic_v2
generator hours high vs plan (Marta T.),FINANCIAL,hard_synthetic_v2
site report late by 13 days (Samuel),COMPLIANCE,hard_synthetic_v2
approved MS edited after acceptance (Kidus A.),REPORT_DOCUMENT,hard_synthetic_v2
file shared to partner@ext.com by Hanna A.,REPORT_DOCUMENT,hard_synthetic_v2
T36012: check bereket d. activity,FINANCIAL,hard_synthetic_v2
role misuse flagged for hanna .,USER_ACTIVITY,hard_synthetic_v2
payment run for nile const by hanna a. - site lay,FINANCIAL,hard_synthetic_v2
unapproved edit to record by Kidus A.,DATA_INTEGRITY,hard_synthetic_v2
Bereket D. login failed from 197.152.223.10,SECURITY,hard_synthetic_v2
"expense claim etb 843,000 from henok t.",FINANCIAL,hard_synthetic_v2
bulk delete of 50 rows by Solomon A. | see attachment,USER_ACTIVITY,hard_synthetic_v2
contractor import replaced values (sara b.),DATA_INTEGRITY,hard_synthetic_v2
flagged item suspicious login pattern detected,SECURITY,hard_synthetic_v2
odd behaviour suspicious login pattern detected,SECURITY,hard_synthetic_v2
drawing pack uploaded by sara b. - site lay,USER_ACTIVITY,hard_synthetic_v2
toolbox talk sheet missing (Hanna A.),COMPLIANCE,hard_synthetic_v2
T11785: see attachment - subcon abyssinia hire ncr list updated by getachew,PROJECT_RESOURCE,hard_synthetic_v2
urgent - PPE violation noted for crew of Samuel,COMPLIANCE,hard_synthetic_v2
T61815: progress report generated for ALR Ext (Marta T.),REPORT_DOCUMENT,hard_synthetic_v2
suspicious login pattern detected (Sara B.),SECURITY,hard_synthetic_v2
contract PDF mailed externally (Dawit H.),REPORT_DOCUMENT,hard_synthetic_v2
permit submitted after work started (Lidya W.),COMPLIANCE,hard_synthetic_v2
T44176: check Selam F. activity,DATA_INTEGRITY,hard_synthetic_v2
late submission of daily reprot (Abebe K.),COMPLIANCE,hard_synthetic_v2
2025-12-01 rebar over-ordered 47% block c,FINANCIAL,hard_synthetic_v2
failed authentication for samuel,SECURITY,hard_synthetic_v2
progress report generated for DD Warehouse (Samuel),REPORT_DOCUMENT,hard_synthetic_v2
invoice #7366 created by Samuel,FINANCIAL,hard_synthetic_v2
fuel burn above baseline (solomon .),PROJECT_RESOURCE,hard_synthetic_v2
T64931: delivery note DN-234 edited after lock by Selam F. | from the meeting,DATA_INTEGRITY,hard_synthetic_v2
T52656: budget increased 28% on Adama IP by Sara B.,FINANCIAL,hard_synthetic_v2
2026-03-23 T36042: env spill report delayed (Hanna A.) | awaiting confirmation,COMPLIANCE,hard_synthetic_v2
suspicious login pattern detected (samuel),SECURITY,hard_synthetic_v2
hold point skipped on foundation (Selam F.),COMPLIANCE,hard_synthetic_v2
T71949: QA plan changed post-approval (Solomon A.),REPORT_DOCUMENT,hard_synthetic_v2
excavator out 2 days - not returned (sara b.),PROJECT_RESOURCE,hard_synthetic_v2
"cash advance ETB 578,000 logged by Samuel",FINANCIAL,hard_synthetic_v2
check helen activity,USER_ACTIVITY,hard_synthetic_v2
measurement sheet deleeted (Tigist),DATA_INTEGRITY,hard_synthetic_v2
fuel burn above baseline (henok t.) - site lay,PROJECT_RESOURCE,hard_synthetic_v2
method statement still draft but signed (Samuel),COMPLIANCE,hard_synthetic_v2
duplicate supplier invoice #2003,DATA_INTEGRITY,hard_synthetic_v2
2025-11-06 password reset requested then cancelled (Rahel G.),SECURITY,hard_synthetic_v2
2025-05-07 geo anomaly: Sara B. appeared in two cities same day,SECURITY,hard_synthetic_v2
milestone 'finishes' delayed (Henok T.),PROJECT_RESOURCE,hard_synthetic_v2
toolbox talk sheet missing (Bereket D.),COMPLIANCE,hard_synthetic_v2
cement overuse 41% on alr ext (mesfin) - ezih,PROJECT_RESOURCE,hard_synthetic_v2
mass status edit (61 tasks) by Sara B.,USER_ACTIVITY,hard_synthetic_v2
T28353: unusual activity volume by Getachew,USER_ACTIVITY,hard_synthetic_v2
equipment checkout overdue (Biruk M.),PROJECT_RESOURCE,hard_synthetic_v2
rebar over-ordered 40% block D,PROJECT_RESOURCE,hard_synthetic_v2
168 edits in under 5 min by Selam F.,USER_ACTIVITY,hard_synthetic_v2
2026-12-26 suspicious login pattern detected (marta t.),SECURITY,hard_synthetic_v2
measurement sheet deleeted (Abebe K.),DATA_INTEGRITY,hard_synthetic_v2
budget line edit on DD Warehouse (Mesfin),FINANCIAL,hard_synthetic_v2
T53674: toolbox talk sheet missing (Selam F.),COMPLIANCE,hard_synthetic_v2
T87543: toolbox talk sheet missing (Yonas G.),COMPLIANCE,hard_synthetic_v2
QA plan changed post-aproval (Selam F.),REPORT_DOCUMENT,hard_synthetic_v2
budget line edit on Adama IP (Rahel G.),FINANCIAL,hard_synthetic_v2
cost code changed on PO by Kidus A.,FINANCIAL,hard_synthetic_v2
from the meeting - bulk delete of 46 rows by sara b.,USER_ACTIVITY,hard_synthetic_v2
duplicate invioce #7079 entered,FINANCIAL,hard_synthetic_v2
unauthorized access attempt by Solomon A.,SECURITY,hard_synthetic_v2
cement overuse 29% on Hawassa P2 (Bereket D.) | as discussed,PROJECT_RESOURCE,hard_synthetic_v2
T30618: as discussed - budget line edit on ALR Ext (Kidus A.),FINANCIAL,hard_synthetic_v2
bulk delete of 218 rows by solomon a.,USER_ACTIVITY,hard_synthetic_v2
2025-05-23 approved MS edited after acceptance (Sara B.),REPORT_DOCUMENT,hard_synthetic_v2
urgent - contractor import replaced values (selam f.),DATA_INTEGRITY,hard_synthetic_v2
from the meeting - checklist incomplete for pour #44,COMPLIANCE,hard_synthetic_v2
cement overuse 8% on ALR Ext (Mesfin),PROJECT_RESOURCE,hard_synthetic_v2
T10896: large payment released without second sign-off (Mesfin),FINANCIAL,hard_synthetic_v2
env spill report delayed (kidus a.) (check),COMPLIANCE,hard_synthetic_v2
2025-02-15 dormant account mesfin active after 4 months,USER_ACTIVITY,hard_synthetic_v2
repeated open of restricted folder by yonas g.,USER_ACTIVITY,hard_synthetic_v2
progress report generated for site 3 (helen),REPORT_DOCUMENT,hard_synthetic_v2
attendance history row removed by rahel g.,DATA_INTEGRITY,hard_synthetic_v2
data issue late submission of daily,COMPLIANCE,hard_synthetic_v2
2025-02-26 Tigist changed IP during session,SECURITY,hard_synthetic_v2
file shared to partner@ext.com by Solomon .,REPORT_DOCUMENT,hard_synthetic_v2
2026-03-10 material overuse logged on DD Warehouse | awaiting confirmation,PROJECT_RESOURCE,hard_synthetic_v2
full cost DB exproted by Abebe K.,REPORT_DOCUMENT,hard_synthetic_v2
cement overuse 48% on Bole Tower (Henok T.),PROJECT_RESOURCE,hard_synthetic_v2
QA plan changed post-approval (Hanna A.),REPORT_DOCUMENT,hard_synthetic_v2
user list exported by Hanna . after hours,USER_ACTIVITY,hard_synthetic_v2
"payment of ETB 836,000 approved by Mesfin",FINANCIAL,hard_synthetic_v2
site report late by 8 days (Bereket D.),COMPLIANCE,hard_synthetic_v2
duplicate supplier invoice #6295,COMPLIANCE,hard_synthetic_v2
contractor import replaced values (Marta T.),DATA_INTEGRITY,hard_synthetic_v2
T35381: access concern ncr closed without qm,COMPLIANCE,hard_synthetic_v2
T13817: Marta T. login failed from 197.88.37.101,SECURITY,hard_synthetic_v2
sensitive salary data viewed by Lidya W.,USER_ACTIVITY,hard_synthetic_v2
dormant account Sara B. active after 11 months,USER_ACTIVITY,hard_synthetic_v2
budget increased 6% on ALR Ext by Abebe K.,FINANCIAL,hard_synthetic_v2
2026-03-09 need follow up - measurement sheet deleted (helen),DATA_INTEGRITY,hard_synthetic_v2
approval bypassed on wo-807 by dawit h.,COMPLIANCE,hard_synthetic_v2
please investigate unusual activity volume by,USER_ACTIVITY,hard_synthetic_v2
2026-10-10 external share of project file (Solomon A.),REPORT_DOCUMENT,hard_synthetic_v2
"2026-07-20 expense claim ETB 697,000 from Solomon A.",FINANCIAL,hard_synthetic_v2
bulk delete of 62 rows by Solomon A.,PROJECT_RESOURCE,hard_synthetic_v2
mesfin changed ip during session,SECURITY,hard_synthetic_v2
issue with Hanna A.,SECURITY,hard_synthetic_v2
T93955: generator hours high vs plan (Helen) | temporary entry (check),PROJECT_RESOURCE,hard_synthetic_v2
excavator out 12 days - not returned (Sara B.),PROJECT_RESOURCE,hard_synthetic_v2
faild authentication for helen,SECURITY,hard_synthetic_v2
equipement checkout overdue (solomon a.),DATA_INTEGRITY,hard_synthetic_v2
budget increased 35% on site 3 by rahel g.,FINANCIAL,hard_synthetic_v2
2026-08-03 late submission of daily report (marta t.) - site lay,COMPLIANCE,hard_synthetic_v2
"check Tigist activity paymant of ETB 797,000",FINANCIAL,hard_synthetic_v2
T72839: rebar over-ordered 44% block A,PROJECT_RESOURCE,hard_synthetic_v2
contractor import replaced values (Hanna A.),DATA_INTEGRITY,hard_synthetic_v2
2026-07-19 equipment checkout overdue (Tigist),PROJECT_RESOURCE,hard_synthetic_v2
commercial rates shared outside (Kidus A.),REPORT_DOCUMENT,hard_synthetic_v2
suspicious login pattern detected (henok t.),SECURITY,hard_synthetic_v2
T13226: Biruk M. tried admin console - denied,SECURITY,hard_synthetic_v2
sensitive salary data viewed by Rahel G.,USER_ACTIVITY,hard_synthetic_v2
Biruk M. tried admin console - denied - please confirm,SECURITY,hard_synthetic_v2
duplicate supplier invoice #9739,DATA_INTEGRITY,hard_synthetic_v2
multiple failed log-ins on Marta T. account,FINANCIAL,hard_synthetic_v2
2025-09-20 T28275: contractor import replaced values (Bereket D.),DATA_INTEGRITY,hard_synthetic_v2
policy breach recorded for Yonas G.,COMPLIANCE,hard_synthetic_v2
delivery note DN-887 edited after lock by Rahel G.,DATA_INTEGRITY,hard_synthetic_v2
T75199: subcon Ethio Steel NCR list updated by Solomon A.,PROJECT_RESOURCE,hard_synthetic_v2
2025-04-19 cement overuse 27% on Site 3 (Mesfin) | see attachment,PROJECT_RESOURCE,hard_synthetic_v2
Marta T. login failed from 197.170.34.236,SECURITY,hard_synthetic_v2
helen tried admin console - denied,SECURITY,hard_synthetic_v2
tigist opened finance module (not their role),USER_ACTIVITY,hard_synthetic_v2
T76961: test results changed without approval (kidus a.),DATA_INTEGRITY,hard_synthetic_v2
milestone 'finishes' delayed (Bereket D.),PROJECT_RESOURCE,hard_synthetic_v2
contractor import replaced values (Selam F.),DATA_INTEGRITY,hard_synthetic_v2
session from unknown device (getachew),SECURITY,hard_synthetic_v2
problem on DD Warehouse Kidus A. changed IP,SECURITY,hard_synthetic_v2
material overuse logged on Bole Tower,PROJECT_RESOURCE,hard_synthetic_v2
noted on site - unapproved edit to record by samuel,DATA_INTEGRITY,hard_synthetic_v2
NCR closed without QM signature (Tigist),COMPLIANCE,hard_synthetic_v2
as-built ZIP downloaded by Yonas G.,REPORT_DOCUMENT,hard_synthetic_v2
excavator out 8 days - not returned (Tigist),PROJECT_RESOURCE,hard_synthetic_v2
duplicate supplier invoice #8242,DATA_INTEGRITY,hard_synthetic_v2
T43415: policy breach recorded for samuel,COMPLIANCE,hard_synthetic_v2
cement overuse 23% on hawassa p2 (samuel),PROJECT_RESOURCE,hard_synthetic_v2
payment run for horizon mat by yonas g.,PROJECT_RESOURCE,hard_synthetic_v2
checklist incomplete for pour #2,COMPLIANCE,hard_synthetic_v2
late submission of daily report (Tigist),COMPLIANCE,hard_synthetic_v2
T14802: full cost DB exported by Mesfin,REPORT_DOCUMENT,hard_synthetic_v2
excavator out 10 days - not returned (Dawit H.),PROJECT_RESOURCE,hard_synthetic_v2
need follow up - geo anomaly: Samuel appeared in two cities same day,SECURITY,hard_synthetic_v2
T82006: structure slipped 16 days (Samuel),PROJECT_RESOURCE,hard_synthetic_v2
full cost DB exported by Marta T.,REPORT_DOCUMENT,hard_synthetic_v2
from the meeting - env spill report delayed (selam f.) - site lay,COMPLIANCE,hard_synthetic_v2
2026-06-09 T37459: sensitive salary data viewed by rahel g.,USER_ACTIVITY,hard_synthetic_v2
issue with Lidya W. subcon Abyssinia Hire NCR,PROJECT_RESOURCE,hard_synthetic_v2
rahel g. changed ip during session,SECURITY,hard_synthetic_v2
policy breach recorded for meron t.,COMPLIANCE,hard_synthetic_v2
NCR closed without QM signature (Kidus A.),COMPLIANCE,hard_synthetic_v2
148 edits in under 5 min by Mesfin | noted on site,USER_ACTIVITY,hard_synthetic_v2
T81466: for your action - fuel burn above baseline (marta t.),PROJECT_RESOURCE,hard_synthetic_v2
approval bypassed on wo-169 by samuel,COMPLIANCE,hard_synthetic_v2
yonas g. modified contingency on adama ip,FINANCIAL,hard_synthetic_v2
measurement sheet deleeted (helen),DATA_INTEGRITY,hard_synthetic_v2
need follow up - excavator out 8 days - not returned (Rahel G.),PROJECT_RESOURCE,hard_synthetic_v2
test results changed without approval (hanna a.) | see attachment,DATA_INTEGRITY,hard_synthetic_v2
suspicious login pattern detected (Selam F.),SECURITY,hard_synthetic_v2
drawing pack uploaded by Samuel,REPORT_DOCUMENT,hard_synthetic_v2
drawing pack uploaded by Kidus A.,REPORT_DOCUMENT,hard_synthetic_v2
sensitive salary data viewed by Tigist,USER_ACTIVITY,hard_synthetic_v2
equipment checkout overdue (Bereket D.),PROJECT_RESOURCE,hard_synthetic_v2
T37797: cost code changed on po by sara b.,FINANCIAL,hard_synthetic_v2
Dawit H. login failed from 197.38.163.61 | noted on site,SECURITY,hard_synthetic_v2
2026-08-24 payment run for Nile Const by Abebe K.,FINANCIAL,hard_synthetic_v2
mass status edit (65 tasks) by Marta T.,USER_ACTIVITY,hard_synthetic_v2
T70685: data issue,DATA_INTEGRITY,hard_synthetic_v2
mass status edit (195 tasks) by yonas g.,USER_ACTIVITY,hard_synthetic_v2
T35565: Rahel G. modified contingency on DD Warehouse - ezih,FINANCIAL,hard_synthetic_v2
2025-10-16 T72516: data issue,DATA_INTEGRITY,hard_synthetic_v2
T32097: certificate pdf swapped by biruk m.,DATA_INTEGRITY,hard_synthetic_v2
anomaly noted 33 edits in under,USER_ACTIVITY,hard_synthetic_v2
2025-01-13 problem on Bole Tower,COMPLIANCE,hard_synthetic_v2
certificate PDF swapped by Solomon A.,DATA_INTEGRITY,hard_synthetic_v2
geo anomaly: kidus a. appeared in two cities same day | for your action,SECURITY,hard_synthetic_v2
T60304: method statement still draft but signed (Sara B.),COMPLIANCE,hard_synthetic_v2
fuel burn above baseline (abebe k.),PROJECT_RESOURCE,hard_synthetic_v2
2025-09-17 permission raised for Dawit H. without approval,SECURITY,hard_synthetic_v2
flagged item document export by Rahel,REPORT_DOCUMENT,hard_synthetic_v2
permit submitted after work started (Samuel),COMPLIANCE,hard_synthetic_v2
env spill report delayed (Marta T.) - ezih,COMPLIANCE,hard_synthetic_v2
reprot problem cost code changed on,FINANCIAL,hard_synthetic_v2
report problem,USER_ACTIVITY,hard_synthetic_v2
ppe violation noted for crew of hanna a.,COMPLIANCE,hard_synthetic_v2
NCR closed without QM signature (Hanna A.),COMPLIANCE,hard_synthetic_v2
CSV import overwrote approved qty (Kidus A.),DATA_INTEGRITY,hard_synthetic_v2
please check - odd hour login by rahel g. at 4:00 - site lay,SECURITY,hard_synthetic_v2
role misuse flagged for Getachew,USER_ACTIVITY,hard_synthetic_v2
see attachment - bugdet line edit on DD Warehouse (Abebe K.),FINANCIAL,hard_synthetic_v2
"T95531: payment of etb 62,000 approved by kidus a. - site lay",FINANCIAL,hard_synthetic_v2
as-built rev changed after client sign-off (dawit h.),DATA_INTEGRITY,hard_synthetic_v2
measurement sheet deleted (Mesfin),COMPLIANCE,hard_synthetic_v2
excavator out 7 days - not returned (helen),PROJECT_RESOURCE,hard_synthetic_v2
odd hour login by mesfin at 0:00,SECURITY,hard_synthetic_v2
invoice #5192 deleted after paymant (marta t.),USER_ACTIVITY,hard_synthetic_v2
delivery note DN-443 edited after lock by Helen,DATA_INTEGRITY,hard_synthetic_v2
contractor review score 70/100 by Marta T.,PROJECT_RESOURCE,hard_synthetic_v2
cost code changed on PO by Meron T.,FINANCIAL,hard_synthetic_v2
file shared to sub@con.et by Biruk M.,REPORT_DOCUMENT,hard_synthetic_v2
needs review,REPORT_DOCUMENT,hard_synthetic_v2
multiple faild log-ins on mesfin account,USER_ACTIVITY,hard_synthetic_v2
henok t. login failed from 197.23.212.65,SECURITY,hard_synthetic_v2
report problem,FINANCIAL,hard_synthetic_v2
test results changed without approval (rahel g.),DATA_INTEGRITY,hard_synthetic_v2
T33746: contractor review score 34/100 by selam f.,PROJECT_RESOURCE,hard_synthetic_v2
2026-04-03 certificate PDF swapped by Rahel G.,DATA_INTEGRITY,hard_synthetic_v2
duplicate supplier invoice #2302,DATA_INTEGRITY,hard_synthetic_v2
121 edits in under 5 min by meron t. | awaiting confirmation,USER_ACTIVITY,hard_synthetic_v2
unauth access attempt by Henok T.,SECURITY,hard_synthetic_v2
large payment released without second sign-off (meron t.) | per site instruction - ezih,FINANCIAL,hard_synthetic_v2
T11102: mass status edit (168 tasks) by Yonas G.,USER_ACTIVITY,hard_synthetic_v2
as-built ZIP downloaded by Rahel G.,REPORT_DOCUMENT,hard_synthetic_v2
permit submitted after work started (Rahel G.),COMPLIANCE,hard_synthetic_v2
T71580: ncr closed without qm signature (bereket d.),COMPLIANCE,hard_synthetic_v2
multiple failed logins on Getachew account,SECURITY,hard_synthetic_v2
marta t. changed ip during session,REPORT_DOCUMENT,hard_synthetic_v2
milestone 'foundation' delayed (Helen) | please check,PROJECT_RESOURCE,hard_synthetic_v2
T23233: material overuse logged on Hawassa P2,PROJECT_RESOURCE,hard_synthetic_v2
for your action - mesfin opened finance module (not their role),USER_ACTIVITY,hard_synthetic_v2
2026-07-27 T87824: file shared to client@own.org by Dawit H.,REPORT_DOCUMENT,hard_synthetic_v2
T68774: multiple faild logins on Helen account,SECURITY,hard_synthetic_v2
checklist incomplete for pour #27,COMPLIANCE,hard_synthetic_v2
2026-11-03 contractor review score 42/100 by hanna a.,PROJECT_RESOURCE,hard_synthetic_v2
cement overuse 21% on alr ext (marta t.),PROJECT_RESOURCE,hard_synthetic_v2
unauthorized access attempt by henok t.,SECURITY,hard_synthetic_v2
T68004: session from unknown device (Bereket D.),SECURITY,hard_synthetic_v2
2025-08-12 old spec rev deleted (abebe k.),REPORT_DOCUMENT,hard_synthetic_v2
issue with Helen external data import by,DATA_INTEGRITY,hard_synthetic_v2
"payment of ETB 503,000 approved by Yonas G.",FINANCIAL,hard_synthetic_v2
full cost DB exported by Meron T.,REPORT_DOCUMENT,hard_synthetic_v2
repeated open of restricted folder by bereket d.,PROJECT_RESOURCE,hard_synthetic_v2
Bereket D. tried admin console - denied,SECURITY,hard_synthetic_v2
contractor review score 78/100 by henok t.,PROJECT_RESOURCE,hard_synthetic_v2
geo anomaly: Helen appeared in two cities same day,SECURITY,hard_synthetic_v2
T38719: measurement sheet deleted (Mesfin),DATA_INTEGRITY,hard_synthetic_v2
certificate pdf swapped by samuel,DATA_INTEGRITY,hard_synthetic_v2
faild authentication for helen,SECURITY,hard_synthetic_v2
contractor import replaced values (Helen),DATA_INTEGRITY,hard_synthetic_v2
full cost DB exported by Mesfin | see attachment,REPORT_DOCUMENT,hard_synthetic_v2
role misuse flagged for Dawit H.,USER_ACTIVITY,hard_synthetic_v2
"expense claim etb 563,000 from mesfin",FINANCIAL,hard_synthetic_v2
unapproved edit to record by Dawit H.,DATA_INTEGRITY,hard_synthetic_v2
2025-02-16 T93015: approval bypassed on WO-798 by Solomon A. | awaiting confirmation,COMPLIANCE,hard_synthetic_v2
2025-05-18 bulk delete of 63 rows by Biruk M. | per site instruction,USER_ACTIVITY,hard_synthetic_v2
as discussed - drawing pack uploaded by sara b.,REPORT_DOCUMENT,hard_synthetic_v2
invoice #7267 created by Kidus A.,REPORT_DOCUMENT,hard_synthetic_v2
payment run for horizon mat by helen,FINANCIAL,hard_synthetic_v2
unapproved edit to record by Tigist,DATA_INTEGRITY,hard_synthetic_v2
measurement sheet deleeted (Samuel),DATA_INTEGRITY,hard_synthetic_v2
cement overuse 27% on Adama IP (Tigist),PROJECT_RESOURCE,hard_synthetic_v2
full cost db exported by tigist,REPORT_DOCUMENT,hard_synthetic_v2
please check - as-built rev changed after client sign-off (Solomon A.),DATA_INTEGRITY,hard_synthetic_v2
data issue,USER_ACTIVITY,hard_synthetic_v2
2025-06-16 contract PDF mailed externally (Samuel),REPORT_DOCUMENT,hard_synthetic_v2
2026-02-12 rebar over-ordered 34% block C,PROJECT_RESOURCE,hard_synthetic_v2
NCR closed without QM signature (Helen),COMPLIANCE,hard_synthetic_v2
budget increased 17% on Site 3 by Kidus A.,FINANCIAL,hard_synthetic_v2
duplicate invioce #5281 entered,FINANCIAL,hard_synthetic_v2
payment run for nile const by dawit h.,FINANCIAL,hard_synthetic_v2
mass status edit (39 tasks) by selam f.,USER_ACTIVITY,hard_synthetic_v2
PPE violation noted for crew of Biruk M.,FINANCIAL,hard_synthetic_v2
site report late by 16 days (Meron T.),COMPLIANCE,hard_synthetic_v2
T91323: progress reprot generated for Bole Tower (Henok T.) - please confirm,REPORT_DOCUMENT,hard_synthetic_v2
contract PDF mailed externally (Rahel G.),REPORT_DOCUMENT,hard_synthetic_v2
external data import by kidus a. (check),DATA_INTEGRITY,hard_synthetic_v2
env spill report delayed (abebe k.),COMPLIANCE,hard_synthetic_v2
milestone 'finishes' delayed (Bereket D.) | for your action,PROJECT_RESOURCE,hard_synthetic_v2
external data import by Dawit H. - please confirm,DATA_INTEGRITY,hard_synthetic_v2
certificate PDF swapped by Henok T.,DATA_INTEGRITY,hard_synthetic_v2
sensitive salary data viewed by kidus a.,USER_ACTIVITY,hard_synthetic_v2
T63993: access concern method statement still draft,COMPLIANCE,hard_synthetic_v2
T86773: NCR closed without QM signature (Sara B.),COMPLIANCE,hard_synthetic_v2
T98993: late submission of daily report (mesfin),COMPLIANCE,hard_synthetic_v2
T39181: bulk reassign 119 tasks - no comment (Helen) | for your action,USER_ACTIVITY,hard_synthetic_v2
as discussed - engineer hanna a. tried to approve payment,USER_ACTIVITY,hard_synthetic_v2
dormant account Getachew active after 9 months | noted on site,USER_ACTIVITY,hard_synthetic_v2
Hanna A. changed IP during session,SECURITY,hard_synthetic_v2
T27707: progress report generated for alr ext (marta t.),REPORT_DOCUMENT,hard_synthetic_v2
T25982: cement overuse 45% on adama ip (helen),PROJECT_RESOURCE,hard_synthetic_v2
as-built zip downloaded by sara b.,REPORT_DOCUMENT,hard_synthetic_v2
T57199: generator hours high vs plan (Abebe K.),PROJECT_RESOURCE,hard_synthetic_v2
duplicate supplier invioce #4010,DATA_INTEGRITY,hard_synthetic_v2
repeated open of restricted folder by Rahel G.,USER_ACTIVITY,hard_synthetic_v2
issue with Sara B. subcon Nile Const NCR - please confirm,PROJECT_RESOURCE,hard_synthetic_v2
odd behaviour,DATA_INTEGRITY,hard_synthetic_v2
unapproved edit to record by meron t.,DATA_INTEGRITY,hard_synthetic_v2
awaiting confirmation - sensitive salary data viewed by samuel,USER_ACTIVITY,hard_synthetic_v2
"2025-08-23 paymant of ETB 551,000 approved by Mesfin - ezih",FINANCIAL,hard_synthetic_v2
Selam F. tried admin console - denied,SECURITY,hard_synthetic_v2
T42357: data issue ppe violation noted for,COMPLIANCE,hard_synthetic_v2
invoice #2133 deleted after paymant (Mesfin) - please confirm,FINANCIAL,hard_synthetic_v2
2026-12-03 T77940: awaiting confirmation - contractor import replaced values (Mesfin),DATA_INTEGRITY,hard_synthetic_v2
"cash advance ETB 877,000 logged by Lidya W.",FINANCIAL,hard_synthetic_v2
test results changed without approval (Rahel G.) (check),DATA_INTEGRITY,hard_synthetic_v2
contractor review score 76/100 by Kidus A.,PROJECT_RESOURCE,hard_synthetic_v2
commercial rates shared outside (solomon a.),REPORT_DOCUMENT,hard_synthetic_v2
2026-05-08 checklist incomplete for pour #13,COMPLIANCE,hard_synthetic_v2
old spec rev deleted (Meron T.),REPORT_DOCUMENT,hard_synthetic_v2
T91411: NCR closed without QM signature (Yonas G.),COMPLIANCE,hard_synthetic_v2
noted on site - permision raised for getachew without approval,SECURITY,hard_synthetic_v2
2026-09-16 permission raised for Helen without approval - site lay,SECURITY,hard_synthetic_v2
2025-01-04 mass status edit (208 tasks) by Biruk M.,PROJECT_RESOURCE,hard_synthetic_v2
subcon abyssinia hire ncr list updated by getachew,PROJECT_RESOURCE,hard_synthetic_v2
"odd behaviour payment of etb 126,000",FINANCIAL,hard_synthetic_v2
T38113: Biruk M. login failed from 197.76.195.11,SECURITY,hard_synthetic_v2
equipment checkout overdue (Sara B.),PROJECT_RESOURCE,hard_synthetic_v2
subcon abyssinia hire ncr list updated by sara b.,PROJECT_RESOURCE,hard_synthetic_v2
material overuse logged on Hawassa P2 (check),PROJECT_RESOURCE,hard_synthetic_v2
contractor import replaced values (Hanna A.),DATA_INTEGRITY,hard_synthetic_v2
biruk m. tried admin console - denied,SECURITY,hard_synthetic_v2
unusual activity volume by marta t. (check),USER_ACTIVITY,hard_synthetic_v2
needs review,DATA_INTEGRITY,hard_synthetic_v2
multiple faild logins on Marta T. account,SECURITY,hard_synthetic_v2
multiple failed logins on yonas g. account,SECURITY,hard_synthetic_v2
QA plan changed post-approval (Selam F.),REPORT_DOCUMENT,hard_synthetic_v2
tigist opened finance module (not their role),USER_ACTIVITY,hard_synthetic_v2
T29656: odd hour login by Dawit H. at 12:00,SECURITY,hard_synthetic_v2
T71137: data issue delivery note dn-738 edited,DATA_INTEGRITY,hard_synthetic_v2
2026-01-28 T15300: rebar over-ordered 38% block A,PROJECT_RESOURCE,hard_synthetic_v2
2026-10-19 CSV import overwrote approved qty (Lidya W.),DATA_INTEGRITY,hard_synthetic_v2
NCR closed without QM signature (Bereket D.),COMPLIANCE,hard_synthetic_v2
subcon Abyssinia Hire NCR list updated by Tigist,USER_ACTIVITY,hard_synthetic_v2
unauthorized access attempt by selam f. - site lay,SECURITY,hard_synthetic_v2
unusual activity volume by Dawit H.,COMPLIANCE,hard_synthetic_v2
bulk reassign 152 tasks - no comment (hanna a.),FINANCIAL,hard_synthetic_v2
bugdet line edit on Adama IP (Yonas G.) | see attachment,FINANCIAL,hard_synthetic_v2
T43038: please check - QA plan changed post-approval (Getachew) - site lay,REPORT_DOCUMENT,hard_synthetic_v2
late submission of daily report (Yonas G.),COMPLIANCE,hard_synthetic_v2
data issue Dawit H. changed IP,SECURITY,hard_synthetic_v2
old spec rev deleted (Dawit H.),FINANCIAL,hard_synthetic_v2
permit submitted after work started (Solomon A.),COMPLIANCE,hard_synthetic_v2
file shared to client@own.org by Tigist (check),REPORT_DOCUMENT,hard_synthetic_v2
2025-07-05 hold point skipped on foundation (Hanna .),COMPLIANCE,hard_synthetic_v2
as discussed - geo anomaly: Mesfin appeared in two cities same day,SECURITY,hard_synthetic_v2
delivery note DN-709 edited after lock by Biruk M.,DATA_INTEGRITY,hard_synthetic_v2
Sara B. tried admin console - denied | as discussed,SECURITY,hard_synthetic_v2
2026-11-10 budget line edit on Adama IP (Abebe K.),SECURITY,hard_synthetic_v2
flagged item,FINANCIAL,hard_synthetic_v2
invoice #6602 deleted after payment (abebe k.),FINANCIAL,hard_synthetic_v2
2026-04-24 password reset requested then cancelled (Getachew),SECURITY,hard_synthetic_v2
2026-07-26 need follow up - document export by Lidya W.,REPORT_DOCUMENT,hard_synthetic_v2
T22596: approved ms edited after acceptance (tigist),REPORT_DOCUMENT,hard_synthetic_v2
duplicate supplier invoice #1396,DATA_INTEGRITY,hard_synthetic_v2
bulk delete of 52 rows by meron t.,USER_ACTIVITY,hard_synthetic_v2
odd behaviour,DATA_INTEGRITY,hard_synthetic_v2
odd hour log-in by Bereket D. at 14:00 - please confirm,SECURITY,hard_synthetic_v2
2025-10-17 T92936: need follow up - late submission of daily report (Bereket D.),COMPLIANCE,hard_synthetic_v2
2026-07-05 please check - checklist incomplete for pour #13,COMPLIANCE,hard_synthetic_v2
T62788: please check - geo anomaly: Hanna A. appeared in two cities same day - site lay,SECURITY,hard_synthetic_v2
2026-05-16 QA plan changed post-approval (Selam F.) | for your action,REPORT_DOCUMENT,hard_synthetic_v2
as-built ZIP downloaded by Henok T.,REPORT_DOCUMENT,hard_synthetic_v2
T15673: late submission of daily report (Samuel),COMPLIANCE,hard_synthetic_v2
delivery note DN-721 edited after lock by Biruk M.,DATA_INTEGRITY,hard_synthetic_v2
approved ms edited after acceptance (meron t.),REPORT_DOCUMENT,hard_synthetic_v2
user list exported by bereket d. after hours,USER_ACTIVITY,hard_synthetic_v2
duplicate invoice #7999 entered,FINANCIAL,hard_synthetic_v2
214 edits in under 5 min by Dawit H.,USER_ACTIVITY,hard_synthetic_v2
sensitive salary data viewed by Marta T.,USER_ACTIVITY,hard_synthetic_v2
approved MS edited after acceptance (Samuel),REPORT_DOCUMENT,hard_synthetic_v2
check rahel g. activity,SECURITY,hard_synthetic_v2
doc exprot by Solomon A. | noted on site,REPORT_DOCUMENT,hard_synthetic_v2
data issue subcon nile const ncr,PROJECT_RESOURCE,hard_synthetic_v2
external share of project file (getachew) - site lay,REPORT_DOCUMENT,hard_synthetic_v2
2025-06-17 approval bypassed on WO-457 by Meron T.,COMPLIANCE,hard_synthetic_v2
yonas g. tried admin console - denied,SECURITY,hard_synthetic_v2
permit submitted after work started (solomon a.),COMPLIANCE,hard_synthetic_v2
2025-07-22 failed authentication for tigist,SECURITY,hard_synthetic_v2
2025-03-08 data issue,REPORT_DOCUMENT,hard_synthetic_v2
method statement still draft but signed (Biruk M.),COMPLIANCE,hard_synthetic_v2
2025-10-06 as-built rev changed after client sign-off (Henok T.) (check),DATA_INTEGRITY,hard_synthetic_v2
T16173: subcon Nile Const NCR list updated by Abebe K.,REPORT_DOCUMENT,hard_synthetic_v2
"expense claim ETB 33,000 from Dawit H.",FINANCIAL,hard_synthetic_v2
permission raised for Yonas G. without approval,SECURITY,hard_synthetic_v2
paymant run for Nile Const by Meron T.,FINANCIAL,hard_synthetic_v2
T53397: Solomon A. modified contingency on BD Hospital,FINANCIAL,hard_synthetic_v2
Yonas G. changed IP during session,SECURITY,hard_synthetic_v2
delivery note DN-448 edited after lock by Abebe K.,USER_ACTIVITY,hard_synthetic_v2
old spec rev deleted (Kidus A.),REPORT_DOCUMENT,hard_synthetic_v2
approved MS edited after acceptance (Bereket D.),REPORT_DOCUMENT,hard_synthetic_v2
failed authentication for Rahel G.,SECURITY,hard_synthetic_v2
T54010: unusual activity volume by Sara B.,USER_ACTIVITY,hard_synthetic_v2
env spill report delayed (Lidya W.),COMPLIANCE,hard_synthetic_v2
unapproved edit to record by Helen,DATA_INTEGRITY,hard_synthetic_v2
budget increased 32% on Hawassa P2 by Lidya W.,FINANCIAL,hard_synthetic_v2
Bereket D. opened finance module (not their role) - site lay,USER_ACTIVITY,hard_synthetic_v2
geo anomaly: henok t. appeared in two cities same day,SECURITY,hard_synthetic_v2
T90476: delivery note DN-772 edited after lock by Dawit H.,DATA_INTEGRITY,hard_synthetic_v2
unauthorized access attempt by Yonas G.,SECURITY,hard_synthetic_v2
T35029: duplicate invoice #1832 entered,FINANCIAL,hard_synthetic_v2
Getachew modified contingency on DD Warehouse,FINANCIAL,hard_synthetic_v2
multiple failed log-ins on Solomon A. account,SECURITY,hard_synthetic_v2
faild authentication for Dawit H. - please confirm,SECURITY,hard_synthetic_v2
late submission of daily report (marta t.),COMPLIANCE,hard_synthetic_v2
"cash advance ETB 26,000 logged by Yonas G.",FINANCIAL,hard_synthetic_v2
per site instruction - old spec rev deleeted (Henok T.),REPORT_DOCUMENT,hard_synthetic_v2
progress report generated for hawassa p2 (marta t.),REPORT_DOCUMENT,hard_synthetic_v2
milestone 'facade' delayed (Helen),PROJECT_RESOURCE,hard_synthetic_v2
file shared to client@own.org by Rahel G.,REPORT_DOCUMENT,hard_synthetic_v2
T47499: engineer Kidus A. tried to approve paymant,USER_ACTIVITY,hard_synthetic_v2
rebar over-ordered 12% block C,PROJECT_RESOURCE,hard_synthetic_v2
budget line edit on DD Warehouse (Sara B.),FINANCIAL,hard_synthetic_v2
engineer Mesfin tried to approve payment,USER_ACTIVITY,hard_synthetic_v2
approved MS edited after acceptance (Samuel),REPORT_DOCUMENT,hard_synthetic_v2
2026-10-17 scaffold parts missing after demob (samuel),PROJECT_RESOURCE,hard_synthetic_v2
T19918: needs review env spill reprot delayed,COMPLIANCE,hard_synthetic_v2
T76730: budget line edit on Bole Tower (Samuel),FINANCIAL,hard_synthetic_v2
T63485: suspicious login pattern detected (Lidya W.),SECURITY,hard_synthetic_v2
2026-12-28 invoice #8523 deleted after payment (Rahel G.),FINANCIAL,hard_synthetic_v2
bulk reassign 75 tasks - no comment (Bereket D.) - please confirm,USER_ACTIVITY,hard_synthetic_v2
approved MS edited after acceptance (Mesfin),REPORT_DOCUMENT,hard_synthetic_v2
QA plan changed post-approval (Sara B.) - please confirm,REPORT_DOCUMENT,hard_synthetic_v2
"2026-09-13 payment of ETB 877,000 approved by Biruk M. | please check",FINANCIAL,hard_synthetic_v2
data issue document export by henok,REPORT_DOCUMENT,hard_synthetic_v2
test results changed without approval (hanna a.),DATA_INTEGRITY,hard_synthetic_v2
NCR closed without QM signature (Lidya W.),COMPLIANCE,hard_synthetic_v2
T22650: suspicious login pattern detected (helen) - site lay,SECURITY,hard_synthetic_v2
milestone 'mep 1st fix' delayed (yonas g.),PROJECT_RESOURCE,hard_synthetic_v2
method statement still draft but signed (Helen) (check),COMPLIANCE,hard_synthetic_v2
failed authentication for Helen,SECURITY,hard_synthetic_v2
policy breach recorded for Mesfin,FINANCIAL,hard_synthetic_v2
scaffold parts missing after demob (Abebe K.),PROJECT_RESOURCE,hard_synthetic_v2
budget increased 40% on dd warehouse by sara b.,FINANCIAL,hard_synthetic_v2
sensitive salary data viewed by meron t.,SECURITY,hard_synthetic_v2
odd hour login by Kidus A. at 1:00,SECURITY,hard_synthetic_v2
unauthorized access attempt by Hanna A.,SECURITY,hard_synthetic_v2
T76464: data issue,SECURITY,hard_synthetic_v2
"cash advance ETB 206,000 logged by Rahel G. | as discussed",FINANCIAL,hard_synthetic_v2
contractor review score 54/100 by Helen,PROJECT_RESOURCE,hard_synthetic_v2
2026-04-02 PPE violation noted for crew of Kidus A.,COMPLIANCE,hard_synthetic_v2
old spec rev deleted (Meron T.),FINANCIAL,hard_synthetic_v2
hold point skipped on foundation (Lidya W.) | need follow up,COMPLIANCE,hard_synthetic_v2
contract pdf mailed externally (tigist),REPORT_DOCUMENT,hard_synthetic_v2
commercial rates shared outside (Getachew),REPORT_DOCUMENT,hard_synthetic_v2
temporary entry - equipment checkout overdue (getachew) (check),PROJECT_RESOURCE,hard_synthetic_v2
mass status edit (111 tasks) by Rahel G.,USER_ACTIVITY,hard_synthetic_v2
T22545: as-built rev changed after client sign-off (Samuel),DATA_INTEGRITY,hard_synthetic_v2
T59931: policy breach recorded for Hanna A.,COMPLIANCE,hard_synthetic_v2
commercial rates shared outside (Bereket D.),REPORT_DOCUMENT,hard_synthetic_v2
T33820: site report late by 8 days (Yonas G.) (check),COMPLIANCE,hard_synthetic_v2
T36266: policy breach recorded for Solomon A.,COMPLIANCE,hard_synthetic_v2
QA plan changed post-aproval (Dawit H.),REPORT_DOCUMENT,hard_synthetic_v2
T64778: permission raised for Sara B. without aproval,SECURITY,hard_synthetic_v2
T45383: noted on site - approved ms edited after acceptance (mesfin),REPORT_DOCUMENT,hard_synthetic_v2
T79385: sensitive salary data viewed by Helen,USER_ACTIVITY,hard_synthetic_v2
repeated open of restricted folder by Rahel G. - site lay,DATA_INTEGRITY,hard_synthetic_v2
certificate PDF swapped by Bereket D.,DATA_INTEGRITY,hard_synthetic_v2
per site instruction - external data import by Rahel G.,DATA_INTEGRITY,hard_synthetic_v2
"T67491: cash advance ETB 601,000 logged by Sara B.",FINANCIAL,hard_synthetic_v2
commercial rates shared outside (Dawit H.),REPORT_DOCUMENT,hard_synthetic_v2
suspicious log-in pattern detected (Getachew),SECURITY,hard_synthetic_v2
permit submitted after work started (Marta T.) | need follow up,COMPLIANCE,hard_synthetic_v2
fuel burn above baseline (Sara B.),PROJECT_RESOURCE,hard_synthetic_v2
duplicate invioce #8301 entered,FINANCIAL,hard_synthetic_v2
cement overuse 38% on BD Hospital (Samuel),PROJECT_RESOURCE,hard_synthetic_v2
needs review mass status edit (48,USER_ACTIVITY,hard_synthetic_v2
ppe violation noted for crew of mesfin,COMPLIANCE,hard_synthetic_v2
T17198: excavator out 12 days - not returned (Tigist) | please check,PROJECT_RESOURCE,hard_synthetic_v2
contractor import replaced values (Biruk M.) | see attachment,DATA_INTEGRITY,hard_synthetic_v2
NCR closed without QM signature (Solomon A.),COMPLIANCE,hard_synthetic_v2
unapproved edit to record by Rahel G.,DATA_INTEGRITY,hard_synthetic_v2
T64540: reprot problem late submission of daily,COMPLIANCE,hard_synthetic_v2
measurement sheet deleted (Getachew),DATA_INTEGRITY,hard_synthetic_v2
unapproved edit to record by selam f.,DATA_INTEGRITY,hard_synthetic_v2
invoice #3652 created by marta t.,FINANCIAL,hard_synthetic_v2
T11114: as-built zip downloaded by getachew,REPORT_DOCUMENT,hard_synthetic_v2
ncr closed without qm signature (samuel) - ezih,COMPLIANCE,hard_synthetic_v2
site report late by 6 days (abebe k.) | see attachment,COMPLIANCE,hard_synthetic_v2
T58689: NCR closed without QM signature (Helen),COMPLIANCE,hard_synthetic_v2
T90511: flagged item,PROJECT_RESOURCE,hard_synthetic_v2
2026-06-12 failed authentication for Lidya W.,SECURITY,hard_synthetic_v2
"payment of ETB 379,000 approved by Marta T.",FINANCIAL,hard_synthetic_v2
repeated open of restricted folder by rahel g.,USER_ACTIVITY,hard_synthetic_v2
"T97927: expense claim ETB 98,000 from Henok T.",FINANCIAL,hard_synthetic_v2
engineer Samuel tried to approve payment,USER_ACTIVITY,hard_synthetic_v2
progress report generated for bd hospital (samuel),REPORT_DOCUMENT,hard_synthetic_v2
attendance history row removed by samuel,SECURITY,hard_synthetic_v2
invoice #2450 created by Tigist,FINANCIAL,hard_synthetic_v2
2026-05-23 external data import by Dawit H.,DATA_INTEGRITY,hard_synthetic_v2
2025-09-10 unauth access attempt by Sara B.,SECURITY,hard_synthetic_v2
measurement sheet deleted (selam f.),DATA_INTEGRITY,hard_synthetic_v2
T97423: failed authentication for yonas g. | from the meeting,SECURITY,hard_synthetic_v2
full cost DB exported by Sara B.,REPORT_DOCUMENT,hard_synthetic_v2
2026-03-15 qty take-off altered - no CO (Getachew),DATA_INTEGRITY,hard_synthetic_v2
generator hours high vs plan (samuel),PROJECT_RESOURCE,hard_synthetic_v2
large payment released without second sign-off (Meron T.) | per site instruction,FINANCIAL,hard_synthetic_v2
as discussed - rebar over-ordered 6% block D,PROJECT_RESOURCE,hard_synthetic_v2
document export by Dawit H.,REPORT_DOCUMENT,hard_synthetic_v2
scaffold parts missing after demob (rahel g.),PROJECT_RESOURCE,hard_synthetic_v2
T29426: generator hours high vs plan (lidya w.),PROJECT_RESOURCE,hard_synthetic_v2
check Selam F. activity,DATA_INTEGRITY,hard_synthetic_v2
PPE violation noted for crew of Kidus .,REPORT_DOCUMENT,hard_synthetic_v2
approved MS edited after acceptance (Kidus A.),REPORT_DOCUMENT,hard_synthetic_v2
T16397: invoice #3861 deleted after payment (mesfin),FINANCIAL,hard_synthetic_v2
Samuel changed IP during session,SECURITY,hard_synthetic_v2
engineer Sara B. tried to approve payment,USER_ACTIVITY,hard_synthetic_v2
qa plan changed post-approval (meron t.),REPORT_DOCUMENT,hard_synthetic_v2
please investigate,SECURITY,hard_synthetic_v2
contractor review score 61/100 by Meron T.,PROJECT_RESOURCE,hard_synthetic_v2
commercial rates shared outside (Abebe K.),REPORT_DOCUMENT,hard_synthetic_v2
2026-01-17 late submission of daily report (Bereket D.),COMPLIANCE,hard_synthetic_v2
attendance history row removed by abebe k.,DATA_INTEGRITY,hard_synthetic_v2
2025-07-12 method statement still draft but signed (tigist),COMPLIANCE,hard_synthetic_v2
T60001: suspicious login pattern detected (Mesfin),SECURITY,hard_synthetic_v2
session from unknown device (Kidus A.),SECURITY,hard_synthetic_v2
measurement sheet deleted (helen),COMPLIANCE,hard_synthetic_v2
QA plan changed post-approval (Helen) (check),REPORT_DOCUMENT,hard_synthetic_v2
duplicate invoice #7868 entered,FINANCIAL,hard_synthetic_v2
Selam F. changed IP during session,SECURITY,hard_synthetic_v2
"cash advance ETB 444,000 logged by Rahel G. | urgent",FINANCIAL,hard_synthetic_v2
T81868: role misuse flagged for Tigist,USER_ACTIVITY,hard_synthetic_v2
equipment checkout overdue (meron t.),PROJECT_RESOURCE,hard_synthetic_v2
2025-05-12 CSV import overwrote approved qty (Meron T.),DATA_INTEGRITY,hard_synthetic_v2
budget line edit on Site 3 (Yonas G.),FINANCIAL,hard_synthetic_v2
T64061: bulk reassign 41 tasks - no comment (helen),USER_ACTIVITY,hard_synthetic_v2
user list exported by mesfin after hours,USER_ACTIVITY,hard_synthetic_v2
milestone 'foundation' delayed (solomon a.),PROJECT_RESOURCE,hard_synthetic_v2
T39084: site report late by 12 days (samuel),COMPLIANCE,hard_synthetic_v2
issue with Sara B. external data import by - ezih,DATA_INTEGRITY,hard_synthetic_v2
noted on site - permission raised for solomon a. without approval,SECURITY,hard_synthetic_v2
unusual activity volume by lidya w.,USER_ACTIVITY,hard_synthetic_v2
drawing pack uploaded by Dawit H. (check),REPORT_DOCUMENT,hard_synthetic_v2
"urgent - payment of etb 204,000 approved by meron t.",FINANCIAL,hard_synthetic_v2
report problem structure slipped 7 days,PROJECT_RESOURCE,hard_synthetic_v2
2025-08-19 odd behaviour excavator out 10 days,PROJECT_RESOURCE,hard_synthetic_v2
invoice #9034 created by Dawit H.,FINANCIAL,hard_synthetic_v2
2026-08-20 test results changed without approval (Helen),DATA_INTEGRITY,hard_synthetic_v2
progress report generated for ALR Ext (Selam F.),REPORT_DOCUMENT,hard_synthetic_v2
Helen login failed from 197.177.186.125,SECURITY,hard_synthetic_v2
for your action - rebar over-ordered 41% block D - site lay,PROJECT_RESOURCE,hard_synthetic_v2
excavator out 8 days - not returned (Kidus A.),PROJECT_RESOURCE,hard_synthetic_v2
access concern,REPORT_DOCUMENT,hard_synthetic_v2
odd behaviour large payment released without,FINANCIAL,hard_synthetic_v2
awaiting confirmation - QA plan changed post-approval (Tigist),REPORT_DOCUMENT,hard_synthetic_v2
2025-07-04 T62027: unapproved edit to record by meron t.,DATA_INTEGRITY,hard_synthetic_v2
odd hour login by Biruk M. at 15:00,SECURITY,hard_synthetic_v2
unauthorized access attempt by kidus a.,PROJECT_RESOURCE,hard_synthetic_v2
test results changed without aproval (Tigist),DATA_INTEGRITY,hard_synthetic_v2
2026-05-25 budget increased 43% on Hawassa P2 by Selam F. - site lay,FINANCIAL,hard_synthetic_v2
Rahel G. changed IP during session | need follow up,SECURITY,hard_synthetic_v2
file shared to client@own.org by Henok T.,REPORT_DOCUMENT,hard_synthetic_v2
QA plan changed post-approval (Abebe K.),REPORT_DOCUMENT,hard_synthetic_v2
T95417: late submission of daily report (Mesfin) | noted on site,COMPLIANCE,hard_synthetic_v2
invoice #8313 deleeted after paymant (Sara B.),FINANCIAL,hard_synthetic_v2
T12815: contractor import replaced values (Selam F.),DATA_INTEGRITY,hard_synthetic_v2
budget increased 17% on Adama IP by Sara B. | please check,FINANCIAL,hard_synthetic_v2
T61553: password reset requested then cancelled (lidya w.),SECURITY,hard_synthetic_v2
T20126: full cost DB exported by Tigist,REPORT_DOCUMENT,hard_synthetic_v2
multiple failed logins on Samuel account,SECURITY,hard_synthetic_v2
T32826: Kidus . modified contingency on Site 3,FINANCIAL,hard_synthetic_v2
payment run for Horizon Mat by Solomon A.,FINANCIAL,hard_synthetic_v2
report problem,REPORT_DOCUMENT,hard_synthetic_v2
certificate PDF swapped by Solomon .,DATA_INTEGRITY,hard_synthetic_v2
csv import overwrote approved qty (samuel),DATA_INTEGRITY,hard_synthetic_v2
scaffold parts missing after demob (Tigist),PROJECT_RESOURCE,hard_synthetic_v2
env spill report delayed (Yonas G.),COMPLIANCE,hard_synthetic_v2
toolbox talk sheet missing (Rahel G.),COMPLIANCE,hard_synthetic_v2
cost code changed on PO by Getachew,FINANCIAL,hard_synthetic_v2
suspicious login pattern detected (Marta T.),SECURITY,hard_synthetic_v2
qty take-off altered - no CO (Hanna A.),DATA_INTEGRITY,hard_synthetic_v2
T38359: attendance history row removed by yonas g. - ezih,DATA_INTEGRITY,hard_synthetic_v2
material overuse logged on DD Warehouse | as discussed,PROJECT_RESOURCE,hard_synthetic_v2
checklist incomplete for pour #37,COMPLIANCE,hard_synthetic_v2
flagged item - site lay,REPORT_DOCUMENT,hard_synthetic_v2
2025-11-14 T18688: role misuse flagged for Mesfin | see attachment,USER_ACTIVITY,hard_synthetic_v2
milestone 'finishes' delayed (sara b.) | awaiting confirmation,PROJECT_RESOURCE,hard_synthetic_v2
T61658: generator hours high vs plan (Solomon A.),PROJECT_RESOURCE,hard_synthetic_v2
T79287: old spec rev deleted (Selam F.),REPORT_DOCUMENT,hard_synthetic_v2
203 edits in under 5 min by Rahel G.,USER_ACTIVITY,hard_synthetic_v2
subcon Abyssinia Hire NCR list updated by Helen,PROJECT_RESOURCE,hard_synthetic_v2
suspicious log-in pattern detected (Henok T.),SECURITY,hard_synthetic_v2
Abebe K. tried admin console - denied,SECURITY,hard_synthetic_v2
cement overuse 44% on DD Warehouse (Lidya W.),PROJECT_RESOURCE,hard_synthetic_v2
Yonas G. opened finance module (not their role) | awaiting confirmation,USER_ACTIVITY,hard_synthetic_v2
T37359: suspicious login pattern detected (yonas g.),SECURITY,hard_synthetic_v2
sensitive salary data viewed by getachew,USER_ACTIVITY,hard_synthetic_v2
2026-07-05 user list exported by Meron T. after hours,USER_ACTIVITY,hard_synthetic_v2
permission raised for Mesfin without aproval,SECURITY,hard_synthetic_v2
repeated open of restricted folder by Biruk M.,USER_ACTIVITY,hard_synthetic_v2
as-built ZIP downloaded by Dawit H.,REPORT_DOCUMENT,hard_synthetic_v2
test results changed without approval (Dawit H.),DATA_INTEGRITY,hard_synthetic_v2
approved MS edited after acceptance (Kidus .),REPORT_DOCUMENT,hard_synthetic_v2
file shared to sub@con.et by bereket d.,DATA_INTEGRITY,hard_synthetic_v2
user list exported by Yonas G. after hours,USER_ACTIVITY,hard_synthetic_v2
T44152: delivery note dn-708 edited after lock by lidya w.,DATA_INTEGRITY,hard_synthetic_v2
budget line edit on Adama IP (Rahel G.),COMPLIANCE,hard_synthetic_v2
T62454: checklist incomplete for pour #4 (check),COMPLIANCE,hard_synthetic_v2
T38564: measurement sheet deleted (samuel),DATA_INTEGRITY,hard_synthetic_v2
mass status edit (159 tasks) by abebe k.,USER_ACTIVITY,hard_synthetic_v2
sensitive salary data viewed by Kidus A.,USER_ACTIVITY,hard_synthetic_v2
T27389: session from unknown device (marta t.),SECURITY,hard_synthetic_v2
need follow up - bulk reassign 217 tasks - no comment (Henok T.),USER_ACTIVITY,hard_synthetic_v2
"cash advance etb 36,000 logged by marta t.",FINANCIAL,hard_synthetic_v2
test results changed without approval (Rahel G.) - site lay,COMPLIANCE,hard_synthetic_v2
2025-08-15 Sara B. modified contingency on DD Warehouse (check),FINANCIAL,hard_synthetic_v2
checklist incomplete for pour #36,COMPLIANCE,hard_synthetic_v2
bulk delete of 67 rows by Samuel,USER_ACTIVITY,hard_synthetic_v2
2026-01-11 duplicate invoice #4687 entered,FINANCIAL,hard_synthetic_v2
access concern site report late by,COMPLIANCE,hard_synthetic_v2
dormant account Selam F. active after 15 months,USER_ACTIVITY,hard_synthetic_v2
2025-05-28 please check - failed authentication for Meron T.,SECURITY,hard_synthetic_v2
2025-03-14 awaiting confirmation - failed authentication for Dawit H.,SECURITY,hard_synthetic_v2
odd hour login by Solomon A. at 6:00 - site lay,SECURITY,hard_synthetic_v2
commercial rates shared outside (Kidus A.),REPORT_DOCUMENT,hard_synthetic_v2
repeated open of restricted folder by Hanna A.,USER_ACTIVITY,hard_synthetic_v2
failed authentication for kidus a.,SECURITY,hard_synthetic_v2
T62521: scaffold parts missing after demob (Sara B.),PROJECT_RESOURCE,hard_synthetic_v2
report problem,PROJECT_RESOURCE,hard_synthetic_v2
multiple failed logins on Lidya W. account,SECURITY,hard_synthetic_v2
T86156: as discussed - Lidya W. opened finance module (not their role),USER_ACTIVITY,hard_synthetic_v2
geo anomaly: Rahel G. appeared in two cities same day,SECURITY,hard_synthetic_v2
T93738: external data import by Selam F.,DATA_INTEGRITY,hard_synthetic_v2
"T96417: paymant of ETB 51,000 approved by Biruk M.",FINANCIAL,hard_synthetic_v2
report problem,REPORT_DOCUMENT,hard_synthetic_v2
policy breach recorded for helen,COMPLIANCE,hard_synthetic_v2
password reset requested then cancelled (Tigist) | temporary entry,SECURITY,hard_synthetic_v2
per site instruction - external data import by Selam F.,DATA_INTEGRITY,hard_synthetic_v2
hold point skipped on foundation (Sara B.) - site lay,COMPLIANCE,hard_synthetic_v2
sensitive salary data viewed by Biruk M.,USER_ACTIVITY,hard_synthetic_v2
NCR closed without QM signature (Dawit H.),COMPLIANCE,hard_synthetic_v2
T97565: per site instruction - Tigist opened finance module (not their role),USER_ACTIVITY,hard_synthetic_v2
problem on BD Hospital cost code changed on,FINANCIAL,hard_synthetic_v2
unauthorized access attempt by Henok T.,SECURITY,hard_synthetic_v2
2026-08-08 approval bypassed on WO-786 by Lidya W.,COMPLIANCE,hard_synthetic_v2
mass status edit (160 tasks) by Yonas G. | per site instruction,USER_ACTIVITY,hard_synthetic_v2
rebar over-ordered 43% block D,PROJECT_RESOURCE,hard_synthetic_v2
2026-09-08 T56315: toolbox talk sheet missing (solomon a.),COMPLIANCE,hard_synthetic_v2
session from unknown device (Bereket D.),SECURITY,hard_synthetic_v2
attendance history row removed by Dawit H.,DATA_INTEGRITY,hard_synthetic_v2
invioce #4277 created by Mesfin,FINANCIAL,hard_synthetic_v2
permit submitted after work started (Samuel),COMPLIANCE,hard_synthetic_v2
2026-04-24 data issue,COMPLIANCE,hard_synthetic_v2
Selam F. login failed from 197.223.102.233,SECURITY,hard_synthetic_v2
user list exproted by Henok T. after hours,SECURITY,hard_synthetic_v2
geo anomaly: Helen appeared in two cities same day,SECURITY,hard_synthetic_v2
T37024: toolbox talk sheet missing (Yonas G.),COMPLIANCE,hard_synthetic_v2
T28968: file shared to client@own.org by Biruk M.,DATA_INTEGRITY,hard_synthetic_v2
contractor import replaced values (Yonas G.),DATA_INTEGRITY,hard_synthetic_v2
role misuse flagged for hanna a.,USER_ACTIVITY,hard_synthetic_v2
T21705: bulk delete of 103 rows by getachew,USER_ACTIVITY,hard_synthetic_v2
toolbox talk sheet missing (Bereket D.),COMPLIANCE,hard_synthetic_v2
budget line edit on bd hospital (sara b.),FINANCIAL,hard_synthetic_v2
attendance history row removed by Getachew,DATA_INTEGRITY,hard_synthetic_v2
2025-10-15 as-built rev changed after client sign-off (Abebe K.),DATA_INTEGRITY,hard_synthetic_v2
please investigate QA plan changed post-approval,REPORT_DOCUMENT,hard_synthetic_v2
invoice #3895 deleted after payment (Sara B.),FINANCIAL,hard_synthetic_v2
structure slipped 1 days (yonas g.),PROJECT_RESOURCE,hard_synthetic_v2
see attachment - late submission of daily report (Bereket D.) - please confirm,COMPLIANCE,hard_synthetic_v2
excavator out 8 days - not returned (solomon a.) | need follow up,PROJECT_RESOURCE,hard_synthetic_v2
T17622: attendance history row removed by Selam F.,DATA_INTEGRITY,hard_synthetic_v2
2025-01-25 T87624: urgent - equipement checkout overdue (Meron T.),PROJECT_RESOURCE,hard_synthetic_v2
T98826: password reset requested then cancelled (Marta T.),SECURITY,hard_synthetic_v2
T11367: milestone 'foundation' delayed (Biruk M.),PROJECT_RESOURCE,hard_synthetic_v2
noted on site - full cost DB exported by Meron T.,REPORT_DOCUMENT,hard_synthetic_v2
geo anomaly: Solomon A. appeared in two cities same day,SECURITY,hard_synthetic_v2
2025-09-09 geo anomaly: Selam F. appeared in two cities same day,SECURITY,hard_synthetic_v2
122 edits in under 5 min by Sara B.,USER_ACTIVITY,hard_synthetic_v2
old spec rev deleted (Samuel) | noted on site,REPORT_DOCUMENT,hard_synthetic_v2
invoice #3874 created by Mesfin,FINANCIAL,hard_synthetic_v2
2025-10-27 approved MS edited after acceptance (Solomon A.),REPORT_DOCUMENT,hard_synthetic_v2
data issue unusual activity volume by - ezih,USER_ACTIVITY,hard_synthetic_v2
2025-04-11 T61213: Getachew modified contingency on Site 3 - site lay,FINANCIAL,hard_synthetic_v2
fuel burn above baseline (rahel g.),PROJECT_RESOURCE,hard_synthetic_v2
structure slipped 6 days (Rahel G.),COMPLIANCE,hard_synthetic_v2
T52651: contractor review score 51/100 by Meron T. - site lay,PROJECT_RESOURCE,hard_synthetic_v2
from the meeting - site reprot late by 16 days (Mesfin),COMPLIANCE,hard_synthetic_v2
2026-03-24 site report late by 12 days (sara b.) | noted on site,COMPLIANCE,hard_synthetic_v2
2025-11-02 T77017: unauth access attempt by Hanna .,SECURITY,hard_synthetic_v2
2026-06-11 T17852: odd behaviour engineer Sara B. tried,USER_ACTIVITY,hard_synthetic_v2
unusual activity volume by Abebe K.,USER_ACTIVITY,hard_synthetic_v2
flagged item,DATA_INTEGRITY,hard_synthetic_v2
for your action - test results changed without approval (marta t.),DATA_INTEGRITY,hard_synthetic_v2
permission raised for Solomon A. without approval | from the meeting,SECURITY,hard_synthetic_v2
progress reprot generated for ALR Ext (Tigist),REPORT_DOCUMENT,hard_synthetic_v2
T75606: cost code changed on PO by Samuel | for your action (check),FINANCIAL,hard_synthetic_v2
document export by Marta T.,REPORT_DOCUMENT,hard_synthetic_v2
delivery note dn-596 edited after lock by hanna a.,DATA_INTEGRITY,hard_synthetic_v2
data issue QA plan changed post-approval,REPORT_DOCUMENT,hard_synthetic_v2
external data import by Yonas G.,DATA_INTEGRITY,hard_synthetic_v2
delivery note DN-353 edited after lock by Sara B.,DATA_INTEGRITY,hard_synthetic_v2
Biruk M. changed IP during session,REPORT_DOCUMENT,hard_synthetic_v2
duplicate invoice #2670 entered,FINANCIAL,hard_synthetic_v2
user list exported by Abebe K. after hours,USER_ACTIVITY,hard_synthetic_v2
measurement sheet deleted (Samuel),DATA_INTEGRITY,hard_synthetic_v2
external data import by Henok T. | for your action,DATA_INTEGRITY,hard_synthetic_v2
material overuse logged on BD Hospital | please check,PROJECT_RESOURCE,hard_synthetic_v2
commercial rates shared outside (Sara B.),REPORT_DOCUMENT,hard_synthetic_v2
toolbox talk sheet missing (Marta T.),COMPLIANCE,hard_synthetic_v2
T69577: as-built zip downloaded by tigist,REPORT_DOCUMENT,hard_synthetic_v2
budget increased 23% on DD Warehouse by Selam F. (check),FINANCIAL,hard_synthetic_v2
T52276: contractor import replaced values (Lidya W.) | from the meeting,DATA_INTEGRITY,hard_synthetic_v2
geo anomaly: Abebe K. appeared in two cities same day - ezih,SECURITY,hard_synthetic_v2
CSV import overwrote approved qty (Lidya W.),DATA_INTEGRITY,hard_synthetic_v2
access concern,PROJECT_RESOURCE,hard_synthetic_v2
qty take-off altered - no co (henok t.),DATA_INTEGRITY,hard_synthetic_v2
site report late by 7 days (Helen) | need follow up,COMPLIANCE,hard_synthetic_v2
session from unknown device (getachew) | temporary entry,SECURITY,hard_synthetic_v2
cost code changed on PO by Henok T.,FINANCIAL,hard_synthetic_v2
approval bypassed on WO-250 by Selam F.,COMPLIANCE,hard_synthetic_v2
82 edits in under 5 min by Bereket D.,COMPLIANCE,hard_synthetic_v2
2026-01-02 odd hour login by Solomon A. at 17:00,SECURITY,hard_synthetic_v2
T64848: unauthorized access attempt by Mesfin,SECURITY,hard_synthetic_v2
permit submitted after work started (Mesfin),COMPLIANCE,hard_synthetic_v2
doc export by sara b.,USER_ACTIVITY,hard_synthetic_v2
T48639: test results changed without approval (Getachew),DATA_INTEGRITY,hard_synthetic_v2
policy breach recorded for bereket d.,COMPLIANCE,hard_synthetic_v2
contractor review score 39/100 by mesfin,PROJECT_RESOURCE,hard_synthetic_v2
T80385: 122 edits in under 5 min by Mesfin,USER_ACTIVITY,hard_synthetic_v2
2025-08-15 unusual activity volume by Biruk M.,USER_ACTIVITY,hard_synthetic_v2
2025-10-08 T14545: noted on site - invoice #8181 deleted after payment (solomon a.),FINANCIAL,hard_synthetic_v2
T32175: contractor review score 84/100 by Selam F. (check),PROJECT_RESOURCE,hard_synthetic_v2
commercial rates shared outside (Marta T.),REPORT_DOCUMENT,hard_synthetic_v2
T96267: Abebe K. tried admin console - denied,SECURITY,hard_synthetic_v2
Hanna A. opened finance module (not their role),USER_ACTIVITY,hard_synthetic_v2
scaffold parts missing after demob (Selam F.),PROJECT_RESOURCE,hard_synthetic_v2
contractor review score 91/100 by Mesfin,PROJECT_RESOURCE,hard_synthetic_v2
external share of project file (Mesfin),REPORT_DOCUMENT,hard_synthetic_v2
T32211: geo anomaly: abebe k. appeared in two cities same day,SECURITY,hard_synthetic_v2
2026-01-26 T31894: commercial rates shared outside (Biruk M.) | noted on site,REPORT_DOCUMENT,hard_synthetic_v2
T90406: external share of project file (Yonas G.) - please confirm,REPORT_DOCUMENT,hard_synthetic_v2
unusual activity volume by Kidus A.,USER_ACTIVITY,hard_synthetic_v2
contractor import replaced values (Abebe K.),DATA_INTEGRITY,hard_synthetic_v2
T20754: policy breach recorded for Kidus A. | as discussed,COMPLIANCE,hard_synthetic_v2
QA plan changed post-aproval (Mesfin),REPORT_DOCUMENT,hard_synthetic_v2
2026-10-17 T75269: bulk reassign 200 tasks - no comment (marta t.),COMPLIANCE,hard_synthetic_v2
please check - budget line edit on DD Warehouse (Mesfin),FINANCIAL,hard_synthetic_v2
"payment of ETB 50,000 approved by Rahel G. - ezih",FINANCIAL,hard_synthetic_v2
2026-05-19 contractor import replaced values (Yonas G.),DATA_INTEGRITY,hard_synthetic_v2
milestone 'topped out' delayed (Abebe K.),PROJECT_RESOURCE,hard_synthetic_v2
as-built rev changed after client sign-off (Henok T.),DATA_INTEGRITY,hard_synthetic_v2
payment run for Horizon Mat by Marta T.,FINANCIAL,hard_synthetic_v2
mass status edit (177 tasks) by Henok T.,USER_ACTIVITY,hard_synthetic_v2
2026-04-09 engineer Mesfin tried to approve payment,USER_ACTIVITY,hard_synthetic_v2
"odd behaviour cash advance etb 36,000",FINANCIAL,hard_synthetic_v2
permit submitted after work started (Abebe K.),DATA_INTEGRITY,hard_synthetic_v2
budget line edit on Hawassa P2 (Mesfin),FINANCIAL,hard_synthetic_v2
measurement sheet deleeted (Samuel),DATA_INTEGRITY,hard_synthetic_v2
2026-11-05 T14690: role misuse flagged for Marta T. | per site instruction,USER_ACTIVITY,hard_synthetic_v2
full cost db exported by biruk m.,REPORT_DOCUMENT,hard_synthetic_v2
method statement still draft but signed (Getachew),COMPLIANCE,hard_synthetic_v2
dormant account Lidya W. active after 15 months,FINANCIAL,hard_synthetic_v2
duplicate supplier invoice #2028,DATA_INTEGRITY,hard_synthetic_v2
document export by Dawit H.,REPORT_DOCUMENT,hard_synthetic_v2
invoice #8278 created by Tigist,FINANCIAL,hard_synthetic_v2
generator hours high vs plan (getachew),SECURITY,hard_synthetic_v2
2025-10-01 geo anomaly: henok t. appeared in two cities same day,SECURITY,hard_synthetic_v2
Yonas G. login faild from 197.240.139.31,SECURITY,hard_synthetic_v2
solomon a. opened finance module (not their role),USER_ACTIVITY,hard_synthetic_v2
Kidus . opened finance module (not their role),USER_ACTIVITY,hard_synthetic_v2
2026-02-28 need follow up - CSV import overwrote approved qty (Dawit H.),DATA_INTEGRITY,hard_synthetic_v2
checklist incomplete for pour #13,COMPLIANCE,hard_synthetic_v2
method statement still draft but signed (biruk m.),COMPLIANCE,hard_synthetic_v2
NCR closed without QM signature (Biruk M.),COMPLIANCE,hard_synthetic_v2
permit submitted after work started (getachew),COMPLIANCE,hard_synthetic_v2
structure slipped 2 days (Selam F.),PROJECT_RESOURCE,hard_synthetic_v2
unusual activity volume by Henok T.,USER_ACTIVITY,hard_synthetic_v2
2026-05-08 T17314: please check - 38 edits in under 5 min by hanna a.,USER_ACTIVITY,hard_synthetic_v2
failed authentication for Mesfin - site lay,SECURITY,hard_synthetic_v2
as-built rev changed after client sign-off (mesfin),DATA_INTEGRITY,hard_synthetic_v2
password reset requested then cancelled (lidya w.),SECURITY,hard_synthetic_v2
urgent - cement overuse 19% on Site 3 (Sara B.),PROJECT_RESOURCE,hard_synthetic_v2
env spill report delayed (Abebe K.),COMPLIANCE,hard_synthetic_v2
report problem sensitive salary data viewed (check),USER_ACTIVITY,hard_synthetic_v2
progress report generated for hawassa p2 (mesfin) (check),REPORT_DOCUMENT,hard_synthetic_v2
budget line edit on bole tower (getachew),FINANCIAL,hard_synthetic_v2
T12512: noted on site - contractor import replaced values (Sara B.) (check),DATA_INTEGRITY,hard_synthetic_v2
T74685: Bereket D. opened finance module (not their role),USER_ACTIVITY,hard_synthetic_v2
payment run for Nile Const by Meron T.,PROJECT_RESOURCE,hard_synthetic_v2
2026-07-21 T72500: budget line edit on dd warehouse (henok t.),FINANCIAL,hard_synthetic_v2
mesfin changed ip during session,SECURITY,hard_synthetic_v2
T10156: document export by yonas g.,REPORT_DOCUMENT,hard_synthetic_v2
T83484: scaffold parts missing after demob (Marta T.),PROJECT_RESOURCE,hard_synthetic_v2
2026-04-24 problem on Bole Tower,FINANCIAL,hard_synthetic_v2
please investigate rebar over-ordered 38% block,PROJECT_RESOURCE,hard_synthetic_v2
2025-07-06 geo anomaly: Sara B. appeared in two cities same day,SECURITY,hard_synthetic_v2
delivery note DN-690 edited after lock by Solomon A.,DATA_INTEGRITY,hard_synthetic_v2
password reset requested then cancelled (Samuel),SECURITY,hard_synthetic_v2
aproval bypassed on WO-416 by Lidya W.,COMPLIANCE,hard_synthetic_v2
equipment checkout overdue (selam f.),PROJECT_RESOURCE,hard_synthetic_v2
budget increased 44% on bd hospital by marta t.,FINANCIAL,hard_synthetic_v2
from the meeting - fuel burn above baseline (Getachew),PROJECT_RESOURCE,hard_synthetic_v2
T23932: Solomon A. modified contingency on Site 3,FINANCIAL,hard_synthetic_v2
checklist incomplete for pour #37 - please confirm,COMPLIANCE,hard_synthetic_v2
cement overuse 22% on Site 3 (Samuel),PROJECT_RESOURCE,hard_synthetic_v2
faild authentication for Selam F.,SECURITY,hard_synthetic_v2
faild authentication for Samuel (check),SECURITY,hard_synthetic_v2
Getachew log-in failed from 197.192.244.151,SECURITY,hard_synthetic_v2
Marta T. changed IP during session,SECURITY,hard_synthetic_v2
2026-09-13 needs review hold point skipped on,COMPLIANCE,hard_synthetic_v2
2025-03-19 temporary entry - contractor review score 41/100 by Selam F. - site lay,PROJECT_RESOURCE,hard_synthetic_v2
method statement still draft but signed (Meron T.),COMPLIANCE,hard_synthetic_v2
Sara B. modified contingency on ALR Ext (check),FINANCIAL,hard_synthetic_v2
commercial rates shared outside (Lidya W.),REPORT_DOCUMENT,hard_synthetic_v2
2025-06-25 excavator out 10 days - not returned (meron t.) - site lay,PROJECT_RESOURCE,hard_synthetic_v2
external share of project file (Getachew),REPORT_DOCUMENT,hard_synthetic_v2
Bereket D. changed IP during session,SECURITY,hard_synthetic_v2
engineer biruk m. tried to approve payment,USER_ACTIVITY,hard_synthetic_v2
2025-07-20 T98749: checklist incomplete for pour #9,COMPLIANCE,hard_synthetic_v2
unauth access attempt by rahel g.,SECURITY,hard_synthetic_v2
2025-12-20 T17853: bulk delete of 100 rows by Solomon A.,USER_ACTIVITY,hard_synthetic_v2
commercial rates shared outside (Rahel G.),REPORT_DOCUMENT,hard_synthetic_v2
contractor review score 49/100 by samuel,PROJECT_RESOURCE,hard_synthetic_v2
2025-06-21 progress report generated for adama ip (yonas g.),REPORT_DOCUMENT,hard_synthetic_v2
T35631: sensitive salary data viewed by Samuel | urgent,USER_ACTIVITY,hard_synthetic_v2
QA plan changed post-approval (Marta T.),USER_ACTIVITY,hard_synthetic_v2
bulk reassign 194 tasks - no comment (Tigist),USER_ACTIVITY,hard_synthetic_v2
external share of project file (hanna a.),REPORT_DOCUMENT,hard_synthetic_v2
2025-10-14 document export by Abebe K.,PROJECT_RESOURCE,hard_synthetic_v2
site report late by 10 days (biruk m.),COMPLIANCE,hard_synthetic_v2
odd hour login by Meron T. at 20:00,SECURITY,hard_synthetic_v2
T69210: structure slipped 2 days (henok t.) | noted on site,PROJECT_RESOURCE,hard_synthetic_v2
invioce #5815 deleeted after payment (Biruk M.),FINANCIAL,hard_synthetic_v2
budget line edit on Bole Tower (Meron T.),FINANCIAL,hard_synthetic_v2
permit submitted after work started (Meron T.),COMPLIANCE,hard_synthetic_v2
T25163: full cost DB exported by Samuel,REPORT_DOCUMENT,hard_synthetic_v2
certificate pdf swapped by yonas g. - site lay,DATA_INTEGRITY,hard_synthetic_v2
contractor import replaced values (Marta T.),DATA_INTEGRITY,hard_synthetic_v2
site report late by 6 days (marta t.),COMPLIANCE,hard_synthetic_v2
approval bypassed on WO-390 by Abebe K.,COMPLIANCE,hard_synthetic_v2
unusual activity volume by Lidya W.,USER_ACTIVITY,hard_synthetic_v2
check Meron T. activity external share of project,REPORT_DOCUMENT,hard_synthetic_v2
100 edits in under 5 min by tigist,USER_ACTIVITY,hard_synthetic_v2
2026-06-02 need follow up - approval bypassed on wo-386 by samuel,COMPLIANCE,hard_synthetic_v2
payment run for Horizon Mat by Getachew,FINANCIAL,hard_synthetic_v2
unusual activity volume by Samuel,USER_ACTIVITY,hard_synthetic_v2
T29917: milestone 'finishes' delayed (selam f.),PROJECT_RESOURCE,hard_synthetic_v2
"payment of etb 472,000 approved by yonas g.",FINANCIAL,hard_synthetic_v2
2025-10-05 per site instruction - progress report generated for Bole Tower (Samuel),REPORT_DOCUMENT,hard_synthetic_v2
needs review failed authentication for Getachew - site lay,SECURITY,hard_synthetic_v2
sensitive salary data viewed by Sara B.,USER_ACTIVITY,hard_synthetic_v2
T77862: certificate pdf swapped by mesfin | urgent,DATA_INTEGRITY,hard_synthetic_v2
T54104: qty take-off altered - no CO (Sara B.),DATA_INTEGRITY,hard_synthetic_v2
file shared to partner@ext.com by samuel,REPORT_DOCUMENT,hard_synthetic_v2
T86314: permission raised for tigist without approval,SECURITY,hard_synthetic_v2
2025-04-05 T44689: qty take-off altered - no CO (Kidus .),REPORT_DOCUMENT,hard_synthetic_v2
payment run for Ethio Steel by Mesfin,FINANCIAL,hard_synthetic_v2
2026-12-18 equipment checkout overdue (Solomon A.),PROJECT_RESOURCE,hard_synthetic_v2
T25714: password reset requested then cancelled (selam f.),SECURITY,hard_synthetic_v2
odd hour login by Getachew at 7:00 | as discussed,SECURITY,hard_synthetic_v2
T49569: progress reprot generated for BD Hospital (Marta T.),REPORT_DOCUMENT,hard_synthetic_v2
2025-08-23 duplicate supplier invoice #7898,DATA_INTEGRITY,hard_synthetic_v2
fuel burn above baseline (Samuel),PROJECT_RESOURCE,hard_synthetic_v2
full cost DB exproted by Meron T.,REPORT_DOCUMENT,hard_synthetic_v2
dormant account Sara B. active after 14 months,USER_ACTIVITY,hard_synthetic_v2
2026-10-08 issue with Hanna A.,DATA_INTEGRITY,hard_synthetic_v2
T99106: external share of project file (Marta T.),REPORT_DOCUMENT,hard_synthetic_v2
document export by marta t.,PROJECT_RESOURCE,hard_synthetic_v2
T44088: as-built rev changed after client sign-off (Yonas G.) - please confirm,DATA_INTEGRITY,hard_synthetic_v2
engineer Mesfin tried to approve payment,USER_ACTIVITY,hard_synthetic_v2
T17889: unusual activity volume by Kidus A. - please confirm,USER_ACTIVITY,hard_synthetic_v2
user list exported by Tigist after hours,USER_ACTIVITY,hard_synthetic_v2
urgent - repeated open of restricted folder by Samuel,USER_ACTIVITY,hard_synthetic_v2
T49349: failed authentication for dawit h. - site lay,SECURITY,hard_synthetic_v2
unauthorized access attempt by Abebe K.,SECURITY,hard_synthetic_v2
large payment released without second sign-off (Kidus A.),FINANCIAL,hard_synthetic_v2
fuel burn above baseline (Marta T.),DATA_INTEGRITY,hard_synthetic_v2
duplicate supplier invoice #4071,DATA_INTEGRITY,hard_synthetic_v2
old spec rev deleted (Kidus .),REPORT_DOCUMENT,hard_synthetic_v2
T70571: measurement sheet deleted (samuel),DATA_INTEGRITY,hard_synthetic_v2
needs review,REPORT_DOCUMENT,hard_synthetic_v2
NCR closed without QM signature (Tigist),COMPLIANCE,hard_synthetic_v2
T93952: report problem excavator out 6 days,PROJECT_RESOURCE,hard_synthetic_v2
"T53524: cash advance ETB 790,000 logged by Selam F. | urgent",FINANCIAL,hard_synthetic_v2
T70219: session from unknown device (Hanna A.),SECURITY,hard_synthetic_v2
excavator out 6 days - not returned (Samuel),PROJECT_RESOURCE,hard_synthetic_v2
"expense claim ETB 511,000 from Solomon A.",FINANCIAL,hard_synthetic_v2
2025-11-21 NCR closed without QM signature (Dawit H.),COMPLIANCE,hard_synthetic_v2
password reset requested then cancelled (Biruk M.),SECURITY,hard_synthetic_v2
T61138: large paymant released without second sign-off (henok t.),FINANCIAL,hard_synthetic_v2
fuel burn above baseline (Helen),PROJECT_RESOURCE,hard_synthetic_v2
odd hour login by abebe k. at 3:00,SECURITY,hard_synthetic_v2
budget line edit on hawassa p2 (hanna a.),FINANCIAL,hard_synthetic_v2
certificate PDF swapped by Selam F.,FINANCIAL,hard_synthetic_v2
2026-09-21 progress report generated for bd hospital (bereket d.),REPORT_DOCUMENT,hard_synthetic_v2
measurement sheet deleeted (solomon a.),DATA_INTEGRITY,hard_synthetic_v2
urgent - full cost DB exported by Lidya W.,REPORT_DOCUMENT,hard_synthetic_v2
permit submitted after work started (Bereket D.),COMPLIANCE,hard_synthetic_v2
drawing pack uploaded by Samuel,REPORT_DOCUMENT,hard_synthetic_v2
access concern,SECURITY,hard_synthetic_v2
document export by Hanna A.,REPORT_DOCUMENT,hard_synthetic_v2
equipment checkout overdue (Abebe K.),PROJECT_RESOURCE,hard_synthetic_v2
2026-04-23 noted on site - engineer Lidya W. tried to approve payment,USER_ACTIVITY,hard_synthetic_v2
late submission of daily report (Kidus A.),COMPLIANCE,hard_synthetic_v2
as discussed - cost code changed on po by dawit h.,FINANCIAL,hard_synthetic_v2
duplicate invoice #2917 entered,FINANCIAL,hard_synthetic_v2
cost code changed on po by biruk m.,FINANCIAL,hard_synthetic_v2
env spill report delayed (biruk m.),COMPLIANCE,hard_synthetic_v2
cost code changed on PO by Abebe K.,FINANCIAL,hard_synthetic_v2
T14949: session from unknown device (Hanna A.),SECURITY,hard_synthetic_v2
cost code changed on PO by Biruk M.,FINANCIAL,hard_synthetic_v2
T83800: permission raised for kidus a. without approval,SECURITY,hard_synthetic_v2
"cash advance ETB 289,000 logged by Mesfin",FINANCIAL,hard_synthetic_v2
per site instruction - external data import by Rahel G.,DATA_INTEGRITY,hard_synthetic_v2
T95093: contractor review score 49/100 by Abebe K.,PROJECT_RESOURCE,hard_synthetic_v2
duplicate invoice #1230 entered | as discussed,FINANCIAL,hard_synthetic_v2
budget increased 22% on bd hospital by tigist,USER_ACTIVITY,hard_synthetic_v2
2025-03-22 flagged item,PROJECT_RESOURCE,hard_synthetic_v2
"T95540: cash advance ETB 252,000 logged by Bereket D.",FINANCIAL,hard_synthetic_v2
T86389: access concern,PROJECT_RESOURCE,hard_synthetic_v2
T39898: see attachment - unauth access attempt by Helen,SECURITY,hard_synthetic_v2
session from unknown device (sara b.),SECURITY,hard_synthetic_v2
old spec rev deleted (Getachew),USER_ACTIVITY,hard_synthetic_v2
T46481: repeated open of restricted folder by Marta T.,USER_ACTIVITY,hard_synthetic_v2
T29563: generator hours high vs plan (henok t.),PROJECT_RESOURCE,hard_synthetic_v2
excavator out 8 days - not returned (Getachew),PROJECT_RESOURCE,hard_synthetic_v2
equipment checkout overdue (Lidya W.),PROJECT_RESOURCE,hard_synthetic_v2
qa plan changed post-approval (dawit h.),REPORT_DOCUMENT,hard_synthetic_v2
2026-06-28 flagged item certificate PDF swapped by,DATA_INTEGRITY,hard_synthetic_v2
T56579: as-built rev changed after client sign-off (Samuel),DATA_INTEGRITY,hard_synthetic_v2
T68409: need follow up - material overuse logged on hawassa p2,PROJECT_RESOURCE,hard_synthetic_v2
T14152: password reset requested then cancelled (dawit h.),SECURITY,hard_synthetic_v2
budget increased 18% on Site 3 by Sara B.,FINANCIAL,hard_synthetic_v2
urgent - document export by Tigist,REPORT_DOCUMENT,hard_synthetic_v2
milestone 'facade' delayed (Biruk M.),PROJECT_RESOURCE,hard_synthetic_v2
2025-03-03 per site instruction - hold point skipped on foundation (Sara B.),COMPLIANCE,hard_synthetic_v2
large payment released without second sign-off (samuel) | for your action,FINANCIAL,hard_synthetic_v2
2026-03-24 late submission of daily report (Helen),FINANCIAL,hard_synthetic_v2
as-built rev changed after client sign-off (Abebe K.),DATA_INTEGRITY,hard_synthetic_v2
as-built ZIP downloaded by Lidya W.,REPORT_DOCUMENT,hard_synthetic_v2
needs review 193 edits in under,USER_ACTIVITY,hard_synthetic_v2
T56347: doc exprot by solomon a.,REPORT_DOCUMENT,hard_synthetic_v2
session from unknown device (getachew),SECURITY,hard_synthetic_v2
2025-06-13 attendance history row removed by Hanna .,DATA_INTEGRITY,hard_synthetic_v2
2026-10-20 drawing pack uploaded by biruk m.,SECURITY,hard_synthetic_v2
cost code changed on PO by Solomon A.,FINANCIAL,hard_synthetic_v2
hold point skipped on foundation (Bereket D.),COMPLIANCE,hard_synthetic_v2
issue with Meron T. engineer Samuel tried to,USER_ACTIVITY,hard_synthetic_v2
dormant account Helen active after 13 months,USER_ACTIVITY,hard_synthetic_v2
budget increased 25% on adama ip by bereket d.,FINANCIAL,hard_synthetic_v2
2025-01-01 fuel burn above baseline (Lidya W.),PROJECT_RESOURCE,hard_synthetic_v2
data issue,COMPLIANCE,hard_synthetic_v2
awaiting confirmation - budget increased 27% on Bole Tower by Marta T.,FINANCIAL,hard_synthetic_v2
external data import by Meron T.,DATA_INTEGRITY,hard_synthetic_v2
hold point skipped on foundation (Kidus A.),COMPLIANCE,hard_synthetic_v2
2026-07-23 noted on site - structure slipped 9 days (Mesfin),PROJECT_RESOURCE,hard_synthetic_v2
problem on Adama IP document export by Tigist,REPORT_DOCUMENT,hard_synthetic_v2
material overuse logged on bd hospital | for your action,PROJECT_RESOURCE,hard_synthetic_v2
fuel burn above baseline (Tigist),PROJECT_RESOURCE,hard_synthetic_v2
payment run for Nile Const by Tigist,FINANCIAL,hard_synthetic_v2
contract PDF mailed externally (Lidya W.) | per site instruction,REPORT_DOCUMENT,hard_synthetic_v2
anomaly noted,DATA_INTEGRITY,hard_synthetic_v2
bulk reassign 158 tasks - no comment (Hanna A.),USER_ACTIVITY,hard_synthetic_v2
generator hours high vs plan (Dawit H.) - please confirm,PROJECT_RESOURCE,hard_synthetic_v2
T61531: need follow up - file shared to sub@con.et by yonas g.,REPORT_DOCUMENT,hard_synthetic_v2
2026-05-25 T86875: unapproved edit to record by Samuel,DATA_INTEGRITY,hard_synthetic_v2
password reset requested then cancelled (hanna a.),SECURITY,hard_synthetic_v2
T23026: please check - session from unknown device (Lidya W.),SECURITY,hard_synthetic_v2
Bereket D. changed IP during session,SECURITY,hard_synthetic_v2
checklist incomplete for pour #7,SECURITY,hard_synthetic_v2
odd hour login by Abebe K. at 23:00,SECURITY,hard_synthetic_v2
unauthorized access attempt by Marta T. - please confirm,SECURITY,hard_synthetic_v2
test results changed without approval (getachew),DATA_INTEGRITY,hard_synthetic_v2
Tigist changed IP during session | for your action - ezih,SECURITY,hard_synthetic_v2
dormant account Selam F. active after 6 months,USER_ACTIVITY,hard_synthetic_v2
env spill reprot delayed (Mesfin) - please confirm,SECURITY,hard_synthetic_v2
needs review - ezih,DATA_INTEGRITY,hard_synthetic_v2
2025-07-13 T17505: cement overuse 35% on Site 3 (Lidya W.),PROJECT_RESOURCE,hard_synthetic_v2
2026-08-06 csv import overwrote approved qty (hanna .),DATA_INTEGRITY,hard_synthetic_v2
drawing pack uploaded by Selam F.,REPORT_DOCUMENT,hard_synthetic_v2
structure slipped 3 days (tigist),PROJECT_RESOURCE,hard_synthetic_v2
bulk reassign 82 tasks - no comment (Bereket D.),USER_ACTIVITY,hard_synthetic_v2
T58529: geo anomaly: Abebe K. appeared in two cities same day,SECURITY,hard_synthetic_v2
old spec rev deleted (bereket d.),REPORT_DOCUMENT,hard_synthetic_v2
milestone 'foundation' delayed (bereket d.),PROJECT_RESOURCE,hard_synthetic_v2
method statement still draft but signed (biruk m.),USER_ACTIVITY,hard_synthetic_v2
urgent - Meron T. modified contingency on BD Hospital,FINANCIAL,hard_synthetic_v2
payment run for Nile Const by Lidya W.,FINANCIAL,hard_synthetic_v2
method statement still draft but signed (Meron T.),COMPLIANCE,hard_synthetic_v2
Helen changed IP during session,SECURITY,hard_synthetic_v2
problem on ALR Ext,PROJECT_RESOURCE,hard_synthetic_v2
milestone 'mep 1st fix' delayed (mesfin),PROJECT_RESOURCE,hard_synthetic_v2
please check - QA plan changed post-approval (Kidus A.) (check),REPORT_DOCUMENT,hard_synthetic_v2
PPE violation noted for crew of Kidus .,COMPLIANCE,hard_synthetic_v2
"2026-11-07 payment of ETB 157,000 approved by Helen",FINANCIAL,hard_synthetic_v2
geo anomaly: Samuel appeared in two cities same day,SECURITY,hard_synthetic_v2
T29542: large payment released without second sign-off (Helen) | need follow up,FINANCIAL,hard_synthetic_v2
failed authentication for Kidus A.,SECURITY,hard_synthetic_v2
2025-11-21 invioce #3952 deleted after payment (Rahel G.),FINANCIAL,hard_synthetic_v2
mesfin tried admin console - denied - please confirm,SECURITY,hard_synthetic_v2
T59789: engineer tigist tried to approve paymant,USER_ACTIVITY,hard_synthetic_v2
mass status edit (203 tasks) by Tigist,USER_ACTIVITY,hard_synthetic_v2
T59059: PPE violation noted for crew of Mesfin,COMPLIANCE,hard_synthetic_v2
engineer Abebe K. tried to approve payment,USER_ACTIVITY,hard_synthetic_v2
payment run for ethio steel by rahel g.,PROJECT_RESOURCE,hard_synthetic_v2
T14761: awaiting confirmation - unusual activity volume by Solomon A.,USER_ACTIVITY,hard_synthetic_v2
drawing pack uploaded by helen,REPORT_DOCUMENT,hard_synthetic_v2
hanna a. changed ip during session,SECURITY,hard_synthetic_v2
2025-01-09 repeated open of restricted folder by Lidya W.,USER_ACTIVITY,hard_synthetic_v2
toolbox talk sheet missing (Mesfin),COMPLIANCE,hard_synthetic_v2
as-built ZIP downloaded by Dawit H.,REPORT_DOCUMENT,hard_synthetic_v2
T81351: material overuse logged on Bole Tower,PROJECT_RESOURCE,hard_synthetic_v2
engineer Yonas G. tried to approve paymant,USER_ACTIVITY,hard_synthetic_v2
T67614: password reset requested then cancelled (Henok T.),SECURITY,hard_synthetic_v2
repeated open of restricted folder by Lidya W.,USER_ACTIVITY,hard_synthetic_v2
dormant account Marta T. active after 17 months,USER_ACTIVITY,hard_synthetic_v2
45 edits in under 5 min by Yonas G.,USER_ACTIVITY,hard_synthetic_v2
2026-10-12 flagged item,FINANCIAL,hard_synthetic_v2
per site instruction - unauthorized access attempt by samuel,SECURITY,hard_synthetic_v2
budget increased 17% on DD Warehouse by Abebe K.,FINANCIAL,hard_synthetic_v2
structure slipped 13 days (bereket d.),PROJECT_RESOURCE,hard_synthetic_v2
2025-11-11 mass status edit (132 tasks) by Mesfin | noted on site (check),USER_ACTIVITY,hard_synthetic_v2
2026-07-20 T88092: env spill report delayed (Sara B.),COMPLIANCE,hard_synthetic_v2
commercial rates shared outside (samuel),REPORT_DOCUMENT,hard_synthetic_v2
multiple faild logins on yonas g. account,SECURITY,hard_synthetic_v2
contractor review score 58/100 by Dawit H.,PROJECT_RESOURCE,hard_synthetic_v2
contract PDF mailed externally (Abebe K.),REPORT_DOCUMENT,hard_synthetic_v2
per site instruction - budget increased 40% on Hawassa P2 by Selam F.,FINANCIAL,hard_synthetic_v2
contractor import replaced values (Bereket D.),DATA_INTEGRITY,hard_synthetic_v2
hold point skipped on foundation (Abebe K.),COMPLIANCE,hard_synthetic_v2
subcon Abyssinia Hire NCR list updated by Lidya W. | need follow up,PROJECT_RESOURCE,hard_synthetic_v2
external share of project file (Selam F.) | awaiting confirmation (check),REPORT_DOCUMENT,hard_synthetic_v2
2025-05-27 permit submitted after work started (Selam F.) (check),COMPLIANCE,hard_synthetic_v2
generator hours high vs plan (henok t.),REPORT_DOCUMENT,hard_synthetic_v2
env spill report delayed (Lidya W.),COMPLIANCE,hard_synthetic_v2
T59178: as-built rev changed after client sign-off (Mesfin),REPORT_DOCUMENT,hard_synthetic_v2
full cost DB exported by Hanna A.,REPORT_DOCUMENT,hard_synthetic_v2
T83307: Abebe K. login faild from 197.55.107.238 - ezih,SECURITY,hard_synthetic_v2
T82548: certificate pdf swapped by biruk m.,DATA_INTEGRITY,hard_synthetic_v2
2025-01-19 check Solomon A. activity,SECURITY,hard_synthetic_v2
env spill report delayed (Yonas G.),COMPLIANCE,hard_synthetic_v2
2025-06-08 Rahel G. login failed from 197.6.163.117 - site lay,COMPLIANCE,hard_synthetic_v2
report problem structure slipped 6 days,PROJECT_RESOURCE,hard_synthetic_v2
subcon Ethio Steel NCR list updated by Yonas G.,PROJECT_RESOURCE,hard_synthetic_v2
2025-09-07 external data import by Helen,DATA_INTEGRITY,hard_synthetic_v2
session from unknown device (lidya w.),SECURITY,hard_synthetic_v2
approved MS edited after acceptance (Sara B.),REPORT_DOCUMENT,hard_synthetic_v2
2025-05-17 odd behaviour,DATA_INTEGRITY,hard_synthetic_v2
PPE violation noted for crew of Mesfin,COMPLIANCE,hard_synthetic_v2
T50207: duplicate invioce #9065 entered - ezih,COMPLIANCE,hard_synthetic_v2
fuel burn above baseline (Dawit H.),PROJECT_RESOURCE,hard_synthetic_v2
geo anomaly: Mesfin appeared in two cities same day,USER_ACTIVITY,hard_synthetic_v2
external data import by kidus a.,DATA_INTEGRITY,hard_synthetic_v2
T68288: odd hour login by Biruk M. at 6:00,SECURITY,hard_synthetic_v2
sensitive salary data viewed by Getachew,USER_ACTIVITY,hard_synthetic_v2
Biruk M. changed IP during session,SECURITY,hard_synthetic_v2
awaiting confirmation - budget increased 15% on Bole Tower by Sara B.,FINANCIAL,hard_synthetic_v2
odd behaviour,SECURITY,hard_synthetic_v2
drawing pack uploaded by Solomon A.,REPORT_DOCUMENT,hard_synthetic_v2
T21904: odd hour login by Selam F. at 15:00,SECURITY,hard_synthetic_v2
2026-02-22 as-built rev changed after client sign-off (rahel g.) (check),DATA_INTEGRITY,hard_synthetic_v2
T84466: dawit h. changed ip during session,SECURITY,hard_synthetic_v2
cost code changed on PO by Sara B.,FINANCIAL,hard_synthetic_v2
milestone 'topped out' delayed (biruk m.),PROJECT_RESOURCE,hard_synthetic_v2
odd hour login by samuel at 9:00,SECURITY,hard_synthetic_v2
material overuse logged on ALR Ext,PROJECT_RESOURCE,hard_synthetic_v2
external data import by Rahel G.,DATA_INTEGRITY,hard_synthetic_v2
T44367: budget increased 47% on site 3 by sara b.,FINANCIAL,hard_synthetic_v2
unusual activity volume by rahel g.,USER_ACTIVITY,hard_synthetic_v2
attendance history row removed by mesfin,DATA_INTEGRITY,hard_synthetic_v2
samuel log-in failed from 197.49.15.120,PROJECT_RESOURCE,hard_synthetic_v2
Abebe K. opened finance module (not their role),USER_ACTIVITY,hard_synthetic_v2
role misuse flagged for Marta T.,REPORT_DOCUMENT,hard_synthetic_v2
milestone 'facade' delayed (Selam F.),PROJECT_RESOURCE,hard_synthetic_v2
excavator out 7 days - not returned (getachew),PROJECT_RESOURCE,hard_synthetic_v2
env spill report delayed (Mesfin),COMPLIANCE,hard_synthetic_v2
policy breach recorded for Solomon A.,COMPLIANCE,hard_synthetic_v2
user list exported by Solomon A. after hours,USER_ACTIVITY,hard_synthetic_v2
T47028: document export by Rahel G.,REPORT_DOCUMENT,hard_synthetic_v2
2026-06-05 Getachew changed IP during session,SECURITY,hard_synthetic_v2
CSV import overwrote approved qty (Solomon A.),DATA_INTEGRITY,hard_synthetic_v2
password reset requested then cancelled (Mesfin) | for your action,SECURITY,hard_synthetic_v2
2026-07-19 progress report generated for ALR Ext (Getachew),REPORT_DOCUMENT,hard_synthetic_v2
drawing pack uploaded by abebe k.,USER_ACTIVITY,hard_synthetic_v2
env spill report delayed (Getachew),COMPLIANCE,hard_synthetic_v2
dormant account helen active after 9 months,USER_ACTIVITY,hard_synthetic_v2
file shared to sub@con.et by Rahel G.,REPORT_DOCUMENT,hard_synthetic_v2
test results changed without approval (Biruk M.),DATA_INTEGRITY,hard_synthetic_v2
suspicious login pattern detected (samuel),SECURITY,hard_synthetic_v2
please investigate subcon Ethio Steel NCR,PROJECT_RESOURCE,hard_synthetic_v2
ncr closed without qm signature (meron t.),COMPLIANCE,hard_synthetic_v2
budget line edit on adama ip (sara b.),FINANCIAL,hard_synthetic_v2
payment run for nile const by marta t. - site lay,FINANCIAL,hard_synthetic_v2
hold point skipped on foundation (biruk m.),DATA_INTEGRITY,hard_synthetic_v2
2026-10-07 repeated open of restricted folder by Abebe K.,USER_ACTIVITY,hard_synthetic_v2
noted on site - NCR closed without QM signature (Meron T.),COMPLIANCE,hard_synthetic_v2
as discussed - odd hour login by bereket d. at 15:00,SECURITY,hard_synthetic_v2
suspicious login pattern detected (Lidya W.),SECURITY,hard_synthetic_v2
password reset requested then cancelled (Tigist) - ezih,SECURITY,hard_synthetic_v2
2026-05-21 approved MS edited after acceptance (Meron T.),REPORT_DOCUMENT,hard_synthetic_v2
2025-08-04 cost code changed on PO by Helen,FINANCIAL,hard_synthetic_v2
engineer Tigist tried to approve payment,USER_ACTIVITY,hard_synthetic_v2
2026-02-25 commercial rates shared outside (Lidya W.),REPORT_DOCUMENT,hard_synthetic_v2
Bereket D. tried admin console - denied | please check,SECURITY,hard_synthetic_v2
Dawit H. modified contingency on DD Warehouse,FINANCIAL,hard_synthetic_v2
QA plan changed post-aproval (Biruk M.),REPORT_DOCUMENT,hard_synthetic_v2
role misuse flagged for abebe k.,USER_ACTIVITY,hard_synthetic_v2
PPE violation noted for crew of Solomon A.,COMPLIANCE,hard_synthetic_v2
checklist incomplete for pour #30 | need follow up,COMPLIANCE,hard_synthetic_v2
2026-12-05 dormant account sara b. active after 9 months,REPORT_DOCUMENT,hard_synthetic_v2
ppe violation noted for crew of dawit h.,COMPLIANCE,hard_synthetic_v2
role misuse flagged for abebe k.,USER_ACTIVITY,hard_synthetic_v2
awaiting confirmation - test results changed without aproval (Lidya W.) (check),DATA_INTEGRITY,hard_synthetic_v2
"expense claim ETB 774,000 from Meron T. | from the meeting",FINANCIAL,hard_synthetic_v2
repeated open of restricted folder by Solomon A.,USER_ACTIVITY,hard_synthetic_v2
contract PDF mailed externally (Hanna .),REPORT_DOCUMENT,hard_synthetic_v2
2025-05-06 progress report generated for Bole Tower (Tigist),REPORT_DOCUMENT,hard_synthetic_v2
Rahel G. modified contingency on Adama IP,FINANCIAL,hard_synthetic_v2
Helen changed IP during session,SECURITY,hard_synthetic_v2
repeated open of restricted folder by Lidya W.,USER_ACTIVITY,hard_synthetic_v2
2025-07-12 QA plan changed post-approval (Marta T.),REPORT_DOCUMENT,hard_synthetic_v2
certificate PDF swapped by Henok T.,DATA_INTEGRITY,hard_synthetic_v2
T82116: file shared to partner@ext.com by Meron T.,REPORT_DOCUMENT,hard_synthetic_v2
T23657: drawing pack uploaded by Mesfin,REPORT_DOCUMENT,hard_synthetic_v2
data issue 18 edits in under,USER_ACTIVITY,hard_synthetic_v2
T11422: milestone 'facade' delayed (Dawit H.),PROJECT_RESOURCE,hard_synthetic_v2
T57244: Abebe K. opened finance module (not their role),USER_ACTIVITY,hard_synthetic_v2
ppe violation noted for crew of meron t.,FINANCIAL,hard_synthetic_v2
2025-04-27 contract pdf mailed externally (selam f.),REPORT_DOCUMENT,hard_synthetic_v2
data issue,REPORT_DOCUMENT,hard_synthetic_v2
T71190: PPE violation noted for crew of Yonas G.,SECURITY,hard_synthetic_v2
rebar over-ordered 26% block A - ezih,PROJECT_RESOURCE,hard_synthetic_v2
"expense claim etb 731,000 from kidus a.",FINANCIAL,hard_synthetic_v2
cost code changed on PO by Tigist,FINANCIAL,hard_synthetic_v2
password reset requested then cancelled (selam f.),SECURITY,hard_synthetic_v2
bulk delete of 99 rows by Selam F.,USER_ACTIVITY,hard_synthetic_v2
checklist incomplete for pour #16,COMPLIANCE,hard_synthetic_v2
2026-08-22 contractor import replaced values (solomon a.),DATA_INTEGRITY,hard_synthetic_v2
T35974: odd hour login by Lidya W. at 10:00,SECURITY,hard_synthetic_v2
budget increased 34% on Adama IP by Lidya W.,FINANCIAL,hard_synthetic_v2
anomaly noted cement overuse 16% on,PROJECT_RESOURCE,hard_synthetic_v2
T60076: external data import by Getachew,DATA_INTEGRITY,hard_synthetic_v2
multiple failed logins on Selam F. account,SECURITY,hard_synthetic_v2
T38557: external share of project file (Yonas G.),REPORT_DOCUMENT,hard_synthetic_v2
T32255: role misuse flagged for Helen - site lay,USER_ACTIVITY,hard_synthetic_v2
T97396: duplicate supplier invoice #3523,COMPLIANCE,hard_synthetic_v2
paymant run for Nile Const by Sara B.,FINANCIAL,hard_synthetic_v2
T32459: rebar over-ordered 35% block A,PROJECT_RESOURCE,hard_synthetic_v2
session from unknown device (lidya w.),SECURITY,hard_synthetic_v2
test results changed without approval (Tigist),DATA_INTEGRITY,hard_synthetic_v2
Tigist opened finance module (not their role) - ezih,REPORT_DOCUMENT,hard_synthetic_v2
material overuse logged on Bole Tower,PROJECT_RESOURCE,hard_synthetic_v2
2025-09-23 role misuse flagged for samuel,USER_ACTIVITY,hard_synthetic_v2
2025-10-22 certificate PDF swapped by Biruk M.,PROJECT_RESOURCE,hard_synthetic_v2
generator hours high vs plan (Tigist) | need follow up,PROJECT_RESOURCE,hard_synthetic_v2
invoice #1400 deleted after payment (Bereket D.),FINANCIAL,hard_synthetic_v2
T82875: equipment checkout overdue (selam f.) - site lay,PROJECT_RESOURCE,hard_synthetic_v2
drawing pack uploaded by lidya w.,REPORT_DOCUMENT,hard_synthetic_v2
T67918: engineer Rahel G. tried to approve payment,USER_ACTIVITY,hard_synthetic_v2
contractor review score 64/100 by Abebe K.,PROJECT_RESOURCE,hard_synthetic_v2
fuel burn above baseline (Meron T.),PROJECT_RESOURCE,hard_synthetic_v2
T51011: subcon Horizon Mat NCR list updated by Meron T. | see attachment,PROJECT_RESOURCE,hard_synthetic_v2
2025-06-28 check Selam F. activity contract PDF mailed externally,REPORT_DOCUMENT,hard_synthetic_v2
structure slipped 3 days (Henok T.),PROJECT_RESOURCE,hard_synthetic_v2
report problem,FINANCIAL,hard_synthetic_v2
measurement sheet deleted (Solomon A.),COMPLIANCE,hard_synthetic_v2
approved ms edited after acceptance (tigist),REPORT_DOCUMENT,hard_synthetic_v2
T43448: need follow up - qa plan changed post-approval (bereket d.),REPORT_DOCUMENT,hard_synthetic_v2
qty take-off altered - no CO (Yonas G.),DATA_INTEGRITY,hard_synthetic_v2
2026-04-19 method statement still draft but signed (Helen),COMPLIANCE,hard_synthetic_v2
T78710: doc export by Selam F. | awaiting confirmation,REPORT_DOCUMENT,hard_synthetic_v2
T20559: unusual activity volume by Marta T.,USER_ACTIVITY,hard_synthetic_v2
as-built ZIP downloaded by Solomon A.,REPORT_DOCUMENT,hard_synthetic_v2
unusual activity volume by Yonas G.,USER_ACTIVITY,hard_synthetic_v2
large paymant released without second sign-off (Lidya W.),FINANCIAL,hard_synthetic_v2
checklist incomplete for pour #29,COMPLIANCE,hard_synthetic_v2
large paymant released without second sign-off (Rahel G.),FINANCIAL,hard_synthetic_v2
2025-09-04 as-built rev changed after client sign-off (Marta T.),DATA_INTEGRITY,hard_synthetic_v2
T23383: env spill report delayed (Yonas G.),COMPLIANCE,hard_synthetic_v2
2026-12-12 file shared to sub@con.et by Helen,REPORT_DOCUMENT,hard_synthetic_v2
2026-01-18 ncr closed without qm signature (samuel),COMPLIANCE,hard_synthetic_v2
generator hours high vs plan (Samuel) - ezih,PROJECT_RESOURCE,hard_synthetic_v2
late submission of daily report (Meron T.) | need follow up,COMPLIANCE,hard_synthetic_v2
2026-03-22 T50974: unapproved edit to record by Abebe K.,DATA_INTEGRITY,hard_synthetic_v2
mass status edit (32 tasks) by Meron T.,USER_ACTIVITY,hard_synthetic_v2
T45434: approved MS edited after acceptance (Rahel G.),REPORT_DOCUMENT,hard_synthetic_v2
as-built rev changed after client sign-off (Biruk M.),DATA_INTEGRITY,hard_synthetic_v2
T23624: equipment checkout overdue (Dawit H.),PROJECT_RESOURCE,hard_synthetic_v2
session from unknown device (helen),SECURITY,hard_synthetic_v2
checklist incomplete for pour #25,COMPLIANCE,hard_synthetic_v2
Kidus A. tried admin console - denied,SECURITY,hard_synthetic_v2
T80700: ncr closed without qm signature (rahel g.),COMPLIANCE,hard_synthetic_v2
Samuel tried admin console - denied,SECURITY,hard_synthetic_v2
T17989: please check - policy breach recorded for Samuel - site lay,COMPLIANCE,hard_synthetic_v2
delivery note DN-509 edited after lock by Mesfin,DATA_INTEGRITY,hard_synthetic_v2
T58379: attendance history row removed by Getachew,DATA_INTEGRITY,hard_synthetic_v2
generator hours high vs plan (Tigist),PROJECT_RESOURCE,hard_synthetic_v2
see attachment - fuel burn above baseline (getachew),PROJECT_RESOURCE,hard_synthetic_v2
engineer abebe k. tried to approve payment,USER_ACTIVITY,hard_synthetic_v2
2025-05-08 approval bypassed on WO-131 by Bereket D.,COMPLIANCE,hard_synthetic_v2
invoice #1784 deleted after payment (mesfin) - please confirm,FINANCIAL,hard_synthetic_v2
T87420: session from unknown device (Yonas G.),SECURITY,hard_synthetic_v2
geo anomaly: yonas g. appeared in two cities same day,SECURITY,hard_synthetic_v2
2025-02-12 T53566: geo anomaly: Rahel G. appeared in two cities same day,SECURITY,hard_synthetic_v2
old spec rev deleeted (Biruk M.),REPORT_DOCUMENT,hard_synthetic_v2
Solomon A. modified contingency on ALR Ext,FINANCIAL,hard_synthetic_v2
2026-11-14 sensitive salary data viewed by Abebe K.,USER_ACTIVITY,hard_synthetic_v2
test results changed without aproval (Hanna A.),DATA_INTEGRITY,hard_synthetic_v2
policy breach recorded for Solomon A.,COMPLIANCE,hard_synthetic_v2
cost code changed on po by henok t.,FINANCIAL,hard_synthetic_v2
attendance history row removed by Tigist,DATA_INTEGRITY,hard_synthetic_v2
rebar over-ordered 41% block d,PROJECT_RESOURCE,hard_synthetic_v2
invoice #1757 deleted after payment (Meron T.),FINANCIAL,hard_synthetic_v2
bulk delete of 111 rows by Lidya W.,USER_ACTIVITY,hard_synthetic_v2
user list exported by Samuel after hours,USER_ACTIVITY,hard_synthetic_v2
generator hours high vs plan (Mesfin) | as discussed,PROJECT_RESOURCE,hard_synthetic_v2
urgent - sensitive salary data viewed by Kidus A.,USER_ACTIVITY,hard_synthetic_v2
2026-06-24 approved MS edited after acceptance (Getachew),REPORT_DOCUMENT,hard_synthetic_v2
user list exported by samuel after hours,USER_ACTIVITY,hard_synthetic_v2
T78362: failed authentication for selam f. (check),SECURITY,hard_synthetic_v2
NCR closed without QM signature (Getachew),COMPLIANCE,hard_synthetic_v2
bulk reassign 164 tasks - no comment (Abebe K.) | please check,USER_ACTIVITY,hard_synthetic_v2
data issue measurement sheet deleeted (samuel),DATA_INTEGRITY,hard_synthetic_v2
2026-09-27 geo anomaly: Rahel G. appeared in two cities same day,SECURITY,hard_synthetic_v2
T31890: cost code changed on PO by Henok T.,FINANCIAL,hard_synthetic_v2
2026-09-21 bulk delete of 46 rows by selam f.,USER_ACTIVITY,hard_synthetic_v2
please check - full cost DB exported by Sara B.,REPORT_DOCUMENT,hard_synthetic_v2
T61700: env spill report delayed (Biruk M.),COMPLIANCE,hard_synthetic_v2
document export by helen,REPORT_DOCUMENT,hard_synthetic_v2
report problem multiple failed logins on,SECURITY,hard_synthetic_v2
2026-10-27 please investigate,SECURITY,hard_synthetic_v2
needs review,SECURITY,hard_synthetic_v2
from the meeting - engineer Helen tried to approve payment,USER_ACTIVITY,hard_synthetic_v2
check Tigist activity role misuse flagged for,USER_ACTIVITY,hard_synthetic_v2
odd behaviour role misuse flagged for,USER_ACTIVITY,hard_synthetic_v2
T22134: progress report generated for site 3 (selam f.),REPORT_DOCUMENT,hard_synthetic_v2
for your action - multiple failed logins on Marta T. account,SECURITY,hard_synthetic_v2
file shared to partner@ext.com by lidya w.,REPORT_DOCUMENT,hard_synthetic_v2
role misuse flagged for Abebe K.,USER_ACTIVITY,hard_synthetic_v2
T46587: need follow up - approved ms edited after acceptance (dawit h.),REPORT_DOCUMENT,hard_synthetic_v2
repeated open of restricted folder by Meron T.,PROJECT_RESOURCE,hard_synthetic_v2
temporary entry - delivery note DN-645 edited after lock by Getachew,DATA_INTEGRITY,hard_synthetic_v2
"payment of ETB 843,000 approved by Marta T.",FINANCIAL,hard_synthetic_v2
file shared to sub@con.et by samuel,COMPLIANCE,hard_synthetic_v2
contractor review score 79/100 by Henok T.,PROJECT_RESOURCE,hard_synthetic_v2
generator hours high vs plan (Dawit H.),PROJECT_RESOURCE,hard_synthetic_v2
2026-11-08 equipment checkout overdue (samuel),PROJECT_RESOURCE,hard_synthetic_v2
old spec rev deleted (Marta T.),REPORT_DOCUMENT,hard_synthetic_v2
faild authentication for Kidus A.,SECURITY,hard_synthetic_v2
qty take-off altered - no CO (Marta T.),DATA_INTEGRITY,hard_synthetic_v2
needs review budget line edit on,FINANCIAL,hard_synthetic_v2
NCR closed without QM signature (Henok T.),COMPLIANCE,hard_synthetic_v2
bulk reassign 30 tasks - no comment (Selam F.),USER_ACTIVITY,hard_synthetic_v2
unusual activity volume by Marta T.,USER_ACTIVITY,hard_synthetic_v2
T67024: contract PDF mailed externally (Hanna A.),REPORT_DOCUMENT,hard_synthetic_v2
T86340: mass status edit (95 tasks) by Abebe K.,USER_ACTIVITY,hard_synthetic_v2
ncr closed without qm signature (tigist),COMPLIANCE,hard_synthetic_v2
PPE violation noted for crew of Dawit H.,COMPLIANCE,hard_synthetic_v2
role misuse flagged for helen,USER_ACTIVITY,hard_synthetic_v2
old spec rev deleted (helen),REPORT_DOCUMENT,hard_synthetic_v2
fuel burn above baseline (Kidus .),PROJECT_RESOURCE,hard_synthetic_v2
T74266: checklist incomplete for pour #25,COMPLIANCE,hard_synthetic_v2
2026-03-10 T97179: method statement still draft but signed (Biruk M.) - please confirm,COMPLIANCE,hard_synthetic_v2
T80848: measurement sheet deleeted (Abebe K.) | for your action,DATA_INTEGRITY,hard_synthetic_v2
document export by Bereket D.,REPORT_DOCUMENT,hard_synthetic_v2
flagged item Meron T. tried admin,SECURITY,hard_synthetic_v2
for your action - as-built ZIP downloaded by Abebe K. (check),REPORT_DOCUMENT,hard_synthetic_v2
certificate PDF swapped by Rahel G.,DATA_INTEGRITY,hard_synthetic_v2
site report late by 16 days (Samuel),COMPLIANCE,hard_synthetic_v2
2025-11-17 T29807: geo anomaly: Bereket D. appeared in two cities same day,SECURITY,hard_synthetic_v2
"expense claim ETB 812,000 from Selam F.",FINANCIAL,hard_synthetic_v2
2025-07-12 marta t. modified contingency on alr ext,FINANCIAL,hard_synthetic_v2
T40060: QA plan changed post-approval (Getachew),REPORT_DOCUMENT,hard_synthetic_v2
scaffold parts missing after demob (yonas g.),PROJECT_RESOURCE,hard_synthetic_v2
2025-09-20 password reset requested then cancelled (Henok T.) | see attachment,SECURITY,hard_synthetic_v2
2025-11-06 T61495: structure slipped 10 days (Solomon .) - please confirm,PROJECT_RESOURCE,hard_synthetic_v2
T18981: please investigate contractor import replaced values,DATA_INTEGRITY,hard_synthetic_v2
2025-10-10 T77586: multiple faild logins on Kidus A. account | as discussed,SECURITY,hard_synthetic_v2
2026-10-07 toolbox talk sheet missing (abebe k.),COMPLIANCE,hard_synthetic_v2
measurement sheet deleted (Sara B.) | for your action,DATA_INTEGRITY,hard_synthetic_v2
2025-04-12 need follow up - 154 edits in under 5 min by Tigist,USER_ACTIVITY,hard_synthetic_v2
approval bypassed on wo-704 by rahel g.,COMPLIANCE,hard_synthetic_v2
document export by kidus a.,REPORT_DOCUMENT,hard_synthetic_v2
checklist incomplete for pour #10,COMPLIANCE,hard_synthetic_v2
flagged item,COMPLIANCE,hard_synthetic_v2
csv import overwrote approved qty (henok t.),DATA_INTEGRITY,hard_synthetic_v2
role misuse flagged for Lidya W. | as discussed,USER_ACTIVITY,hard_synthetic_v2
T27606: file shared to partner@ext.com by Getachew - site lay,REPORT_DOCUMENT,hard_synthetic_v2
2025-08-19 invoice #9056 created by Getachew,FINANCIAL,hard_synthetic_v2
permission raised for Yonas G. without approval,SECURITY,hard_synthetic_v2
T81832: ncr closed without qm signature (bereket d.),COMPLIANCE,hard_synthetic_v2
permit submitted after work started (Rahel G.),COMPLIANCE,hard_synthetic_v2
T13982: invioce #6470 created by Kidus A.,FINANCIAL,hard_synthetic_v2
T10165: temporary entry - fuel burn above baseline (Abebe K.),PROJECT_RESOURCE,hard_synthetic_v2
PPE violation noted for crew of Samuel - site lay,COMPLIANCE,hard_synthetic_v2
toolbox talk sheet missing (Tigist),COMPLIANCE,hard_synthetic_v2
fuel burn above baseline (getachew),FINANCIAL,hard_synthetic_v2
T45385: password reset requested then cancelled (Sara B.),SECURITY,hard_synthetic_v2
2026-01-06 sensitive salary data viewed by Sara B.,SECURITY,hard_synthetic_v2
old spec rev deleted (Dawit H.) | for your action,REPORT_DOCUMENT,hard_synthetic_v2
2026-01-12 material overuse logged on Bole Tower,PROJECT_RESOURCE,hard_synthetic_v2
drawing pack uploaded by kidus a.,REPORT_DOCUMENT,hard_synthetic_v2
checklist incomplete for pour #22,COMPLIANCE,hard_synthetic_v2
T88243: contractor review score 86/100 by Biruk M.,FINANCIAL,hard_synthetic_v2
T10795: external share of project file (Bereket D.) - site lay,REPORT_DOCUMENT,hard_synthetic_v2
rebar over-ordered 26% block B,PROJECT_RESOURCE,hard_synthetic_v2
odd behaviour user list exported by,USER_ACTIVITY,hard_synthetic_v2
cement overuse 20% on BD Hospital (Biruk M.),FINANCIAL,hard_synthetic_v2
budget increased 44% on ALR Ext by Marta T.,FINANCIAL,hard_synthetic_v2
solomon a. modified contingency on bd hospital (check),FINANCIAL,hard_synthetic_v2
"T44457: payment of ETB 32,000 approved by Bereket D.",FINANCIAL,hard_synthetic_v2
T77201: dormant account Henok T. active after 14 months,USER_ACTIVITY,hard_synthetic_v2
T18581: odd hour log-in by Dawit H. at 6:00,SECURITY,hard_synthetic_v2
2026-09-15 T64802: measurement sheet deleted (hanna .),DATA_INTEGRITY,hard_synthetic_v2
2026-02-04 mesfin tried admin console - denied,SECURITY,hard_synthetic_v2
contractor review score 51/100 by Getachew,PROJECT_RESOURCE,hard_synthetic_v2
geo anomaly: Mesfin appeared in two cities same day,SECURITY,hard_synthetic_v2
hanna a. opened finance module (not their role),USER_ACTIVITY,hard_synthetic_v2
contract PDF mailed externally (Lidya W.) - please confirm,REPORT_DOCUMENT,hard_synthetic_v2
unusual activity volume by kidus a.,USER_ACTIVITY,hard_synthetic_v2
odd hour login by kidus a. at 6:00,SECURITY,hard_synthetic_v2
2025-03-28 toolbox talk sheet missing (tigist),COMPLIANCE,hard_synthetic_v2
2026-04-06 progress reprot generated for BD Hospital (Bereket D.),REPORT_DOCUMENT,hard_synthetic_v2
Biruk M. login failed from 197.100.172.157,SECURITY,hard_synthetic_v2
invoice #8153 created by Rahel G.,FINANCIAL,hard_synthetic_v2
bulk reassign 199 tasks - no comment (Sara B.),USER_ACTIVITY,hard_synthetic_v2
T69447: toolbox talk sheet missing (Mesfin) - please confirm,COMPLIANCE,hard_synthetic_v2
as-built rev changed after client sign-off (Biruk M.),DATA_INTEGRITY,hard_synthetic_v2
access concern,DATA_INTEGRITY,hard_synthetic_v2
unusual activity volume by Meron T.,USER_ACTIVITY,hard_synthetic_v2
"cash advance ETB 772,000 logged by Rahel G.",FINANCIAL,hard_synthetic_v2
T28499: unapproved edit to record by lidya w.,DATA_INTEGRITY,hard_synthetic_v2
QA plan changed post-approval (Helen) | temporary entry,REPORT_DOCUMENT,hard_synthetic_v2
PPE violation noted for crew of Selam F.,COMPLIANCE,hard_synthetic_v2
duplicate invoice #1197 entered,FINANCIAL,hard_synthetic_v2
T29290: permit submitted after work started (Samuel),COMPLIANCE,hard_synthetic_v2
T51329: hold point skipped on foundation (Meron T.) - ezih,COMPLIANCE,hard_synthetic_v2
2026-03-28 invoice #7741 deleted after payment (Solomon A.),FINANCIAL,hard_synthetic_v2
2026-05-15 ncr closed without qm signature (yonas g.),COMPLIANCE,hard_synthetic_v2
external share of project file (hanna a.),PROJECT_RESOURCE,hard_synthetic_v2
problem on alr ext,PROJECT_RESOURCE,hard_synthetic_v2
rebar over-ordered 16% block D,PROJECT_RESOURCE,hard_synthetic_v2
test results changed without approval (Mesfin),DATA_INTEGRITY,hard_synthetic_v2
mass status edit (212 tasks) by Solomon A.,USER_ACTIVITY,hard_synthetic_v2
subcon Nile Const NCR list updated by Tigist (check),PROJECT_RESOURCE,hard_synthetic_v2
"T51906: expense claim etb 604,000 from rahel g. - ezih",FINANCIAL,hard_synthetic_v2
failed authentication for getachew,SECURITY,hard_synthetic_v2
T15410: permit submitted after work started (Hanna A.),COMPLIANCE,hard_synthetic_v2
T35944: contract PDF mailed externally (Getachew),REPORT_DOCUMENT,hard_synthetic_v2
unusual activity volume by Yonas G.,USER_ACTIVITY,hard_synthetic_v2
T85448: budget increased 32% on Bole Tower by Dawit H.,FINANCIAL,hard_synthetic_v2
unauthorized access attempt by Marta T.,SECURITY,hard_synthetic_v2
excavator out 15 days - not returned (Meron T.),PROJECT_RESOURCE,hard_synthetic_v2
"2025-11-01 T56697: payment of ETB 386,000 approved by Bereket D.",FINANCIAL,hard_synthetic_v2
T26677: as-built ZIP downloaded by Dawit H.,REPORT_DOCUMENT,hard_synthetic_v2
ncr closed without qm signature (solomon a.),COMPLIANCE,hard_synthetic_v2
awaiting confirmation - tigist login failed from 197.254.213.119,SECURITY,hard_synthetic_v2
T13210: external data import by meron t.,DATA_INTEGRITY,hard_synthetic_v2
session from unknown device (helen),SECURITY,hard_synthetic_v2
T71644: permit submitted after work started (yonas g.),COMPLIANCE,hard_synthetic_v2
2026-04-09 167 edits in under 5 min by Mesfin,USER_ACTIVITY,hard_synthetic_v2
invioce #5282 deleeted after payment (Marta T.),FINANCIAL,hard_synthetic_v2
urgent - CSV import overwrote approved qty (Helen),DATA_INTEGRITY,hard_synthetic_v2
contractor import replaced values (Rahel G.),DATA_INTEGRITY,hard_synthetic_v2
T96518: unusual activity volume by Abebe K.,USER_ACTIVITY,hard_synthetic_v2
test results changed without approval (Rahel G.),DATA_INTEGRITY,hard_synthetic_v2
T21727: certificate PDF swapped by Meron T.,DATA_INTEGRITY,hard_synthetic_v2
issue with selam f. engineer sara b. tried,USER_ACTIVITY,hard_synthetic_v2
needs review,SECURITY,hard_synthetic_v2
hold point skipped on foundation (Marta T.),COMPLIANCE,hard_synthetic_v2
rebar over-ordered 13% block C,PROJECT_RESOURCE,hard_synthetic_v2
role misuse flagged for Kidus .,COMPLIANCE,hard_synthetic_v2
toolbox talk sheet missing (bereket d.),COMPLIANCE,hard_synthetic_v2
T26450: env spill report delayed (Mesfin),USER_ACTIVITY,hard_synthetic_v2
2026-01-27 old spec rev deleted (Selam F.) | need follow up,REPORT_DOCUMENT,hard_synthetic_v2
T82451: invioce #7363 created by Solomon A. | urgent,FINANCIAL,hard_synthetic_v2
as discussed - progress report generated for Bole Tower (Lidya W.),REPORT_DOCUMENT,hard_synthetic_v2
T54800: noted on site - delivery note DN-782 edited after lock by Mesfin,DATA_INTEGRITY,hard_synthetic_v2
"T69418: as discussed - cash advance ETB 861,000 logged by Kidus A.",FINANCIAL,hard_synthetic_v2
milestone 'topped out' delayed (abebe k.),PROJECT_RESOURCE,hard_synthetic_v2
Kidus A. modified contingency on DD Warehouse,FINANCIAL,hard_synthetic_v2
file shared to sub@con.et by Hanna A. - please confirm,REPORT_DOCUMENT,hard_synthetic_v2
mass status edit (143 tasks) by Samuel,USER_ACTIVITY,hard_synthetic_v2
T85691: approval bypassed on wo-410 by helen,COMPLIANCE,hard_synthetic_v2
equipment checkout overdue (Bereket D.),PROJECT_RESOURCE,hard_synthetic_v2
T20275: approved MS edited after acceptance (Getachew),REPORT_DOCUMENT,hard_synthetic_v2
cement overuse 40% on alr ext (henok t.) | urgent,PROJECT_RESOURCE,hard_synthetic_v2
toolbox talk sheet missing (Tigist),COMPLIANCE,hard_synthetic_v2
permission raised for Henok T. without approval,SECURITY,hard_synthetic_v2
hold point skipped on foundation (Lidya W.),COMPLIANCE,hard_synthetic_v2
external share of project file (henok t.) | need follow up,REPORT_DOCUMENT,hard_synthetic_v2
Tigist modified contingency on Site 3,FINANCIAL,hard_synthetic_v2
duplicate invoice #9973 entered,FINANCIAL,hard_synthetic_v2
QA plan changed post-approval (Hanna A.),REPORT_DOCUMENT,hard_synthetic_v2
T20371: need follow up - CSV import overwrote approved qty (Dawit H.),DATA_INTEGRITY,hard_synthetic_v2
file shared to sub@con.et by Marta T.,REPORT_DOCUMENT,hard_synthetic_v2
rebar over-ordered 12% block b,PROJECT_RESOURCE,hard_synthetic_v2
cost code changed on po by rahel g.,FINANCIAL,hard_synthetic_v2
T25609: password reset requested then cancelled (Bereket D.) | need follow up,SECURITY,hard_synthetic_v2
session from unknown device (yonas g.),SECURITY,hard_synthetic_v2
approval bypassed on wo-224 by sara b.,COMPLIANCE,hard_synthetic_v2
"cash advance ETB 620,000 logged by Marta T.",FINANCIAL,hard_synthetic_v2
unusual activity volume by Bereket D. - ezih,USER_ACTIVITY,hard_synthetic_v2
T10875: bulk delete of 220 rows by dawit h.,USER_ACTIVITY,hard_synthetic_v2
T40326: policy breach recorded for Getachew,COMPLIANCE,hard_synthetic_v2
material overuse logged on Hawassa P2 | urgent,PROJECT_RESOURCE,hard_synthetic_v2
unapproved edit to record by rahel g. - site lay,DATA_INTEGRITY,hard_synthetic_v2
2026-03-08 Mesfin changed IP during session,SECURITY,hard_synthetic_v2
old spec rev deleted (hanna a.),REPORT_DOCUMENT,hard_synthetic_v2
T82335: test results changed without approval (henok t.),DATA_INTEGRITY,hard_synthetic_v2
material overuse logged on Adama IP,PROJECT_RESOURCE,hard_synthetic_v2
failed authentication for Yonas G.,SECURITY,hard_synthetic_v2
large paymant released without second sign-off (Samuel) - please confirm,FINANCIAL,hard_synthetic_v2
2025-01-25 scaffold parts missing after demob (Abebe K.),PROJECT_RESOURCE,hard_synthetic_v2
T11151: excavator out 9 days - not returned (Marta T.),PROJECT_RESOURCE,hard_synthetic_v2
2025-10-20 file shared to partner@ext.com by henok t.,PROJECT_RESOURCE,hard_synthetic_v2
2025-07-05 engineer biruk m. tried to approve payment,USER_ACTIVITY,hard_synthetic_v2
contractor import replaced values (Selam F.) | see attachment,DATA_INTEGRITY,hard_synthetic_v2
2026-06-20 dormant account dawit h. active after 9 months,USER_ACTIVITY,hard_synthetic_v2
T15827: rebar over-ordered 21% block C - ezih,PROJECT_RESOURCE,hard_synthetic_v2
2025-03-01 T54554: drawing pack uploaded by Abebe K.,REPORT_DOCUMENT,hard_synthetic_v2
password reset requested then cancelled (Helen),SECURITY,hard_synthetic_v2
2026-06-28 cement overuse 22% on Adama IP (Samuel),PROJECT_RESOURCE,hard_synthetic_v2
"expense claim ETB 455,000 from Meron T. | urgent",FINANCIAL,hard_synthetic_v2
multiple faild logins on Yonas G. account,SECURITY,hard_synthetic_v2
T45206: excavator out 4 days - not returned (Henok T.),PROJECT_RESOURCE,hard_synthetic_v2
odd hour login by Marta T. at 23:00,SECURITY,hard_synthetic_v2
per site instruction - as-built rev changed after client sign-off (mesfin),DATA_INTEGRITY,hard_synthetic_v2
T40445: contract PDF mailed externally (Meron T.),REPORT_DOCUMENT,hard_synthetic_v2
CSV import overwrote approved qty (Helen),DATA_INTEGRITY,hard_synthetic_v2
csv import overwrote approved qty (dawit h.),DATA_INTEGRITY,hard_synthetic_v2
QA plan changed post-approval (Solomon A.) - ezih,REPORT_DOCUMENT,hard_synthetic_v2
cost code changed on PO by Sara B.,FINANCIAL,hard_synthetic_v2
access concern site report late by,COMPLIANCE,hard_synthetic_v2
2025-01-04 PPE violation noted for crew of Mesfin,COMPLIANCE,hard_synthetic_v2
2026-11-22 CSV import overwrote approved qty (Selam F.),DATA_INTEGRITY,hard_synthetic_v2
suspicious login pattern detected (Getachew) - please confirm,SECURITY,hard_synthetic_v2
"T63715: expense claim ETB 312,000 from Getachew",COMPLIANCE,hard_synthetic_v2
invoice #4762 created by Lidya W.,FINANCIAL,hard_synthetic_v2
payment run for Ethio Steel by Henok T.,FINANCIAL,hard_synthetic_v2
T85168: scaffold parts missing after demob (Marta T.),PROJECT_RESOURCE,hard_synthetic_v2
old spec rev deleted (Dawit H.),REPORT_DOCUMENT,hard_synthetic_v2
role misuse flagged for yonas g. - ezih,USER_ACTIVITY,hard_synthetic_v2
data issue rebar over-ordered 41% block,PROJECT_RESOURCE,hard_synthetic_v2
commercial rates shared outside (Bereket D.),REPORT_DOCUMENT,hard_synthetic_v2
"odd behaviour cash advance etb 269,000",FINANCIAL,hard_synthetic_v2
per site instruction - equipment checkout overdue (tigist),PROJECT_RESOURCE,hard_synthetic_v2
solomon a. modified contingency on adama ip,FINANCIAL,hard_synthetic_v2
progress report generated for Hawassa P2 (Helen),REPORT_DOCUMENT,hard_synthetic_v2
odd behaviour,DATA_INTEGRITY,hard_synthetic_v2
T26950: user list exported by dawit h. after hours,USER_ACTIVITY,hard_synthetic_v2
check Marta T. activity commercial rates shared outside,REPORT_DOCUMENT,hard_synthetic_v2
T98889: urgent - as-built rev changed after client sign-off (Mesfin),DATA_INTEGRITY,hard_synthetic_v2
permision raised for Helen without approval,SECURITY,hard_synthetic_v2
user list exported by Kidus A. after hours,USER_ACTIVITY,hard_synthetic_v2
measurement sheet deleted (sara b.),DATA_INTEGRITY,hard_synthetic_v2
"cash advance ETB 341,000 logged by Meron T.",FINANCIAL,hard_synthetic_v2
certificate PDF swapped by Solomon A. | see attachment,DATA_INTEGRITY,hard_synthetic_v2
old spec rev deleted (bereket d.) | for your action,REPORT_DOCUMENT,hard_synthetic_v2
T44358: odd hour login by Kidus A. at 0:00,SECURITY,hard_synthetic_v2
engineer Yonas G. tried to approve payment,PROJECT_RESOURCE,hard_synthetic_v2
"2026-01-27 T10751: expense claim etb 71,000 from selam f.",FINANCIAL,hard_synthetic_v2
T96611: bulk delete of 138 rows by Sara B. | for your action,USER_ACTIVITY,hard_synthetic_v2
commercial rates shared outside (Biruk M.),REPORT_DOCUMENT,hard_synthetic_v2
T31342: subcon Horizon Mat NCR list updated by Selam F. | noted on site,PROJECT_RESOURCE,hard_synthetic_v2
2026-04-09 please check - role misuse flagged for Kidus A.,USER_ACTIVITY,hard_synthetic_v2
check henok t. activity,USER_ACTIVITY,hard_synthetic_v2
issue with Yonas G. geo anomaly: Selam F.,SECURITY,hard_synthetic_v2
T92117: Solomon A. tried admin console - denied,REPORT_DOCUMENT,hard_synthetic_v2
fuel burn above baseline (getachew),PROJECT_RESOURCE,hard_synthetic_v2
contractor review score 64/100 by mesfin,PROJECT_RESOURCE,hard_synthetic_v2
as-built rev changed after client sign-off (Sara B.),DATA_INTEGRITY,hard_synthetic_v2
128 edits in under 5 min by kidus a.,USER_ACTIVITY,hard_synthetic_v2
mass status edit (179 tasks) by Mesfin,USER_ACTIVITY,hard_synthetic_v2
2026-03-11 method statement still draft but signed (Getachew),COMPLIANCE,hard_synthetic_v2
unapproved edit to record by Getachew,DATA_INTEGRITY,hard_synthetic_v2
invoice #7410 deleted after payment (Hanna A.),FINANCIAL,hard_synthetic_v2
odd behaviour 189 edits in under,USER_ACTIVITY,hard_synthetic_v2
external data import by Marta T.,COMPLIANCE,hard_synthetic_v2
"cash advance etb 105,000 logged by tigist | see attachment",FINANCIAL,hard_synthetic_v2
policy breach recorded for Tigist,COMPLIANCE,hard_synthetic_v2
Getachew tried admin console - denied,SECURITY,hard_synthetic_v2
subcon Ethio Steel NCR list updated by Abebe K.,PROJECT_RESOURCE,hard_synthetic_v2
role misuse flagged for Yonas G.,USER_ACTIVITY,hard_synthetic_v2
T62778: external data import by Getachew,DATA_INTEGRITY,hard_synthetic_v2
QA plan changed post-approval (Henok T.),REPORT_DOCUMENT,hard_synthetic_v2
doc exprot by marta t. - please confirm,REPORT_DOCUMENT,hard_synthetic_v2
full cost DB exported by Abebe K.,REPORT_DOCUMENT,hard_synthetic_v2
excavator out 11 days - not returned (Getachew),PROJECT_RESOURCE,hard_synthetic_v2
bulk delete of 73 rows by kidus a.,USER_ACTIVITY,hard_synthetic_v2
approved MS edited after acceptance (Mesfin),REPORT_DOCUMENT,hard_synthetic_v2
urgent - hold point skipped on foundation (Meron T.),COMPLIANCE,hard_synthetic_v2
subcon abyssinia hire ncr list updated by dawit h.,PROJECT_RESOURCE,hard_synthetic_v2
Tigist login failed from 197.97.58.99,SECURITY,hard_synthetic_v2
Hanna A. changed IP during session,SECURITY,hard_synthetic_v2
role misuse flagged for solomon a.,USER_ACTIVITY,hard_synthetic_v2
T11829: document export by Samuel,REPORT_DOCUMENT,hard_synthetic_v2
suspicious login pattern detected (Hanna A.),SECURITY,hard_synthetic_v2
rebar over-ordered 31% block B (check),PROJECT_RESOURCE,hard_synthetic_v2
external data import by solomon a. - please confirm,DATA_INTEGRITY,hard_synthetic_v2
odd behaviour,DATA_INTEGRITY,hard_synthetic_v2
reprot problem,PROJECT_RESOURCE,hard_synthetic_v2
T70387: checklist incomplete for pour #33 | awaiting confirmation,COMPLIANCE,hard_synthetic_v2
odd behaviour,DATA_INTEGRITY,hard_synthetic_v2
T61974: cost code changed on po by solomon a.,COMPLIANCE,hard_synthetic_v2
2025-06-03 rahel g. modified contingency on alr ext,FINANCIAL,hard_synthetic_v2
mass status edit (201 tasks) by hanna a.,USER_ACTIVITY,hard_synthetic_v2
please check - dormant account Henok T. active after 9 months,USER_ACTIVITY,hard_synthetic_v2
T82640: payment run for Ethio Steel by Samuel,USER_ACTIVITY,hard_synthetic_v2
late submission of daily report (Kidus A.) - site lay,COMPLIANCE,hard_synthetic_v2
T79841: data issue test results changed without,DATA_INTEGRITY,hard_synthetic_v2
as-built ZIP downloaded by Meron T.,REPORT_DOCUMENT,hard_synthetic_v2
invoice #9348 deleted after payment (Yonas G.),PROJECT_RESOURCE,hard_synthetic_v2
awaiting confirmation - milestone 'finishes' delayed (mesfin),PROJECT_RESOURCE,hard_synthetic_v2
unusual activity volume by Samuel,USER_ACTIVITY,hard_synthetic_v2
qty take-off altered - no CO (Getachew),DATA_INTEGRITY,hard_synthetic_v2
T35350: checklist incomplete for pour #42,COMPLIANCE,hard_synthetic_v2
as-built rev changed after client sign-off (Meron T.),DATA_INTEGRITY,hard_synthetic_v2
paymant run for ethio steel by solomon a. | need follow up,FINANCIAL,hard_synthetic_v2
commercial rates shared outside (Selam F.),REPORT_DOCUMENT,hard_synthetic_v2
please check - payment run for abyssinia hire by hanna a.,FINANCIAL,hard_synthetic_v2
hold point skipped on foundation (solomon .),COMPLIANCE,hard_synthetic_v2
scaffold parts missing after demob (Abebe K.) | as discussed,PROJECT_RESOURCE,hard_synthetic_v2
problem on DD Warehouse structure slipped 11 days,PROJECT_RESOURCE,hard_synthetic_v2
2026-10-18 meron t. changed ip during session,SECURITY,hard_synthetic_v2
2025-03-12 as-built rev changed after client sign-off (Mesfin),DATA_INTEGRITY,hard_synthetic_v2
T77124: flagged item equipment checkout overdue (Yonas (check),PROJECT_RESOURCE,hard_synthetic_v2
role misuse flagged for Tigist,PROJECT_RESOURCE,hard_synthetic_v2
structure slipped 7 days (Sara B.) - please confirm,PROJECT_RESOURCE,hard_synthetic_v2
unauth access attempt by biruk m. - please confirm,SECURITY,hard_synthetic_v2
rebar over-ordered 33% block D,PROJECT_RESOURCE,hard_synthetic_v2
cement overuse 38% on DD Warehouse (Henok T.),PROJECT_RESOURCE,hard_synthetic_v2
odd hour login by Yonas G. at 10:00 (check),SECURITY,hard_synthetic_v2
large payment released without second sign-off (Marta T.),FINANCIAL,hard_synthetic_v2
flagged item,DATA_INTEGRITY,hard_synthetic_v2
structure slipped 2 days (Biruk M.),PROJECT_RESOURCE,hard_synthetic_v2
2025-05-16 equipment checkout overdue (Samuel),PROJECT_RESOURCE,hard_synthetic_v2
noted on site - external share of project file (solomon a.),REPORT_DOCUMENT,hard_synthetic_v2
cost code changed on po by solomon a.,USER_ACTIVITY,hard_synthetic_v2
T28044: permission raised for Solomon A. without aproval,SECURITY,hard_synthetic_v2
equipment checkout overdue (rahel g.),PROJECT_RESOURCE,hard_synthetic_v2
2026-06-14 suspicious login pattern detected (Samuel),SECURITY,hard_synthetic_v2
duplicate supplier invoice #3944 | for your action,DATA_INTEGRITY,hard_synthetic_v2
T90009: odd hour log-in by Sara B. at 4:00,COMPLIANCE,hard_synthetic_v2
Meron T. changed IP during session | for your action,SECURITY,hard_synthetic_v2
duplicate invoice #7724 entered,FINANCIAL,hard_synthetic_v2
T20470: budget increased 40% on Hawassa P2 by Bereket D.,FINANCIAL,hard_synthetic_v2
hold point skipped on foundation (Henok T.),COMPLIANCE,hard_synthetic_v2
T34614: material overuse logged on Adama IP,REPORT_DOCUMENT,hard_synthetic_v2
anomaly noted - site lay,DATA_INTEGRITY,hard_synthetic_v2
attendance history row removed by mesfin,DATA_INTEGRITY,hard_synthetic_v2
dormant account Helen active after 15 months,USER_ACTIVITY,hard_synthetic_v2
dormant account Solomon A. active after 4 months,USER_ACTIVITY,hard_synthetic_v2
access concern,USER_ACTIVITY,hard_synthetic_v2
2026-06-07 T21767: attendance history row removed by henok t.,DATA_INTEGRITY,hard_synthetic_v2
odd behaviour hold point skipped on,COMPLIANCE,hard_synthetic_v2
2026-09-04 checklist incomplete for pour #33,COMPLIANCE,hard_synthetic_v2
structure slipped 4 days (Getachew),PROJECT_RESOURCE,hard_synthetic_v2
2026-06-07 contractor review score 42/100 by kidus a.,PROJECT_RESOURCE,hard_synthetic_v2
as-built ZIP downloaded by Kidus A.,REPORT_DOCUMENT,hard_synthetic_v2
certificate PDF swapped by Sara B. | please check,DATA_INTEGRITY,hard_synthetic_v2
per site instruction - repeated open of restricted folder by dawit h. - site lay,USER_ACTIVITY,hard_synthetic_v2
late submission of daily report (Henok T.),COMPLIANCE,hard_synthetic_v2
env spill report delayed (Meron T.) | temporary entry,COMPLIANCE,hard_synthetic_v2
2026-08-15 from the meeting - document exprot by Meron T.,REPORT_DOCUMENT,hard_synthetic_v2
2025-08-06 attendance history row removed by Meron T.,DATA_INTEGRITY,hard_synthetic_v2
old spec rev deleeted (biruk m.),REPORT_DOCUMENT,hard_synthetic_v2
2025-04-11 generator hours high vs plan (Getachew),PROJECT_RESOURCE,hard_synthetic_v2
material overuse logged on Adama IP,PROJECT_RESOURCE,hard_synthetic_v2
Samuel opened finance module (not their role) (check),USER_ACTIVITY,hard_synthetic_v2
"urgent - paymant of ETB 449,000 approved by Sara B.",FINANCIAL,hard_synthetic_v2
fuel burn above baseline (Bereket D.),PROJECT_RESOURCE,hard_synthetic_v2
T44730: cement overuse 31% on Bole Tower (Biruk M.) | from the meeting,PROJECT_RESOURCE,hard_synthetic_v2
late submission of daily report (Meron T.),COMPLIANCE,hard_synthetic_v2
odd behaviour bulk delete of 124,USER_ACTIVITY,hard_synthetic_v2
T88612: unapproved edit to record by bereket d.,DATA_INTEGRITY,hard_synthetic_v2
document exprot by Meron T.,REPORT_DOCUMENT,hard_synthetic_v2
need follow up - progress report generated for Adama IP (Lidya W.),REPORT_DOCUMENT,hard_synthetic_v2
measurement sheet deleted (abebe k.),DATA_INTEGRITY,hard_synthetic_v2
password reset requested then cancelled (meron t.) (check),SECURITY,hard_synthetic_v2
unapproved edit to record by Abebe K. | awaiting confirmation,DATA_INTEGRITY,hard_synthetic_v2
"2026-05-08 T14098: cash advance etb 281,000 logged by henok t.",FINANCIAL,hard_synthetic_v2
T71072: duplicate invoice #8305 entered,FINANCIAL,hard_synthetic_v2
faild authentication for Lidya W.,SECURITY,hard_synthetic_v2
password reset requested then cancelled (kidus a.),SECURITY,hard_synthetic_v2
delivery note dn-873 edited after lock by biruk m.,DATA_INTEGRITY,hard_synthetic_v2
doc export by Meron T.,REPORT_DOCUMENT,hard_synthetic_v2
external data import by Dawit H.,DATA_INTEGRITY,hard_synthetic_v2
bugdet increased 44% on Hawassa P2 by Biruk M.,FINANCIAL,hard_synthetic_v2
CSV import overwrote approved qty (Dawit H.),DATA_INTEGRITY,hard_synthetic_v2
drawing pack uploaded by kidus a.,REPORT_DOCUMENT,hard_synthetic_v2
toolbox talk sheet missing (Yonas G.),COMPLIANCE,hard_synthetic_v2
unusual activity volume by Bereket D.,USER_ACTIVITY,hard_synthetic_v2
sensitive salary data viewed by Rahel G. | for your action,USER_ACTIVITY,hard_synthetic_v2
"noted on site - expense claim ETB 330,000 from Tigist",FINANCIAL,hard_synthetic_v2
large payment released without second sign-off (Getachew),FINANCIAL,hard_synthetic_v2
generator hours high vs plan (Hanna A.),PROJECT_RESOURCE,hard_synthetic_v2
need follow up - as-built ZIP downloaded by Rahel G.,REPORT_DOCUMENT,hard_synthetic_v2
"2026-03-01 payment of etb 868,000 approved by sara b.",FINANCIAL,hard_synthetic_v2
CSV import overwrote approved qty (Yonas G.) | per site instruction,DATA_INTEGRITY,hard_synthetic_v2
external share of project file (rahel g.),REPORT_DOCUMENT,hard_synthetic_v2
per site instruction - hanna a. tried admin console - denied,SECURITY,hard_synthetic_v2
2026-03-26 scaffold parts missing after demob (Selam F.),PROJECT_RESOURCE,hard_synthetic_v2
multiple failed logins on Yonas G. account,DATA_INTEGRITY,hard_synthetic_v2
file shared to sub@con.et by getachew,REPORT_DOCUMENT,hard_synthetic_v2
env spill report delayed (Helen),COMPLIANCE,hard_synthetic_v2
T85553: qa plan changed post-approval (abebe k.) - ezih,REPORT_DOCUMENT,hard_synthetic_v2
commercial rates shared outside (Tigist),REPORT_DOCUMENT,hard_synthetic_v2
budget increased 7% on Adama IP by Henok T. - site lay,FINANCIAL,hard_synthetic_v2
"cash advance etb 492,000 logged by bereket d.",FINANCIAL,hard_synthetic_v2
flagged item,SECURITY,hard_synthetic_v2
T70893: permission raised for Mesfin without approval,SECURITY,hard_synthetic_v2
unapproved edit to record by Helen,DATA_INTEGRITY,hard_synthetic_v2
issue with Henok T.,REPORT_DOCUMENT,hard_synthetic_v2
T10049: invoice #6069 deleted after payment (Selam F.) | need follow up,FINANCIAL,hard_synthetic_v2
"expense claim etb 395,000 from biruk m.",FINANCIAL,hard_synthetic_v2
ppe violation noted for crew of selam f.,COMPLIANCE,hard_synthetic_v2
2025-06-16 ncr closed without qm signature (hanna .),COMPLIANCE,hard_synthetic_v2
doc exprot by rahel g.,REPORT_DOCUMENT,hard_synthetic_v2
payment run for Abyssinia Hire by Meron T.,FINANCIAL,hard_synthetic_v2
contractor import replaced values (Samuel),DATA_INTEGRITY,hard_synthetic_v2
multiple failed logins on getachew account,SECURITY,hard_synthetic_v2
progress reprot generated for Adama IP (Tigist),REPORT_DOCUMENT,hard_synthetic_v2
approved ms edited after acceptance (rahel g.),REPORT_DOCUMENT,hard_synthetic_v2
2026-04-25 T40860: cost code changed on PO by Sara B.,FINANCIAL,hard_synthetic_v2
test results changed without approval (Bereket D.),DATA_INTEGRITY,hard_synthetic_v2
T99425: user list exported by Mesfin after hours,USER_ACTIVITY,hard_synthetic_v2
engineer Yonas G. tried to approve payment,USER_ACTIVITY,hard_synthetic_v2
rebar over-ordered 5% block D - ezih,PROJECT_RESOURCE,hard_synthetic_v2
engineer Abebe K. tried to approve payment,USER_ACTIVITY,hard_synthetic_v2
access concern mass status edit (132,USER_ACTIVITY,hard_synthetic_v2
duplicate supplier invoice #7835,DATA_INTEGRITY,hard_synthetic_v2
mass status edit (59 tasks) by Selam F.,USER_ACTIVITY,hard_synthetic_v2
test results changed without approval (Yonas G.),DATA_INTEGRITY,hard_synthetic_v2
T25521: full cost DB exproted by Mesfin | need follow up,REPORT_DOCUMENT,hard_synthetic_v2
2025-01-18 late submission of daily report (Marta T.),FINANCIAL,hard_synthetic_v2
2026-06-25 user list exported by Rahel G. after hours,USER_ACTIVITY,hard_synthetic_v2
2026-03-27 sensitive salary data viewed by Hanna A.,USER_ACTIVITY,hard_synthetic_v2
temporary entry - unauthorized access attempt by Yonas G.,SECURITY,hard_synthetic_v2
generator hours high vs plan (Meron T.) | from the meeting,PROJECT_RESOURCE,hard_synthetic_v2
session from unknown device (Rahel G.) - please confirm,SECURITY,hard_synthetic_v2
T54108: attendance history row removed by helen,DATA_INTEGRITY,hard_synthetic_v2
drawing pack uploaded by Biruk M.,REPORT_DOCUMENT,hard_synthetic_v2
T17203: qty take-off altered - no CO (Kidus A.) | per site instruction,DATA_INTEGRITY,hard_synthetic_v2
"T87756: expense claim ETB 904,000 from Meron T.",FINANCIAL,hard_synthetic_v2
suspicious login pattern detected (Selam F.) - please confirm,SECURITY,hard_synthetic_v2
payment run for abyssinia hire by kidus a.,FINANCIAL,hard_synthetic_v2
user list exported by dawit h. after hours,USER_ACTIVITY,hard_synthetic_v2
measurement sheet deleted (Mesfin),DATA_INTEGRITY,hard_synthetic_v2
T51119: unauthorized access attempt by Biruk M. | awaiting confirmation,SECURITY,hard_synthetic_v2
structure slipped 6 days (Solomon A.),PROJECT_RESOURCE,hard_synthetic_v2
2026-03-08 drawing pack uploaded by Mesfin,REPORT_DOCUMENT,hard_synthetic_v2
see attachment - permit submitted after work started (sara b.),COMPLIANCE,hard_synthetic_v2
T97045: env spill report delayed (Yonas G.),COMPLIANCE,hard_synthetic_v2
T14536: milestone 'finishes' delayed (Tigist) (check),PROJECT_RESOURCE,hard_synthetic_v2
hold point skipped on foundation (Hanna A.),COMPLIANCE,hard_synthetic_v2
invoice #3065 created by Lidya W.,FINANCIAL,hard_synthetic_v2
T31400: late submission of daily report (getachew),COMPLIANCE,hard_synthetic_v2
2026-07-27 T99669: unauthorized access attempt by Hanna A.,SECURITY,hard_synthetic_v2
2026-09-19 unapproved edit to record by Tigist,DATA_INTEGRITY,hard_synthetic_v2
contractor review score 42/100 by Dawit H.,PROJECT_RESOURCE,hard_synthetic_v2
suspicious login pattern detected (Abebe K.),SECURITY,hard_synthetic_v2
user list exproted by Selam F. after hours,USER_ACTIVITY,hard_synthetic_v2
2026-02-22 cement overuse 10% on DD Warehouse (Selam F.) - ezih,PROJECT_RESOURCE,hard_synthetic_v2
policy breach recorded for Kidus .,COMPLIANCE,hard_synthetic_v2
T63061: suspicious login pattern detected (Abebe K.),SECURITY,hard_synthetic_v2
excavator out 4 days - not returned (hanna a.),PROJECT_RESOURCE,hard_synthetic_v2
2026-10-23 issue with Tigist full cost DB exported,REPORT_DOCUMENT,hard_synthetic_v2
large payment released without second sign-off (Dawit H.) | temporary entry,FINANCIAL,hard_synthetic_v2
T92795: bulk reassign 29 tasks - no comment (Dawit H.),USER_ACTIVITY,hard_synthetic_v2
problem on ALR Ext,REPORT_DOCUMENT,hard_synthetic_v2
T16180: please check - cement overuse 33% on DD Warehouse (Samuel),PROJECT_RESOURCE,hard_synthetic_v2
please check - late submission of daily reprot (Marta T.) - site lay,COMPLIANCE,hard_synthetic_v2
2025-05-23 generator hours high vs plan (Marta T.) | for your action,PROJECT_RESOURCE,hard_synthetic_v2
problem on alr ext method statement still draft,COMPLIANCE,hard_synthetic_v2
material overuse logged on DD Warehouse,PROJECT_RESOURCE,hard_synthetic_v2
Yonas G. login faild from 197.242.137.81,SECURITY,hard_synthetic_v2
large payment released without second sign-off (Selam F.),FINANCIAL,hard_synthetic_v2
progress report generated for BD Hospital (Getachew),REPORT_DOCUMENT,hard_synthetic_v2
permit submitted after work started (samuel),COMPLIANCE,hard_synthetic_v2
T92373: fuel burn above baseline (Samuel) | for your action,PROJECT_RESOURCE,hard_synthetic_v2
need follow up - progress report generated for Bole Tower (Lidya W.),REPORT_DOCUMENT,hard_synthetic_v2
large payment released without second sign-off (Solomon A.),FINANCIAL,hard_synthetic_v2
2026-07-05 duplicate invoice #7988 entered,FINANCIAL,hard_synthetic_v2
checklist incomplete for pour #15,USER_ACTIVITY,hard_synthetic_v2
T97505: structure slipped 16 days (bereket d.),PROJECT_RESOURCE,hard_synthetic_v2
T22778: method statement still draft but signed (Biruk M.),COMPLIANCE,hard_synthetic_v2
2026-11-18 as-built ZIP downloaded by Marta T.,REPORT_DOCUMENT,hard_synthetic_v2
for your action - as-built zip downloaded by biruk m.,REPORT_DOCUMENT,hard_synthetic_v2
generator hours high vs plan (Lidya W.),PROJECT_RESOURCE,hard_synthetic_v2
approved MS edited after acceptance (Selam F.) | noted on site,REPORT_DOCUMENT,hard_synthetic_v2
duplicate invoice #1639 entered,FINANCIAL,hard_synthetic_v2
2026-11-12 please check - engineer Sara B. tried to approve payment,USER_ACTIVITY,hard_synthetic_v2
subcon Ethio Steel NCR list updated by Kidus A.,PROJECT_RESOURCE,hard_synthetic_v2
cost code changed on PO by Tigist,FINANCIAL,hard_synthetic_v2
issue with Lidya W.,USER_ACTIVITY,hard_synthetic_v2
2025-10-09 subcon Ethio Steel NCR list updated by Marta T.,PROJECT_RESOURCE,hard_synthetic_v2
T99365: please investigate,SECURITY,hard_synthetic_v2
please investigate subcon nile const ncr,PROJECT_RESOURCE,hard_synthetic_v2
Sara B. changed IP during session,COMPLIANCE,hard_synthetic_v2
unusual activity volume by rahel g.,USER_ACTIVITY,hard_synthetic_v2
T92225: geo anomaly: Samuel appeared in two cities same day,SECURITY,hard_synthetic_v2
duplicate supplier invoice #3104,USER_ACTIVITY,hard_synthetic_v2
unapproved edit to record by henok t.,DATA_INTEGRITY,hard_synthetic_v2
issue with Abebe K. CSV import overwrote approved,DATA_INTEGRITY,hard_synthetic_v2
large payment released without second sign-off (Sara B.),USER_ACTIVITY,hard_synthetic_v2
drawing pack uploaded by Marta T.,REPORT_DOCUMENT,hard_synthetic_v2
"T45170: expense claim etb 663,000 from dawit h.",FINANCIAL,hard_synthetic_v2
2026-09-04 bulk delete of 209 rows by Bereket D.,USER_ACTIVITY,hard_synthetic_v2
2026-10-12 T91623: equipment checkout overdue (Henok T.) | need follow up,PROJECT_RESOURCE,hard_synthetic_v2
urgent - password reset requested then cancelled (getachew),SECURITY,hard_synthetic_v2
scaffold parts missing after demob (samuel),PROJECT_RESOURCE,hard_synthetic_v2
yonas g. login failed from 197.80.126.125,SECURITY,hard_synthetic_v2
T53392: late submission of daily report (Meron T.),COMPLIANCE,hard_synthetic_v2
T91790: toolbox talk sheet missing (kidus a.),COMPLIANCE,hard_synthetic_v2
unusual activity volume by abebe k.,DATA_INTEGRITY,hard_synthetic_v2
report problem - site lay,COMPLIANCE,hard_synthetic_v2
sensitive salary data viewed by Bereket D. - site lay,USER_ACTIVITY,hard_synthetic_v2
equipment checkout overdue (hanna a.),PROJECT_RESOURCE,hard_synthetic_v2
material overuse logged on Site 3 | please check,PROJECT_RESOURCE,hard_synthetic_v2
check dawit h. activity full cost db exported (check),REPORT_DOCUMENT,hard_synthetic_v2
need follow up - qty take-off altered - no co (rahel g.) (check),DATA_INTEGRITY,hard_synthetic_v2
milestone 'topped out' delayed (Rahel G.),PROJECT_RESOURCE,hard_synthetic_v2
approval bypassed on WO-924 by Biruk M.,COMPLIANCE,hard_synthetic_v2
"cash advance etb 619,000 logged by biruk m.",FINANCIAL,hard_synthetic_v2
test results changed without approval (dawit h.) (check),DATA_INTEGRITY,hard_synthetic_v2
doc export by Mesfin | see attachment,REPORT_DOCUMENT,hard_synthetic_v2
"expense claim ETB 748,000 from Marta T.",FINANCIAL,hard_synthetic_v2
multiple failed log-ins on Marta T. account,SECURITY,hard_synthetic_v2
multiple failed logins on Hanna A. account - please confirm,SECURITY,hard_synthetic_v2
failed authentication for getachew,SECURITY,hard_synthetic_v2
per site instruction - Hanna A. tried admin console - denied,SECURITY,hard_synthetic_v2
2025-06-13 cement overuse 24% on hawassa p2 (helen),PROJECT_RESOURCE,hard_synthetic_v2
engineer Samuel tried to approve paymant,USER_ACTIVITY,hard_synthetic_v2
env spill report delayed (Lidya W.) | urgent,COMPLIANCE,hard_synthetic_v2
policy breach recorded for lidya w. - site lay,COMPLIANCE,hard_synthetic_v2
T98512: unapproved edit to record by Henok T.,DATA_INTEGRITY,hard_synthetic_v2
2026-05-18 payment run for Abyssinia Hire by Kidus A.,FINANCIAL,hard_synthetic_v2
Bereket D. modified contingency on Hawassa P2 | urgent,FINANCIAL,hard_synthetic_v2
commercial rates shared outside (Selam F.) | temporary entry - site lay,REPORT_DOCUMENT,hard_synthetic_v2
T54354: test results changed without approval (helen),DATA_INTEGRITY,hard_synthetic_v2
method statement still draft but signed (Mesfin),REPORT_DOCUMENT,hard_synthetic_v2
as-built ZIP downloaded by Dawit H.,SECURITY,hard_synthetic_v2
data issue,DATA_INTEGRITY,hard_synthetic_v2
user list exproted by Kidus A. after hours,USER_ACTIVITY,hard_synthetic_v2
T77178: policy breach recorded for Getachew,COMPLIANCE,hard_synthetic_v2
urgent - odd hour log-in by Rahel G. at 6:00,SECURITY,hard_synthetic_v2
certificate PDF swapped by Meron T.,FINANCIAL,hard_synthetic_v2
needs review large payment released without,FINANCIAL,hard_synthetic_v2
attendance history row removed by Rahel G.,DATA_INTEGRITY,hard_synthetic_v2
reprot problem as-built rev changed after,DATA_INTEGRITY,hard_synthetic_v2
T57784: permit submitted after work started (Solomon .),COMPLIANCE,hard_synthetic_v2
password reset requested then cancelled (Kidus A.) - please confirm,SECURITY,hard_synthetic_v2
method statement still draft but signed (kidus a.),COMPLIANCE,hard_synthetic_v2
unapproved edit to record by Dawit H.,DATA_INTEGRITY,hard_synthetic_v2
T55487: bulk delete of 107 rows by Samuel | temporary entry - site lay,USER_ACTIVITY,hard_synthetic_v2
budget increased 14% on BD Hospital by Henok T.,FINANCIAL,hard_synthetic_v2
as-built rev changed after client sign-off (kidus a.),DATA_INTEGRITY,hard_synthetic_v2
toolbox talk sheet missing (rahel g.),COMPLIANCE,hard_synthetic_v2
drawing pack uploaded by Getachew,REPORT_DOCUMENT,hard_synthetic_v2
scaffold parts missing after demob (helen) - please confirm,PROJECT_RESOURCE,hard_synthetic_v2
T78168: suspicious login pattern detected (Helen),SECURITY,hard_synthetic_v2
odd hour login by mesfin at 21:00,SECURITY,hard_synthetic_v2
invoice #6541 deleeted after payment (tigist),FINANCIAL,hard_synthetic_v2
41 edits in under 5 min by Getachew,USER_ACTIVITY,hard_synthetic_v2
2026-06-15 full cost db exported by samuel,REPORT_DOCUMENT,hard_synthetic_v2
2026-11-26 as-built rev changed after client sign-off (Dawit H.) (check),DATA_INTEGRITY,hard_synthetic_v2
old spec rev deleted (Dawit H.),REPORT_DOCUMENT,hard_synthetic_v2
T87642: user list exported by Mesfin after hours,USER_ACTIVITY,hard_synthetic_v2
as-built zip downloaded by hanna a.,REPORT_DOCUMENT,hard_synthetic_v2
temporary entry - progress report generated for bd hospital (meron t.),REPORT_DOCUMENT,hard_synthetic_v2
marta t. tried admin console - denied,SECURITY,hard_synthetic_v2
milestone 'foundation' delayed (bereket d.),PROJECT_RESOURCE,hard_synthetic_v2
2026-11-03 role misuse flagged for marta t. - ezih,USER_ACTIVITY,hard_synthetic_v2
contractor import replaced values (selam f.) | awaiting confirmation,DATA_INTEGRITY,hard_synthetic_v2
unusual activity volume by tigist,USER_ACTIVITY,hard_synthetic_v2
T82705: material overuse logged on site 3,PROJECT_RESOURCE,hard_synthetic_v2
2025-04-15 cost code changed on po by samuel | awaiting confirmation,FINANCIAL,hard_synthetic_v2
kidus a. opened finance module (not their role) - site lay,USER_ACTIVITY,hard_synthetic_v2
T39912: Helen changed IP during session - please confirm,SECURITY,hard_synthetic_v2
file shared to client@own.org by Solomon A.,REPORT_DOCUMENT,hard_synthetic_v2
2026-10-22 Rahel G. opened finance module (not their role) | for your action,USER_ACTIVITY,hard_synthetic_v2
PPE violation noted for crew of Getachew,COMPLIANCE,hard_synthetic_v2
ncr closed without qm signature (kidus a.),REPORT_DOCUMENT,hard_synthetic_v2
contractor review score 74/100 by Yonas G.,SECURITY,hard_synthetic_v2
cost code changed on PO by Solomon A.,REPORT_DOCUMENT,hard_synthetic_v2
permission raised for Mesfin without approval,SECURITY,hard_synthetic_v2
2025-04-17 permission raised for Hanna A. without approval,SECURITY,hard_synthetic_v2
2026-04-13 test results changed without approval (Marta T.),DATA_INTEGRITY,hard_synthetic_v2
2026-11-12 external data import by biruk m.,DATA_INTEGRITY,hard_synthetic_v2
ncr closed without qm signature (yonas g.),COMPLIANCE,hard_synthetic_v2
env spill report delayed (Helen),FINANCIAL,hard_synthetic_v2
progress report generated for Bole Tower (Selam F.),REPORT_DOCUMENT,hard_synthetic_v2
multiple failed logins on yonas g. account,SECURITY,hard_synthetic_v2
NCR closed without QM signature (Solomon A.) | please check,COMPLIANCE,hard_synthetic_v2
need follow up - CSV import overwrote approved qty (Abebe K.),DATA_INTEGRITY,hard_synthetic_v2
fuel burn above baseline (kidus .) | as discussed,PROJECT_RESOURCE,hard_synthetic_v2
contractor import replaced values (Selam F.),DATA_INTEGRITY,hard_synthetic_v2
milestone 'MEP 1st fix' delayed (Dawit H.),PROJECT_RESOURCE,hard_synthetic_v2
Dawit H. modified contingency on Bole Tower,FINANCIAL,hard_synthetic_v2
approved MS edited after acceptance (Solomon .),REPORT_DOCUMENT,hard_synthetic_v2
equipment checkout overdue (Samuel),PROJECT_RESOURCE,hard_synthetic_v2
attendance history row removed by Biruk M.,DATA_INTEGRITY,hard_synthetic_v2
invoice #7774 deleted after payment (Meron T.),FINANCIAL,hard_synthetic_v2
T36874: password reset requested then cancelled (Marta T.),SECURITY,hard_synthetic_v2
role misuse flagged for yonas g.,USER_ACTIVITY,hard_synthetic_v2
2026-11-20 large paymant released without second sign-off (Henok T.),FINANCIAL,hard_synthetic_v2
structure slipped 13 days (Hanna A.),PROJECT_RESOURCE,hard_synthetic_v2
2025-12-08 sensitive salary data viewed by Marta T.,USER_ACTIVITY,hard_synthetic_v2
full cost DB exported by Henok T.,REPORT_DOCUMENT,hard_synthetic_v2
file shared to partner@ext.com by bereket d.,REPORT_DOCUMENT,hard_synthetic_v2
2026-05-15 suspicious login pattern detected (Kidus A.),SECURITY,hard_synthetic_v2
fuel burn above baseline (Tigist),PROJECT_RESOURCE,hard_synthetic_v2
env spill report delayed (kidus a.),COMPLIANCE,hard_synthetic_v2
T73725: access concern document export by Henok,REPORT_DOCUMENT,hard_synthetic_v2
T40242: invoice #4402 deleted after payment (Sara B.),FINANCIAL,hard_synthetic_v2
T88705: file shared to partner@ext.com by Sara B.,REPORT_DOCUMENT,hard_synthetic_v2
budget line edit on Bole Tower (Yonas G.),FINANCIAL,hard_synthetic_v2
bulk reassign 104 tasks - no comment (getachew),USER_ACTIVITY,hard_synthetic_v2
tigist tried admin console - denied,PROJECT_RESOURCE,hard_synthetic_v2
old spec rev deleted (lidya w.),DATA_INTEGRITY,hard_synthetic_v2
invoice #3094 deleted after payment (Bereket D.),FINANCIAL,hard_synthetic_v2
method statement still draft but signed (Samuel),COMPLIANCE,hard_synthetic_v2
Kidus A. modified contingency on Site 3,FINANCIAL,hard_synthetic_v2
site report late by 8 days (Bereket D.) (check),COMPLIANCE,hard_synthetic_v2
Kidus A. modified contingency on Hawassa P2,FINANCIAL,hard_synthetic_v2
2025-10-16 bulk reassign 217 tasks - no comment (yonas g.),USER_ACTIVITY,hard_synthetic_v2
approved MS edited after acceptance (Dawit H.),REPORT_DOCUMENT,hard_synthetic_v2
please investigate invioce #4891 created by,FINANCIAL,hard_synthetic_v2
material overuse logged on Bole Tower,PROJECT_RESOURCE,hard_synthetic_v2
external data import by Henok T.,DATA_INTEGRITY,hard_synthetic_v2
external data import by Sara B.,DATA_INTEGRITY,hard_synthetic_v2
2026-02-08 suspicious login pattern detected (Kidus A.),SECURITY,hard_synthetic_v2
T11721: sensitive salary data viewed by Biruk M.,USER_ACTIVITY,hard_synthetic_v2
please investigate meron t. modified contingency,FINANCIAL,hard_synthetic_v2
T96867: session from unknown device (mesfin),FINANCIAL,hard_synthetic_v2
2026-06-01 as-built rev changed after client sign-off (abebe k.),DATA_INTEGRITY,hard_synthetic_v2
2026-05-12 T20397: reprot problem,REPORT_DOCUMENT,hard_synthetic_v2
bulk reassign 205 tasks - no comment (Yonas G.),PROJECT_RESOURCE,hard_synthetic_v2
password reset requested then cancelled (Sara B.) - site lay,SECURITY,hard_synthetic_v2
large payment released without second sign-off (Biruk M.),FINANCIAL,hard_synthetic_v2
user list exproted by sara b. after hours,USER_ACTIVITY,hard_synthetic_v2
2025-10-01 dormant account Marta T. active after 10 months,USER_ACTIVITY,hard_synthetic_v2
user list exproted by mesfin after hours,USER_ACTIVITY,hard_synthetic_v2
mass status edit (34 tasks) by solomon a. - ezih,USER_ACTIVITY,hard_synthetic_v2
equipment checkout overdue (sara b.),PROJECT_RESOURCE,hard_synthetic_v2
T42447: doc exprot by Hanna A.,REPORT_DOCUMENT,hard_synthetic_v2
T49012: issue with Kidus A. approved MS edited after,REPORT_DOCUMENT,hard_synthetic_v2
T42384: cost code changed on PO by Meron T. - site lay,FINANCIAL,hard_synthetic_v2
CSV import overwrote approved qty (Sara B.),DATA_INTEGRITY,hard_synthetic_v2
failed authentication for henok t.,SECURITY,hard_synthetic_v2
budget increased 44% on Adama IP by Meron T.,FINANCIAL,hard_synthetic_v2
2025-04-07 drawing pack uploaded by Helen | per site instruction,REPORT_DOCUMENT,hard_synthetic_v2
bulk delete of 40 rows by Getachew,USER_ACTIVITY,hard_synthetic_v2
excavator out 5 days - not returned (Yonas G.) | please check,PROJECT_RESOURCE,hard_synthetic_v2
permision raised for hanna . without approval - site lay,SECURITY,hard_synthetic_v2
12 edits in under 5 min by Biruk M. - please confirm,USER_ACTIVITY,hard_synthetic_v2
approved ms edited after acceptance (bereket d.),DATA_INTEGRITY,hard_synthetic_v2
T79750: unusual activity volume by samuel,USER_ACTIVITY,hard_synthetic_v2
2026-12-12 T15329: bugdet line edit on Adama IP (Dawit H.) | from the meeting,FINANCIAL,hard_synthetic_v2
2025-01-23 payment run for Ethio Steel by Sara B. | urgent,FINANCIAL,hard_synthetic_v2
access concern fuel burn above baseline,PROJECT_RESOURCE,hard_synthetic_v2
rebar over-ordered 39% block A,PROJECT_RESOURCE,hard_synthetic_v2
T47755: multiple failed logins on Yonas G. account | from meeting,SECURITY,hard_synthetic_v2
T91120: data issue permission raised for biruk,SECURITY,hard_synthetic_v2
external data import by tigist,DATA_INTEGRITY,hard_synthetic_v2
material overuse logged on Site 3,REPORT_DOCUMENT,hard_synthetic_v2
as-built rev changed after client sign-off (Selam F.) - please confirm,DATA_INTEGRITY,hard_synthetic_v2
QA plan changed post-approval (Samuel),REPORT_DOCUMENT,hard_synthetic_v2
T59506: toolbox talk sheet missing (lidya w.),FINANCIAL,hard_synthetic_v2
2025-04-21 T70318: invoice #4011 deleted after payment (Dawit H.),FINANCIAL,hard_synthetic_v2
external share of project file (Biruk M.),REPORT_DOCUMENT,hard_synthetic_v2
T78180: please check - full cost db exported by sara b.,REPORT_DOCUMENT,hard_synthetic_v2
T99558: env spill reprot delayed (Selam F.) - please confirm,COMPLIANCE,hard_synthetic_v2
milestone 'foundation' delayed (Lidya W.),PROJECT_RESOURCE,hard_synthetic_v2
fuel burn above baseline (Hanna A.),PROJECT_RESOURCE,hard_synthetic_v2
2025-04-05 unusual activity volume by Hanna A.,USER_ACTIVITY,hard_synthetic_v2
session from unknown device (Solomon A.),SECURITY,hard_synthetic_v2
2025-05-22 problem on Adama IP invoice #9612 deleeted after - please confirm,FINANCIAL,hard_synthetic_v2
attendance history row removed by samuel,DATA_INTEGRITY,hard_synthetic_v2
measurement sheet deleted (Meron T.),DATA_INTEGRITY,hard_synthetic_v2
certificate pdf swapped by marta t.,DATA_INTEGRITY,hard_synthetic_v2
mass status edit (102 tasks) by Samuel,USER_ACTIVITY,hard_synthetic_v2
subcon abyssinia hire ncr list updated by yonas g.,PROJECT_RESOURCE,hard_synthetic_v2
T61009: lidya w. login failed from 197.137.214.42,SECURITY,hard_synthetic_v2
contractor import replaced values (dawit h.) - ezih,DATA_INTEGRITY,hard_synthetic_v2
full cost DB exproted by Meron T.,REPORT_DOCUMENT,hard_synthetic_v2
rebar over-ordered 11% block D,PROJECT_RESOURCE,hard_synthetic_v2
T90919: user list exported by Bereket D. after hours,USER_ACTIVITY,hard_synthetic_v2
permission raised for Henok T. without approval,SECURITY,hard_synthetic_v2
T93688: access concern,SECURITY,hard_synthetic_v2
2025-01-07 excavator out 13 days - not returned (biruk m.) | awaiting confirmation,PROJECT_RESOURCE,hard_synthetic_v2
policy breach recorded for Meron T.,COMPLIANCE,hard_synthetic_v2
subcon Abyssinia Hire NCR list updated by Kidus A.,PROJECT_RESOURCE,hard_synthetic_v2
suspicious login pattern detected (rahel g.),SECURITY,hard_synthetic_v2
old spec rev deleted (Abebe K.),REPORT_DOCUMENT,hard_synthetic_v2
rebar over-ordered 10% block a,PROJECT_RESOURCE,hard_synthetic_v2
please investigate,PROJECT_RESOURCE,hard_synthetic_v2
odd behaviour hold point skipped on,COMPLIANCE,hard_synthetic_v2
qty take-off altered - no CO (Rahel G.),DATA_INTEGRITY,hard_synthetic_v2
repeated open of restricted folder by Kidus A.,USER_ACTIVITY,hard_synthetic_v2
env spill report delayed (abebe k.),COMPLIANCE,hard_synthetic_v2
T92653: late submission of daily reprot (Hanna A.),COMPLIANCE,hard_synthetic_v2
2026-01-13 T34929: as-built rev changed after client sign-off (Sara B.),DATA_INTEGRITY,hard_synthetic_v2
permission raised for Helen without approval,SECURITY,hard_synthetic_v2
attendance history row removed by lidya w.,DATA_INTEGRITY,hard_synthetic_v2
contractor review score 61/100 by Samuel,PROJECT_RESOURCE,hard_synthetic_v2
subcon ethio steel ncr list updated by solomon .,PROJECT_RESOURCE,hard_synthetic_v2
2025-03-04 payment run for Ethio Steel by Samuel,FINANCIAL,hard_synthetic_v2
permit submitted after work started (Abebe K.),COMPLIANCE,hard_synthetic_v2
"cash advance ETB 838,000 logged by Mesfin",FINANCIAL,hard_synthetic_v2
password reset requested then cancelled (henok t.),SECURITY,hard_synthetic_v2
permit submitted after work started (Samuel) (check),COMPLIANCE,hard_synthetic_v2
problem on bole tower,SECURITY,hard_synthetic_v2
data issue,DATA_INTEGRITY,hard_synthetic_v2
file shared to sub@con.et by Henok T.,REPORT_DOCUMENT,hard_synthetic_v2
odd hour login by Meron T. at 4:00,SECURITY,hard_synthetic_v2
2025-04-27 repeated open of restricted folder by rahel g.,USER_ACTIVITY,hard_synthetic_v2
user list exported by Biruk M. after hours,USER_ACTIVITY,hard_synthetic_v2
password reset requested then cancelled (Dawit H.),SECURITY,hard_synthetic_v2
contractor import replaced values (biruk m.),COMPLIANCE,hard_synthetic_v2
engineer Kidus A. tried to approve payment,USER_ACTIVITY,hard_synthetic_v2
T27630: unusual activity volume by Dawit H.,USER_ACTIVITY,hard_synthetic_v2
CSV import overwrote approved qty (Tigist),DATA_INTEGRITY,hard_synthetic_v2
T42536: Mesfin opened finance module (not their role) | for your action,USER_ACTIVITY,hard_synthetic_v2
2026-11-09 please check - late submission of daily report (Sara B.),COMPLIANCE,hard_synthetic_v2
"urgent - paymant of ETB 504,000 approved by Henok T.",FINANCIAL,hard_synthetic_v2
multiple failed logins on lidya w. account,SECURITY,hard_synthetic_v2
certificate PDF swapped by Meron T. | from the meeting,DATA_INTEGRITY,hard_synthetic_v2
hanna a. changed ip during session,SECURITY,hard_synthetic_v2
2026-08-01 T93822: payment run for Ethio Steel by Dawit H.,FINANCIAL,hard_synthetic_v2
file shared to sub@con.et by Abebe K.,REPORT_DOCUMENT,hard_synthetic_v2
temporary entry - failed authentication for Dawit H. - site lay,SECURITY,hard_synthetic_v2
2026-10-03 bugdet line edit on ALR Ext (Bereket D.),FINANCIAL,hard_synthetic_v2
repeated open of restricted folder by Hanna A.,USER_ACTIVITY,hard_synthetic_v2
"payment of etb 335,000 approved by rahel g.",FINANCIAL,hard_synthetic_v2
T74226: toolbox talk sheet missing (Hanna .) | for your action,COMPLIANCE,hard_synthetic_v2
needs review contract PDF mailed externally,REPORT_DOCUMENT,hard_synthetic_v2
"expense claim ETB 656,000 from Getachew | urgent",FINANCIAL,hard_synthetic_v2
external share of project file (selam f.),REPORT_DOCUMENT,hard_synthetic_v2
cement overuse 37% on Hawassa P2 (Helen),REPORT_DOCUMENT,hard_synthetic_v2
Sara B. modified contingency on Site 3,FINANCIAL,hard_synthetic_v2
commercial rates shared outside (samuel),REPORT_DOCUMENT,hard_synthetic_v2
env spill reprot delayed (Henok T.),COMPLIANCE,hard_synthetic_v2
as-built ZIP downloaded by Solomon A.,REPORT_DOCUMENT,hard_synthetic_v2
user list exported by Lidya W. after hours,USER_ACTIVITY,hard_synthetic_v2
unapproved edit to record by biruk m.,DATA_INTEGRITY,hard_synthetic_v2
document export by Kidus A. (check),REPORT_DOCUMENT,hard_synthetic_v2
urgent - duplicate supplier invoice #1639,DATA_INTEGRITY,hard_synthetic_v2
bulk delete of 36 rows by selam f.,PROJECT_RESOURCE,hard_synthetic_v2
T55632: multiple failed logins on samuel account,SECURITY,hard_synthetic_v2
fuel burn above baseline (Yonas G.),PROJECT_RESOURCE,hard_synthetic_v2
issue with Dawit H. qty take-off altered -,DATA_INTEGRITY,hard_synthetic_v2
policy breach recorded for Marta T.,COMPLIANCE,hard_synthetic_v2
Kidus A. tried admin console - denied,SECURITY,hard_synthetic_v2
qty take-off altered - no CO (Rahel G.),DATA_INTEGRITY,hard_synthetic_v2
rebar over-ordered 17% block B - please confirm,PROJECT_RESOURCE,hard_synthetic_v2
"flagged item cash advance ETB 30,000",FINANCIAL,hard_synthetic_v2
invoice #1916 deleted after payment (Lidya W.),FINANCIAL,hard_synthetic_v2
T55511: needs review structure slipped 10 days,PROJECT_RESOURCE,hard_synthetic_v2
as discussed - external data import by yonas g.,DATA_INTEGRITY,hard_synthetic_v2
"expense claim ETB 612,000 from Marta T.",FINANCIAL,hard_synthetic_v2
T17660: scaffold parts missing after demob (Biruk M.),PROJECT_RESOURCE,hard_synthetic_v2
as-built rev changed after client sign-off (Kidus A.),DATA_INTEGRITY,hard_synthetic_v2
cement overuse 13% on Hawassa P2 (Lidya W.) | see attachment,PROJECT_RESOURCE,hard_synthetic_v2
budget increased 43% on Bole Tower by Henok T.,FINANCIAL,hard_synthetic_v2
scaffold parts missing after demob (Marta T.),PROJECT_RESOURCE,hard_synthetic_v2
subcon Abyssinia Hire NCR list updated by Rahel G.,PROJECT_RESOURCE,hard_synthetic_v2
T59661: hold point skipped on foundation (kidus a.),COMPLIANCE,hard_synthetic_v2
unusual activity volume by selam f.,USER_ACTIVITY,hard_synthetic_v2
approved ms edited after acceptance (dawit h.),REPORT_DOCUMENT,hard_synthetic_v2
T18617: odd hour login by Mesfin at 18:00,SECURITY,hard_synthetic_v2
2026-01-24 T27618: Getachew opened finance module (not their role),USER_ACTIVITY,hard_synthetic_v2
measurement sheet deleeted (mesfin),DATA_INTEGRITY,hard_synthetic_v2
issue with meron t. multiple faild logins on,SECURITY,hard_synthetic_v2
scaffold parts missing after demob (Getachew),PROJECT_RESOURCE,hard_synthetic_v2
session from unknown device (Helen),SECURITY,hard_synthetic_v2
T17301: hold point skipped on foundation (Hanna A.),COMPLIANCE,hard_synthetic_v2
anomaly noted,USER_ACTIVITY,hard_synthetic_v2
2025-07-17 bulk delete of 174 rows by Yonas G.,USER_ACTIVITY,hard_synthetic_v2
engineer yonas g. tried to approve paymant,USER_ACTIVITY,hard_synthetic_v2
contractor review score 65/100 by Biruk M.,PROJECT_RESOURCE,hard_synthetic_v2
2026-01-12 drawing pack uploaded by Henok T.,REPORT_DOCUMENT,hard_synthetic_v2
please check - scaffold parts missing after demob (mesfin),PROJECT_RESOURCE,hard_synthetic_v2
failed authentication for bereket d.,SECURITY,hard_synthetic_v2
2026-06-21 T16841: duplicate invioce #1008 entered,FINANCIAL,hard_synthetic_v2
late submission of daily reprot (Marta T.),COMPLIANCE,hard_synthetic_v2
2026-08-10 cost code changed on PO by Solomon A.,FINANCIAL,hard_synthetic_v2
hold point skipped on foundation (Helen),COMPLIANCE,hard_synthetic_v2
106 edits in under 5 min by Rahel G.,USER_ACTIVITY,hard_synthetic_v2
file shared to client@own.org by mesfin,REPORT_DOCUMENT,hard_synthetic_v2
bulk reassign 149 tasks - no comment (Samuel),USER_ACTIVITY,hard_synthetic_v2
bulk reassign 125 tasks - no comment (Dawit H.),USER_ACTIVITY,hard_synthetic_v2
2025-03-12 Sara B. modified contingency on DD Warehouse | see attachment,FINANCIAL,hard_synthetic_v2
T54302: measurement sheet deleeted (Kidus A.),DATA_INTEGRITY,hard_synthetic_v2
approved ms edited after acceptance (lidya w.),REPORT_DOCUMENT,hard_synthetic_v2
external data import by Rahel G.,DATA_INTEGRITY,hard_synthetic_v2
structure slipped 3 days (rahel g.),DATA_INTEGRITY,hard_synthetic_v2
sensitive salary data viewed by Kidus A.,USER_ACTIVITY,hard_synthetic_v2
2025-11-26 invoice #7592 deleted after payment (Mesfin),FINANCIAL,hard_synthetic_v2
report problem as-built rev changed after,DATA_INTEGRITY,hard_synthetic_v2
T90923: unusual activity volume by Kidus A. | from the meeting,USER_ACTIVITY,hard_synthetic_v2
approval bypassed on wo-721 by getachew,COMPLIANCE,hard_synthetic_v2
2026-05-03 budget increased 43% on site 3 by meron t.,FINANCIAL,hard_synthetic_v2
approved MS edited after acceptance (Biruk M.),REPORT_DOCUMENT,hard_synthetic_v2
measurement sheet deleeted (marta t.),DATA_INTEGRITY,hard_synthetic_v2
NCR closed without QM signature (Mesfin),COMPLIANCE,hard_synthetic_v2
Mesfin modified contingency on Adama IP,FINANCIAL,hard_synthetic_v2
contractor review score 33/100 by bereket d.,PROJECT_RESOURCE,hard_synthetic_v2
contractor import replaced values (Selam F.) | awaiting confirmation,DATA_INTEGRITY,hard_synthetic_v2
structure slipped 12 days (Tigist) | per site instruction,PROJECT_RESOURCE,hard_synthetic_v2
NCR closed without QM signature (Henok T.),COMPLIANCE,hard_synthetic_v2
attendance history row removed by henok t.,DATA_INTEGRITY,hard_synthetic_v2
2026-04-04 document export by Marta T.,REPORT_DOCUMENT,hard_synthetic_v2
T72508: toolbox talk sheet missing (Biruk M.),COMPLIANCE,hard_synthetic_v2
budget increased 23% on ALR Ext by Tigist,FINANCIAL,hard_synthetic_v2
as discussed - unusual activity volume by Meron T.,USER_ACTIVITY,hard_synthetic_v2
fuel burn above baseline (Meron T.),PROJECT_RESOURCE,hard_synthetic_v2
policy breach recorded for Rahel G.,COMPLIANCE,hard_synthetic_v2
user list exported by bereket d. after hours,USER_ACTIVITY,hard_synthetic_v2
2025-06-11 needs review late submission of daily,COMPLIANCE,hard_synthetic_v2
please check - Helen tried admin console - denied,SECURITY,hard_synthetic_v2
T69886: material overuse logged on Bole Tower,PROJECT_RESOURCE,hard_synthetic_v2
fuel burn above baseline (Abebe K.),PROJECT_RESOURCE,hard_synthetic_v2
invoice #2091 created by Solomon A.,FINANCIAL,hard_synthetic_v2
dormant account selam f. active after 18 months,USER_ACTIVITY,hard_synthetic_v2
2026-03-24 T60662: delivery note DN-781 edited after lock by Getachew | noted on site,DATA_INTEGRITY,hard_synthetic_v2
qty take-off altered - no CO (Lidya W.),DATA_INTEGRITY,hard_synthetic_v2
engineer Rahel G. tried to approve payment,USER_ACTIVITY,hard_synthetic_v2
T42409: invoice #8989 created by biruk m.,FINANCIAL,hard_synthetic_v2
suspicious login pattern detected (Selam F.),SECURITY,hard_synthetic_v2
2026-09-25 T76833: as discussed - toolbox talk sheet missing (samuel),COMPLIANCE,hard_synthetic_v2
budget line edit on DD Warehouse (Yonas G.),DATA_INTEGRITY,hard_synthetic_v2
2025-06-22 permission raised for Biruk M. without approval - please confirm,SECURITY,hard_synthetic_v2
payment run for nile const by solomon a.,FINANCIAL,hard_synthetic_v2
T32040: unauthorized access attempt by bereket d.,SECURITY,hard_synthetic_v2
checklist incomplete for pour #23,COMPLIANCE,hard_synthetic_v2
2025-01-24 access concern scaffold parts missing after,PROJECT_RESOURCE,hard_synthetic_v2
qa plan changed post-approval (mesfin),REPORT_DOCUMENT,hard_synthetic_v2
T50190: file shared to client@own.org by henok t.,REPORT_DOCUMENT,hard_synthetic_v2
from the meeting - unusual activity volume by Helen,USER_ACTIVITY,hard_synthetic_v2
method statement still draft but signed (Getachew) - ezih,COMPLIANCE,hard_synthetic_v2
QA plan changed post-approval (Sara B.),REPORT_DOCUMENT,hard_synthetic_v2
old spec rev deleted (kidus a.),REPORT_DOCUMENT,hard_synthetic_v2
external share of project file (yonas g.),REPORT_DOCUMENT,hard_synthetic_v2
role misuse flagged for Henok T.,USER_ACTIVITY,hard_synthetic_v2
"payment of ETB 568,000 approved by Yonas G.",FINANCIAL,hard_synthetic_v2
budget increased 42% on Hawassa P2 by Tigist,FINANCIAL,hard_synthetic_v2
unapproved edit to record by dawit h.,DATA_INTEGRITY,hard_synthetic_v2
suspicious log-in pattern detected (Mesfin),COMPLIANCE,hard_synthetic_v2
contractor import replaced values (Bereket D.),DATA_INTEGRITY,hard_synthetic_v2
T33675: env spill report delayed (Solomon A.),COMPLIANCE,hard_synthetic_v2
mass status edit (116 tasks) by Lidya W.,USER_ACTIVITY,hard_synthetic_v2
full cost DB exported by Dawit H. | need follow up,REPORT_DOCUMENT,hard_synthetic_v2
access concern,SECURITY,hard_synthetic_v2
ncr closed without qm signature (helen),COMPLIANCE,hard_synthetic_v2
T23714: fuel burn above baseline (yonas g.),PROJECT_RESOURCE,hard_synthetic_v2
2026-06-18 issue with biruk m. unauthorized access attempt by,SECURITY,hard_synthetic_v2
unauthorized access attempt by Biruk M.,SECURITY,hard_synthetic_v2
"noted on site - expense claim ETB 226,000 from Meron T. - site lay",FINANCIAL,hard_synthetic_v2
T30940: unauth access attempt by Hanna A.,SECURITY,hard_synthetic_v2
T52239: anomaly noted user list exported by,USER_ACTIVITY,hard_synthetic_v2
T52191: mass status edit (39 tasks) by sara b.,USER_ACTIVITY,hard_synthetic_v2
session from unknown device (Tigist),SECURITY,hard_synthetic_v2
doc export by selam f. | per site instruction,REPORT_DOCUMENT,hard_synthetic_v2
T60957: structure slipped 16 days (kidus a.) | temporary entry,PROJECT_RESOURCE,hard_synthetic_v2
payment run for Abyssinia Hire by Dawit H.,FINANCIAL,hard_synthetic_v2
toolbox talk sheet missing (Meron T.),PROJECT_RESOURCE,hard_synthetic_v2
issue with Meron T.,PROJECT_RESOURCE,hard_synthetic_v2
old spec rev deleeted (Biruk M.),REPORT_DOCUMENT,hard_synthetic_v2
report problem,DATA_INTEGRITY,hard_synthetic_v2
cement overuse 14% on Bole Tower (Selam F.),PROJECT_RESOURCE,hard_synthetic_v2
contractor review score 48/100 by Tigist,PROJECT_RESOURCE,hard_synthetic_v2
hold point skipped on foundation (hanna a.),COMPLIANCE,hard_synthetic_v2
T51753: Yonas G. tried admin console - denied,SECURITY,hard_synthetic_v2
check Yonas G. activity,PROJECT_RESOURCE,hard_synthetic_v2
report problem,USER_ACTIVITY,hard_synthetic_v2
T32999: needs review,PROJECT_RESOURCE,hard_synthetic_v2
check Getachew activity,SECURITY,hard_synthetic_v2
T51279: measurement sheet deleted (Mesfin),DATA_INTEGRITY,hard_synthetic_v2
approval bypassed on wo-423 by sara b.,DATA_INTEGRITY,hard_synthetic_v2
T24060: tigist opened finance module (not their role),USER_ACTIVITY,hard_synthetic_v2
T24408: attendance history row removed by Kidus A.,DATA_INTEGRITY,hard_synthetic_v2
multiple faild log-ins on Helen account,SECURITY,hard_synthetic_v2
permit submitted after work started (Getachew),COMPLIANCE,hard_synthetic_v2
T21618: material overuse logged on Hawassa P2 - site lay,PROJECT_RESOURCE,hard_synthetic_v2
contract PDF mailed externally (Helen),REPORT_DOCUMENT,hard_synthetic_v2
T99084: user list exported by Samuel after hours,USER_ACTIVITY,hard_synthetic_v2
delivery note DN-487 edited after lock by Helen,DATA_INTEGRITY,hard_synthetic_v2
unapproved edit to record by Selam F.,DATA_INTEGRITY,hard_synthetic_v2
measurement sheet deleted (Yonas G.),DATA_INTEGRITY,hard_synthetic_v2
permit submitted after work started (Dawit H.),COMPLIANCE,hard_synthetic_v2
odd behaviour late submission of daily,COMPLIANCE,hard_synthetic_v2
T47934: problem on site 3 drawing pack uploaded by,REPORT_DOCUMENT,hard_synthetic_v2
for your action - test results changed without approval (Samuel),DATA_INTEGRITY,hard_synthetic_v2
T17043: delivery note DN-641 edited after lock by Henok T. (check),DATA_INTEGRITY,hard_synthetic_v2
flagged item,REPORT_DOCUMENT,hard_synthetic_v2
password reset requested then cancelled (Bereket D.),SECURITY,hard_synthetic_v2
unauthorized access attempt by kidus a. (check),SECURITY,hard_synthetic_v2
"T65834: cash advance ETB 913,000 logged by Sara B.",COMPLIANCE,hard_synthetic_v2
policy breach recorded for samuel,COMPLIANCE,hard_synthetic_v2
bugdet line edit on DD Warehouse (Helen),SECURITY,hard_synthetic_v2
PPE violation noted for crew of Biruk M.,COMPLIANCE,hard_synthetic_v2
T72109: duplicate invioce #5783 entered,FINANCIAL,hard_synthetic_v2
structure slipped 8 days (Selam F.),PROJECT_RESOURCE,hard_synthetic_v2
duplicate supplier invoice #3039,DATA_INTEGRITY,hard_synthetic_v2
cost code changed on PO by Selam F.,FINANCIAL,hard_synthetic_v2
subcon Ethio Steel NCR list updated by Sara B. | for your action,PROJECT_RESOURCE,hard_synthetic_v2
noted on site - policy breach recorded for marta t.,COMPLIANCE,hard_synthetic_v2
"noted on site - payment of ETB 821,000 approved by Lidya W.",FINANCIAL,hard_synthetic_v2
policy breach recorded for sara b. | see attachment,COMPLIANCE,hard_synthetic_v2
for your action - fuel burn above baseline (Solomon A.),PROJECT_RESOURCE,hard_synthetic_v2
cost code changed on PO by Marta T.,FINANCIAL,hard_synthetic_v2
contractor review score 75/100 by Biruk M.,PROJECT_RESOURCE,hard_synthetic_v2
T17013: checklist incomplete for pour #38,COMPLIANCE,hard_synthetic_v2
bulk delete of 207 rows by Getachew,USER_ACTIVITY,hard_synthetic_v2
file shared to partner@ext.com by selam f.,REPORT_DOCUMENT,hard_synthetic_v2
2025-07-17 late submission of daily reprot (biruk m.),COMPLIANCE,hard_synthetic_v2
paymant run for Abyssinia Hire by Mesfin - site lay,FINANCIAL,hard_synthetic_v2
permission raised for Marta T. without aproval,SECURITY,hard_synthetic_v2
getachew modified contingency on dd warehouse,FINANCIAL,hard_synthetic_v2
permission raised for Helen without approval,SECURITY,hard_synthetic_v2
contractor import replaced values (henok t.),DATA_INTEGRITY,hard_synthetic_v2
engineer Yonas G. tried to approve payment,DATA_INTEGRITY,hard_synthetic_v2
T16282: access concern,PROJECT_RESOURCE,hard_synthetic_v2
policy breach recorded for Getachew,COMPLIANCE,hard_synthetic_v2
progress report generated for bd hospital (yonas g.),REPORT_DOCUMENT,hard_synthetic_v2
2026-07-24 password reset requested then cancelled (Sara B.) - ezih,SECURITY,hard_synthetic_v2
permission raised for abebe k. without approval,SECURITY,hard_synthetic_v2
T76828: duplicate invoice #9500 entered,FINANCIAL,hard_synthetic_v2
budget line edit on Hawassa P2 (Samuel),FINANCIAL,hard_synthetic_v2
issue with Selam F. as-built rev changed after,DATA_INTEGRITY,hard_synthetic_v2
mass status edit (118 tasks) by rahel g. | urgent,USER_ACTIVITY,hard_synthetic_v2
geo anomaly: Getachew appeared in two cities same day (check),SECURITY,hard_synthetic_v2
toolbox talk sheet missing (Sara B.) - ezih,FINANCIAL,hard_synthetic_v2
role misuse flagged for Solomon A.,USER_ACTIVITY,hard_synthetic_v2
large payment released without second sign-off (Kidus A.),FINANCIAL,hard_synthetic_v2
structure slipped 13 days (Selam F.),PROJECT_RESOURCE,hard_synthetic_v2
approval bypassed on WO-806 by Abebe K.,COMPLIANCE,hard_synthetic_v2
see attachment - as-built zip downloaded by marta t.,REPORT_DOCUMENT,hard_synthetic_v2
checklist incomplete for pour #26,COMPLIANCE,hard_synthetic_v2
bereket d. modified contingency on hawassa p2,FINANCIAL,hard_synthetic_v2
bulk delete of 158 rows by selam f. - site lay,USER_ACTIVITY,hard_synthetic_v2
file shared to client@own.org by tigist,SECURITY,hard_synthetic_v2
checklist incomplete for pour #10,COMPLIANCE,hard_synthetic_v2
progress report generated for Hawassa P2 (Mesfin),REPORT_DOCUMENT,hard_synthetic_v2
2025-04-26 see attachment - bulk delete of 163 rows by samuel,USER_ACTIVITY,hard_synthetic_v2
qa plan changed post-approval (marta t.),REPORT_DOCUMENT,hard_synthetic_v2
2026-12-19 progress reprot generated for Site 3 (Selam F.),REPORT_DOCUMENT,hard_synthetic_v2
engineer sara b. tried to approve payment,USER_ACTIVITY,hard_synthetic_v2
hold point skipped on foundation (Biruk M.),COMPLIANCE,hard_synthetic_v2
T58842: needs review fuel burn above baseline,PROJECT_RESOURCE,hard_synthetic_v2
T25636: equipment checkout overdue (henok t.),SECURITY,hard_synthetic_v2
odd behaviour payment run for Horizon,FINANCIAL,hard_synthetic_v2
csv import overwrote approved qty (henok t.) - site lay,DATA_INTEGRITY,hard_synthetic_v2
cost code changed on PO by Tigist,FINANCIAL,hard_synthetic_v2
certificate PDF swapped by Marta T.,DATA_INTEGRITY,hard_synthetic_v2
henok t. tried admin console - denied,USER_ACTIVITY,hard_synthetic_v2
bulk delete of 161 rows by Helen,USER_ACTIVITY,hard_synthetic_v2
urgent - delivery note DN-340 edited after lock by Hanna A.,DATA_INTEGRITY,hard_synthetic_v2
cement overuse 44% on Hawassa P2 (Lidya W.),PROJECT_RESOURCE,hard_synthetic_v2
sensitive salary data viewed by Yonas G.,USER_ACTIVITY,hard_synthetic_v2
as discussed - cost code changed on PO by Helen,FINANCIAL,hard_synthetic_v2
T46124: budget increased 41% on Adama IP by Marta T. | from the meeting (check),FINANCIAL,hard_synthetic_v2
T58770: duplicate supplier invoice #5906,REPORT_DOCUMENT,hard_synthetic_v2
toolbox talk sheet missing (Sara B.),COMPLIANCE,hard_synthetic_v2
T86449: contractor import replaced values (kidus a.),DATA_INTEGRITY,hard_synthetic_v2
please check - duplicate invoice #4529 entered,FINANCIAL,hard_synthetic_v2
approved MS edited after acceptance (Mesfin),REPORT_DOCUMENT,hard_synthetic_v2
T73556: method statement still draft but signed (Yonas G.),COMPLIANCE,hard_synthetic_v2
unauth access attempt by Helen,SECURITY,hard_synthetic_v2
2026-06-15 data issue document export by bereket,REPORT_DOCUMENT,hard_synthetic_v2
material overuse logged on Adama IP,PROJECT_RESOURCE,hard_synthetic_v2
method statement still draft but signed (Mesfin),COMPLIANCE,hard_synthetic_v2
2026-02-22 cost code changed on po by kidus a.,FINANCIAL,hard_synthetic_v2
T24632: hold point skipped on foundation (tigist),COMPLIANCE,hard_synthetic_v2
need follow up - suspicious login pattern detected (Kidus A.),SECURITY,hard_synthetic_v2
2026-06-14 approval bypassed on WO-320 by Bereket D. - please confirm,COMPLIANCE,hard_synthetic_v2
2025-04-20 attendance history row removed by Abebe K.,DATA_INTEGRITY,hard_synthetic_v2
certificate PDF swapped by Lidya W.,DATA_INTEGRITY,hard_synthetic_v2
contractor review score 37/100 by Solomon A.,PROJECT_RESOURCE,hard_synthetic_v2
Henok T. opened finance module (not their role),USER_ACTIVITY,hard_synthetic_v2
2026-07-06 subcon Horizon Mat NCR list updated by Abebe K.,PROJECT_RESOURCE,hard_synthetic_v2
Marta T. login failed from 197.18.233.206,SECURITY,hard_synthetic_v2
delivery note DN-829 edited after lock by Bereket D.,DATA_INTEGRITY,hard_synthetic_v2
bulk delete of 220 rows by Helen,FINANCIAL,hard_synthetic_v2
duplicate supplier invoice #1219,DATA_INTEGRITY,hard_synthetic_v2
PPE violation noted for crew of Solomon A.,COMPLIANCE,hard_synthetic_v2
T23713: checklist incomplete for pour #24,COMPLIANCE,hard_synthetic_v2
odd behaviour test results changed without,DATA_INTEGRITY,hard_synthetic_v2
T97808: unusual activity volume by Biruk M.,USER_ACTIVITY,hard_synthetic_v2
odd hour login by Dawit H. at 15:00,SECURITY,hard_synthetic_v2
suspicious login pattern detected (Henok T.),SECURITY,hard_synthetic_v2
contract PDF mailed externally (Henok T.),REPORT_DOCUMENT,hard_synthetic_v2
engineer Henok T. tried to approve payment,USER_ACTIVITY,hard_synthetic_v2
contractor review score 65/100 by meron t.,PROJECT_RESOURCE,hard_synthetic_v2
T31386: contractor import replaced values (Helen),DATA_INTEGRITY,hard_synthetic_v2
odd hour login by sara b. at 2:00,SECURITY,hard_synthetic_v2
policy breach recorded for Henok T. | noted on site,COMPLIANCE,hard_synthetic_v2
"cash advance etb 103,000 logged by bereket d.",DATA_INTEGRITY,hard_synthetic_v2
session from unknown device (Rahel G.),SECURITY,hard_synthetic_v2
2025-12-14 milestone 'finishes' delayed (marta t.),PROJECT_RESOURCE,hard_synthetic_v2
QA plan changed post-approval (Tigist),REPORT_DOCUMENT,hard_synthetic_v2
for your action - password reset requested then cancelled (Yonas G.),SECURITY,hard_synthetic_v2
2025-07-17 invioce #9004 created by helen (check),FINANCIAL,hard_synthetic_v2
as-built rev changed after client sign-off (Dawit H.),DATA_INTEGRITY,hard_synthetic_v2
flagged item contractor import replaced values - please confirm,DATA_INTEGRITY,hard_synthetic_v2
T70225: site reprot late by 5 days (Yonas G.),COMPLIANCE,hard_synthetic_v2
budget increased 41% on site 3 by helen,FINANCIAL,hard_synthetic_v2
T84717: session from unknown device (Mesfin),SECURITY,hard_synthetic_v2
test results changed without approval (Lidya W.),DATA_INTEGRITY,hard_synthetic_v2
external data import by Getachew - site lay,DATA_INTEGRITY,hard_synthetic_v2
repeated open of restricted folder by Sara B.,USER_ACTIVITY,hard_synthetic_v2
T11668: toolbox talk sheet missing (kidus a.),COMPLIANCE,hard_synthetic_v2
T88793: dormant account Henok T. active after 19 months,USER_ACTIVITY,hard_synthetic_v2
scaffold parts missing after demob (sara b.),PROJECT_RESOURCE,hard_synthetic_v2
contract pdf mailed externally (samuel) | as discussed - site lay,REPORT_DOCUMENT,hard_synthetic_v2
Selam F. log-in faild from 197.134.170.133,SECURITY,hard_synthetic_v2
qty take-off altered - no co (selam f.),DATA_INTEGRITY,hard_synthetic_v2
delivery note dn-633 edited after lock by tigist,FINANCIAL,hard_synthetic_v2
anomaly noted,COMPLIANCE,hard_synthetic_v2
odd behaviour (check),SECURITY,hard_synthetic_v2
engineer Biruk M. tried to approve payment | as discussed,USER_ACTIVITY,hard_synthetic_v2
unauthorized access attempt by Marta T.,SECURITY,hard_synthetic_v2
session from unknown device (Hanna A.),SECURITY,hard_synthetic_v2
mass status edit (200 tasks) by Getachew,USER_ACTIVITY,hard_synthetic_v2
session from unknown device (Hanna A.) - site lay,SECURITY,hard_synthetic_v2
T96147: duplicate invioce #9625 entered,FINANCIAL,hard_synthetic_v2
unapproved edit to record by Kidus A.,DATA_INTEGRITY,hard_synthetic_v2
149 edits in under 5 min by Hanna A. - please confirm,USER_ACTIVITY,hard_synthetic_v2
T61747: data issue bulk delete of 56,USER_ACTIVITY,hard_synthetic_v2
test results changed without approval (Kidus A.),USER_ACTIVITY,hard_synthetic_v2
contractor review score 79/100 by Tigist,PROJECT_RESOURCE,hard_synthetic_v2
progress report generated for Site 3 (Meron T.),REPORT_DOCUMENT,hard_synthetic_v2
role misuse flagged for biruk m.,USER_ACTIVITY,hard_synthetic_v2
awaiting confirmation - budget increased 45% on bole tower by mesfin,FINANCIAL,hard_synthetic_v2
external data import by Sara B.,DATA_INTEGRITY,hard_synthetic_v2
cement overuse 14% on ALR Ext (Solomon A.),PROJECT_RESOURCE,hard_synthetic_v2
T16062: large paymant released without second sign-off (Mesfin),FINANCIAL,hard_synthetic_v2
T36709: scaffold parts missing after demob (solomon a.),PROJECT_RESOURCE,hard_synthetic_v2
Mesfin modified contingency on Bole Tower,FINANCIAL,hard_synthetic_v2
contract pdf mailed externally (hanna a.) | as discussed,REPORT_DOCUMENT,hard_synthetic_v2
equipement checkout overdue (Rahel G.) | noted on site,PROJECT_RESOURCE,hard_synthetic_v2
repeated open of restricted folder by helen | from the meeting,USER_ACTIVITY,hard_synthetic_v2
Tigist login failed from 197.225.210.134,SECURITY,hard_synthetic_v2
meron t. login failed from 197.132.71.217,SECURITY,hard_synthetic_v2
invoice #7142 deleted after payment (Kidus A.),FINANCIAL,hard_synthetic_v2
T96937: for your action - drawing pack uploaded by Getachew,REPORT_DOCUMENT,hard_synthetic_v2
toolbox talk sheet missing (bereket d.) - please confirm,COMPLIANCE,hard_synthetic_v2
commercial rates shared outside (Solomon A.) | from the meeting,REPORT_DOCUMENT,hard_synthetic_v2
file shared to client@own.org by Marta T.,REPORT_DOCUMENT,hard_synthetic_v2
duplicate invoice #6503 entered,FINANCIAL,hard_synthetic_v2
equipement checkout overdue (sara b.),PROJECT_RESOURCE,hard_synthetic_v2
structure slipped 9 days (yonas g.) - site lay,REPORT_DOCUMENT,hard_synthetic_v2
noted on site - large payment released without second sign-off (Biruk M.) - please confirm,FINANCIAL,hard_synthetic_v2
invoice #8979 deleted after payment (Samuel),FINANCIAL,hard_synthetic_v2
sensitive salary data viewed by Kidus A.,USER_ACTIVITY,hard_synthetic_v2
rebar over-ordered 8% block B,DATA_INTEGRITY,hard_synthetic_v2
2025-04-08 password reset requested then cancelled (Kidus A.),SECURITY,hard_synthetic_v2
please investigate contractor review score 88/100,PROJECT_RESOURCE,hard_synthetic_v2
cement overuse 40% on DD Warehouse (Yonas G.),PROJECT_RESOURCE,hard_synthetic_v2
toolbox talk sheet missing (Yonas G.),COMPLIANCE,hard_synthetic_v2
equipment checkout overdue (Biruk M.),PROJECT_RESOURCE,hard_synthetic_v2
late submission of daily report (Hanna A.),COMPLIANCE,hard_synthetic_v2
generator hours high vs plan (Abebe K.),PROJECT_RESOURCE,hard_synthetic_v2
contractor import replaced values (lidya w.),DATA_INTEGRITY,hard_synthetic_v2
large payment released without second sign-off (Yonas G.),FINANCIAL,hard_synthetic_v2
Kidus . login faild from 197.196.234.122,SECURITY,hard_synthetic_v2
policy breach recorded for Biruk M. - please confirm,COMPLIANCE,hard_synthetic_v2
generator hours high vs plan (bereket d.),PROJECT_RESOURCE,hard_synthetic_v2
full cost DB exported by Lidya W.,REPORT_DOCUMENT,hard_synthetic_v2
T34955: milestone 'MEP 1st fix' delayed (Selam F.),PROJECT_RESOURCE,hard_synthetic_v2
2026-12-07 T81633: issue with getachew policy breach recorded for,COMPLIANCE,hard_synthetic_v2
odd hour log-in by Hanna A. at 15:00,COMPLIANCE,hard_synthetic_v2
dormant account solomon a. active after 14 months | urgent,USER_ACTIVITY,hard_synthetic_v2
user list exproted by mesfin after hours,USER_ACTIVITY,hard_synthetic_v2
access concern,FINANCIAL,hard_synthetic_v2
toolbox talk sheet missing (solomon a.),COMPLIANCE,hard_synthetic_v2
budget line edit on DD Warehouse (Biruk M.),FINANCIAL,hard_synthetic_v2
2026-05-09 bulk delete of 171 rows by Rahel G.,USER_ACTIVITY,hard_synthetic_v2
drawing pack uploaded by Tigist,REPORT_DOCUMENT,hard_synthetic_v2
budget increased 30% on Site 3 by Marta T.,FINANCIAL,hard_synthetic_v2
2025-08-20 approval bypassed on WO-530 by Selam F.,COMPLIANCE,hard_synthetic_v2
aproval bypassed on WO-394 by Selam F.,COMPLIANCE,hard_synthetic_v2
2025-03-20 csv import overwrote approved qty (mesfin),DATA_INTEGRITY,hard_synthetic_v2
suspicious login pattern detected (lidya w.),SECURITY,hard_synthetic_v2
2025-04-25 Sara B. changed IP during session,PROJECT_RESOURCE,hard_synthetic_v2
rebar over-ordered 13% block D,DATA_INTEGRITY,hard_synthetic_v2
T73171: unauthorized access attempt by Samuel,SECURITY,hard_synthetic_v2
flagged item budget line edit on,FINANCIAL,hard_synthetic_v2
contractor import replaced values (Sara B.),DATA_INTEGRITY,hard_synthetic_v2
unapproved edit to record by Biruk M.,DATA_INTEGRITY,hard_synthetic_v2
"2026-03-26 cash advance ETB 104,000 logged by Lidya W.",FINANCIAL,hard_synthetic_v2
access concern ncr closed without qm,COMPLIANCE,hard_synthetic_v2
equipment checkout overdue (Biruk M.),PROJECT_RESOURCE,hard_synthetic_v2
hold point skipped on foundation (Dawit H.),COMPLIANCE,hard_synthetic_v2
budget line edit on Adama IP (Biruk M.),FINANCIAL,hard_synthetic_v2
T66805: dormant account Bereket D. active after 12 months,USER_ACTIVITY,hard_synthetic_v2
check Mesfin activity,PROJECT_RESOURCE,hard_synthetic_v2
checklist incomplete for pour #2,COMPLIANCE,hard_synthetic_v2
2026-07-11 document exprot by Samuel,REPORT_DOCUMENT,hard_synthetic_v2
2025-12-16 for your action - fuel burn above baseline (tigist),PROJECT_RESOURCE,hard_synthetic_v2
env spill report delayed (Tigist),COMPLIANCE,hard_synthetic_v2
Tigist log-in failed from 197.79.20.253,SECURITY,hard_synthetic_v2
Selam F. opened finance module (not their role),FINANCIAL,hard_synthetic_v2
scaffold parts missing after demob (rahel g.),PROJECT_RESOURCE,hard_synthetic_v2
2025-02-08 unapproved edit to record by Lidya W.,REPORT_DOCUMENT,hard_synthetic_v2
unapproved edit to record by Yonas G.,DATA_INTEGRITY,hard_synthetic_v2
problem on bole tower,DATA_INTEGRITY,hard_synthetic_v2
permision raised for bereket d. without aproval,SECURITY,hard_synthetic_v2
data issue duplicate invoice #3103 entered,FINANCIAL,hard_synthetic_v2
access concern,DATA_INTEGRITY,hard_synthetic_v2
data issue,SECURITY,hard_synthetic_v2
CSV import overwrote approved qty (Yonas G.),DATA_INTEGRITY,hard_synthetic_v2
full cost DB exported by Hanna A.,REPORT_DOCUMENT,hard_synthetic_v2
from the meeting - Rahel G. tried admin console - denied,SECURITY,hard_synthetic_v2
T10184: env spill report delayed (Kidus A.),COMPLIANCE,hard_synthetic_v2
contract PDF mailed externally (Marta T.),REPORT_DOCUMENT,hard_synthetic_v2
measurement sheet deleted (Sara B.),DATA_INTEGRITY,hard_synthetic_v2
2026-08-09 for your action - cost code changed on po by mesfin,FINANCIAL,hard_synthetic_v2
engineer Bereket D. tried to approve paymant,USER_ACTIVITY,hard_synthetic_v2
noted on site - subcon Nile Const NCR list updated by Meron T.,PROJECT_RESOURCE,hard_synthetic_v2
2025-06-23 T68909: rebar over-ordered 34% block b,PROJECT_RESOURCE,hard_synthetic_v2
failed authentication for Solomon A.,SECURITY,hard_synthetic_v2
dormant account Solomon A. active after 11 months,USER_ACTIVITY,hard_synthetic_v2
T88626: payment run for horizon mat by sara b.,FINANCIAL,hard_synthetic_v2
2026-11-07 from the meeting - contract pdf mailed externally (meron t.),REPORT_DOCUMENT,hard_synthetic_v2
2026-04-15 T75027: cement overuse 35% on Bole Tower (Marta T.),PROJECT_RESOURCE,hard_synthetic_v2
problem on Hawassa P2,SECURITY,hard_synthetic_v2
T56857: QA plan changed post-approval (Henok T.),REPORT_DOCUMENT,hard_synthetic_v2
structure slipped 11 days (Sara B.),PROJECT_RESOURCE,hard_synthetic_v2
commercial rates shared outside (Selam F.) | noted on site,REPORT_DOCUMENT,hard_synthetic_v2
role misuse flagged for dawit h. | from the meeting,USER_ACTIVITY,hard_synthetic_v2
2025-10-15 temporary entry - drawing pack uploaded by Helen,REPORT_DOCUMENT,hard_synthetic_v2
need follow up - NCR closed without QM signature (Kidus A.) - ezih,COMPLIANCE,hard_synthetic_v2
equipement checkout overdue (Tigist),PROJECT_RESOURCE,hard_synthetic_v2
2026-08-05 report problem unauthorized access attempt by (check),SECURITY,hard_synthetic_v2
structure slipped 12 days (Biruk M.),PROJECT_RESOURCE,hard_synthetic_v2
budget line edit on bd hospital (selam f.) - ezih,SECURITY,hard_synthetic_v2
bulk delete of 119 rows by Dawit H. (check),USER_ACTIVITY,hard_synthetic_v2
suspicious log-in pattern detected (Solomon A.) - ezih,SECURITY,hard_synthetic_v2
failed authentication for mesfin,SECURITY,hard_synthetic_v2
multiple failed logins on Hanna . account,SECURITY,hard_synthetic_v2
issue with Meron T.,PROJECT_RESOURCE,hard_synthetic_v2
2025-04-25 env spill report delayed (Sara B.),COMPLIANCE,hard_synthetic_v2
2025-11-06 T91284: excavator out 3 days - not returned (getachew),PROJECT_RESOURCE,hard_synthetic_v2
cost code changed on PO by Marta T.,FINANCIAL,hard_synthetic_v2
permit submitted after work started (Selam F.),COMPLIANCE,hard_synthetic_v2
T28560: temporary entry - commercial rates shared outside (sara b.),REPORT_DOCUMENT,hard_synthetic_v2
from the meeting - excavator out 15 days - not returned (Solomon A.),PROJECT_RESOURCE,hard_synthetic_v2
"expense claim ETB 792,000 from Kidus A.",FINANCIAL,hard_synthetic_v2
for your action - unapproved edit to record by tigist,DATA_INTEGRITY,hard_synthetic_v2
temporary entry - file shared to partner@ext.com by Samuel,REPORT_DOCUMENT,hard_synthetic_v2
measurement sheet deleted (Abebe K.),DATA_INTEGRITY,hard_synthetic_v2
2026-04-11 measurement sheet deleted (Meron T.),DATA_INTEGRITY,hard_synthetic_v2
flagged item,USER_ACTIVITY,hard_synthetic_v2
invoice #5388 created by hanna a.,FINANCIAL,hard_synthetic_v2
T64942: fuel burn above baseline (Getachew),PROJECT_RESOURCE,hard_synthetic_v2
hold point skipped on foundation (kidus a.),COMPLIANCE,hard_synthetic_v2
T59656: contractor review score 62/100 by henok t.,PROJECT_RESOURCE,hard_synthetic_v2
urgent - geo anomaly: Helen appeared in two cities same day,SECURITY,hard_synthetic_v2
role misuse flagged for dawit h.,USER_ACTIVITY,hard_synthetic_v2
2026-06-26 password reset requested then cancelled (getachew),PROJECT_RESOURCE,hard_synthetic_v2
check Meron T. activity unapproved edit to record,DATA_INTEGRITY,hard_synthetic_v2
test results changed without approval (dawit h.),DATA_INTEGRITY,hard_synthetic_v2
file shared to client@own.org by Henok T.,DATA_INTEGRITY,hard_synthetic_v2
T49419: material overuse logged on Site 3,PROJECT_RESOURCE,hard_synthetic_v2
2025-10-03 T25276: fuel burn above baseline (Biruk M.),PROJECT_RESOURCE,hard_synthetic_v2
as discussed - cost code changed on PO by Marta T.,FINANCIAL,hard_synthetic_v2
rebar over-ordered 47% block C,PROJECT_RESOURCE,hard_synthetic_v2
qa plan changed post-approval (mesfin) - site lay,REPORT_DOCUMENT,hard_synthetic_v2
hold point skipped on foundation (Meron T.),COMPLIANCE,hard_synthetic_v2
reprot problem QA plan changed post-approval,REPORT_DOCUMENT,hard_synthetic_v2
T56663: fuel burn above baseline (henok t.),PROJECT_RESOURCE,hard_synthetic_v2
kidus a. log-in failed from 197.213.64.215,SECURITY,hard_synthetic_v2
2026-01-06 approved ms edited after acceptance (hanna a.),REPORT_DOCUMENT,hard_synthetic_v2
208 edits in under 5 min by Hanna A. - ezih,USER_ACTIVITY,hard_synthetic_v2
2026-01-24 as discussed - Sara B. tried admin console - denied,SECURITY,hard_synthetic_v2
2025-05-13 password reset requested then cancelled (Rahel G.),SECURITY,hard_synthetic_v2
"payment of ETB 465,000 approved by Sara B. | see attachment",FINANCIAL,hard_synthetic_v2
Lidya W. changed IP during session | temporary entry,SECURITY,hard_synthetic_v2
2025-04-16 T75501: toolbox talk sheet missing (samuel),COMPLIANCE,hard_synthetic_v2
repeated open of restricted folder by dawit h.,USER_ACTIVITY,hard_synthetic_v2
2025-10-19 T38516: multiple faild logins on solomon a. account,SECURITY,hard_synthetic_v2
"T41325: cash advance ETB 535,000 logged by Kidus A.",FINANCIAL,hard_synthetic_v2
odd behaviour dormant account Dawit H.,USER_ACTIVITY,hard_synthetic_v2
certificate PDF swapped by Bereket D.,DATA_INTEGRITY,hard_synthetic_v2
anomaly noted,USER_ACTIVITY,hard_synthetic_v2
drawing pack uploaded by Yonas G.,REPORT_DOCUMENT,hard_synthetic_v2
henok t. changed ip during session,REPORT_DOCUMENT,hard_synthetic_v2
"per site instruction - expense claim ETB 361,000 from Bereket D.",FINANCIAL,hard_synthetic_v2
hold point skipped on foundation (helen),COMPLIANCE,hard_synthetic_v2
excavator out 10 days - not returned (Bereket D.),PROJECT_RESOURCE,hard_synthetic_v2
certificate PDF swapped by Bereket D.,DATA_INTEGRITY,hard_synthetic_v2
noted on site - external share of project file (Helen),REPORT_DOCUMENT,hard_synthetic_v2
drawing pack uploaded by mesfin,REPORT_DOCUMENT,hard_synthetic_v2
checklist incomplete for pour #6,COMPLIANCE,hard_synthetic_v2
T90777: excavator out 13 days - not returned (Marta T.) - site lay,PROJECT_RESOURCE,hard_synthetic_v2
file shared to client@own.org by Henok T.,REPORT_DOCUMENT,hard_synthetic_v2
T39715: awaiting confirmation - geo anomaly: Dawit H. appeared in two cities same day,SECURITY,hard_synthetic_v2
2025-05-07 contractor review score 74/100 by Hanna A. - please confirm,PROJECT_RESOURCE,hard_synthetic_v2
check Lidya W. activity,COMPLIANCE,hard_synthetic_v2
attendance history row removed by Rahel G.,DATA_INTEGRITY,hard_synthetic_v2
checklist incomplete for pour #39,COMPLIANCE,hard_synthetic_v2
external share of project file (selam f.),COMPLIANCE,hard_synthetic_v2
test results changed without aproval (Samuel),DATA_INTEGRITY,hard_synthetic_v2
T51616: session from unknown device (Solomon A.),SECURITY,hard_synthetic_v2
2026-12-26 T64885: check Mesfin activity,PROJECT_RESOURCE,hard_synthetic_v2
T22641: material overuse logged on site 3,PROJECT_RESOURCE,hard_synthetic_v2
failed authentication for Marta T.,SECURITY,hard_synthetic_v2
contractor import replaced values (Hanna A.),DATA_INTEGRITY,hard_synthetic_v2
"cash advance etb 553,000 logged by meron t.",FINANCIAL,hard_synthetic_v2
milestone 'finishes' delayed (Samuel),PROJECT_RESOURCE,hard_synthetic_v2
T14203: bulk delete of 207 rows by Bereket D. | from the meeting,USER_ACTIVITY,hard_synthetic_v2
milestone 'facade' delayed (Meron T.),PROJECT_RESOURCE,hard_synthetic_v2
generator hours high vs plan (Rahel G.) (check),PROJECT_RESOURCE,hard_synthetic_v2
as-built ZIP downloaded by Mesfin,REPORT_DOCUMENT,hard_synthetic_v2
measurement sheet deleted (hanna a.),DATA_INTEGRITY,hard_synthetic_v2
user list exported by Solomon A. after hours,USER_ACTIVITY,hard_synthetic_v2
cost code changed on PO by Henok T.,FINANCIAL,hard_synthetic_v2
invoice #3357 deleted after payment (Henok T.),FINANCIAL,hard_synthetic_v2
178 edits in under 5 min by lidya w.,USER_ACTIVITY,hard_synthetic_v2
session from unknown device (dawit h.),SECURITY,hard_synthetic_v2
scaffold parts missing after demob (Solomon A.),PROJECT_RESOURCE,hard_synthetic_v2
generator hours high vs plan (sara b.),PROJECT_RESOURCE,hard_synthetic_v2
T91928: repeated open of restricted folder by Tigist,USER_ACTIVITY,hard_synthetic_v2
2026-12-25 problem on Hawassa P2 policy breach recorded for,COMPLIANCE,hard_synthetic_v2
permision raised for Kidus A. without approval,SECURITY,hard_synthetic_v2
2025-08-14 milestone 'foundation' delayed (tigist),DATA_INTEGRITY,hard_synthetic_v2
commercial rates shared outside (Abebe K.) - please confirm,REPORT_DOCUMENT,hard_synthetic_v2
env spill report delayed (Rahel G.),COMPLIANCE,hard_synthetic_v2
budget increased 43% on alr ext by bereket d.,FINANCIAL,hard_synthetic_v2
2025-06-11 as discussed - multiple faild logins on Selam F. account,SECURITY,hard_synthetic_v2
contract PDF mailed externally (Lidya W.),REPORT_DOCUMENT,hard_synthetic_v2
role misuse flagged for Getachew | temporary entry,USER_ACTIVITY,hard_synthetic_v2
105 edits in under 5 min by Lidya W. - site lay,USER_ACTIVITY,hard_synthetic_v2
policy breach recorded for Getachew - ezih,COMPLIANCE,hard_synthetic_v2
Abebe K. login failed from 197.54.226.127,SECURITY,hard_synthetic_v2
"expense claim etb 29,000 from solomon a. - ezih",FINANCIAL,hard_synthetic_v2
T26197: NCR closed without QM signature (Hanna A.),COMPLIANCE,hard_synthetic_v2
site report late by 6 days (Sara B.),COMPLIANCE,hard_synthetic_v2
contractor import replaced values (Tigist) - ezih,DATA_INTEGRITY,hard_synthetic_v2
"expense claim ETB 207,000 from Lidya W.",FINANCIAL,hard_synthetic_v2
toolbox talk sheet missing (selam f.),COMPLIANCE,hard_synthetic_v2
as-built ZIP downloaded by Helen,REPORT_DOCUMENT,hard_synthetic_v2
T18945: env spill report delayed (Sara B.),COMPLIANCE,hard_synthetic_v2
external data import by abebe k.,DATA_INTEGRITY,hard_synthetic_v2
NCR closed without QM signature (Solomon A.) | from the meeting,COMPLIANCE,hard_synthetic_v2
2025-11-18 budget line edit on bd hospital (abebe k.),FINANCIAL,hard_synthetic_v2
2026-10-24 T68929: for your action - duplicate invoice #6696 entered,FINANCIAL,hard_synthetic_v2
policy breach recorded for Getachew,COMPLIANCE,hard_synthetic_v2
document export by Sara B. - ezih,DATA_INTEGRITY,hard_synthetic_v2
T70286: as-built rev changed after client sign-off (Lidya W.),DATA_INTEGRITY,hard_synthetic_v2
T73461: CSV import overwrote approved qty (Bereket D.),DATA_INTEGRITY,hard_synthetic_v2
Sara B. opened finance module (not their role),USER_ACTIVITY,hard_synthetic_v2
T90216: contractor review score 63/100 by Getachew,PROJECT_RESOURCE,hard_synthetic_v2
"cash advance ETB 442,000 logged by Helen",FINANCIAL,hard_synthetic_v2
issue with yonas g. env spill report delayed,COMPLIANCE,hard_synthetic_v2
env spill report delayed (Kidus A.) - site lay,COMPLIANCE,hard_synthetic_v2
need follow up - Rahel G. modified contingency on Site 3,FINANCIAL,hard_synthetic_v2
T47631: 104 edits in under 5 min by Getachew,USER_ACTIVITY,hard_synthetic_v2
T73325: certificate PDF swapped by Hanna A. | please check,DATA_INTEGRITY,hard_synthetic_v2
need follow up - test results changed without approval (Lidya W.),DATA_INTEGRITY,hard_synthetic_v2
duplicate invioce #3640 entered - ezih,FINANCIAL,hard_synthetic_v2
external data import by Rahel G.,DATA_INTEGRITY,hard_synthetic_v2
marta t. modified contingency on site 3,FINANCIAL,hard_synthetic_v2
commercial rates shared outside (Meron T.),REPORT_DOCUMENT,hard_synthetic_v2
as-built ZIP downloaded by Marta T.,SECURITY,hard_synthetic_v2
external share of project file (Hanna .),REPORT_DOCUMENT,hard_synthetic_v2
external share of project file (Meron T.),REPORT_DOCUMENT,hard_synthetic_v2
2026-04-02 document exprot by Biruk M.,REPORT_DOCUMENT,hard_synthetic_v2
site reprot late by 14 days (helen),COMPLIANCE,hard_synthetic_v2
"cash advance ETB 372,000 logged by Samuel",FINANCIAL,hard_synthetic_v2
Samuel tried admin console - denied,REPORT_DOCUMENT,hard_synthetic_v2
2025-10-21 temporary entry - suspicious login pattern detected (Lidya W.),SECURITY,hard_synthetic_v2
please check - env spill report delayed (getachew),COMPLIANCE,hard_synthetic_v2
2025-06-10 Hanna A. modified contingency on Adama IP,FINANCIAL,hard_synthetic_v2
2025-12-23 T66154: file shared to sub@con.et by Meron T.,REPORT_DOCUMENT,hard_synthetic_v2
duplicate supplier invoice #6688,DATA_INTEGRITY,hard_synthetic_v2
anomaly noted duplicate supplier invoice #4452,DATA_INTEGRITY,hard_synthetic_v2
T61331: unauthorized access attempt by Biruk M. | from the meeting,SECURITY,hard_synthetic_v2
T70817: certificate pdf swapped by mesfin,FINANCIAL,hard_synthetic_v2
urgent - payment run for horizon mat by tigist,FINANCIAL,hard_synthetic_v2
permission raised for rahel g. without approval,SECURITY,hard_synthetic_v2
subcon Horizon Mat NCR list updated by Mesfin,PROJECT_RESOURCE,hard_synthetic_v2
generator hours high vs plan (Bereket D.),PROJECT_RESOURCE,hard_synthetic_v2
repeated open of restricted folder by Meron T.,USER_ACTIVITY,hard_synthetic_v2
commercial rates shared outside (Solomon A.),REPORT_DOCUMENT,hard_synthetic_v2
drawing pack uploaded by mesfin (check),REPORT_DOCUMENT,hard_synthetic_v2
Bereket D. login failed from 197.4.236.148,SECURITY,hard_synthetic_v2
noted on site - site report late by 13 days (Samuel),COMPLIANCE,hard_synthetic_v2
as-built ZIP downloaded by Marta T.,REPORT_DOCUMENT,hard_synthetic_v2
2026-08-23 method statement still draft but signed (Helen),COMPLIANCE,hard_synthetic_v2
report problem excavator out 7 days,PROJECT_RESOURCE,hard_synthetic_v2
engineer Abebe K. tried to approve payment,USER_ACTIVITY,hard_synthetic_v2
mass status edit (100 tasks) by getachew,USER_ACTIVITY,hard_synthetic_v2
cement overuse 30% on Site 3 (Abebe K.) - please confirm,PROJECT_RESOURCE,hard_synthetic_v2
2026-09-03 T25428: problem on DD Warehouse multiple failed logins on,SECURITY,hard_synthetic_v2
milestone 'MEP 1st fix' delayed (Solomon A.),PROJECT_RESOURCE,hard_synthetic_v2
document export by Hanna A.,COMPLIANCE,hard_synthetic_v2
document exprot by getachew,FINANCIAL,hard_synthetic_v2
drawing pack uploaded by Mesfin,REPORT_DOCUMENT,hard_synthetic_v2
mesfin opened finance module (not their role),USER_ACTIVITY,hard_synthetic_v2
138 edits in under 5 min by sara b.,USER_ACTIVITY,hard_synthetic_v2
dormant account Sara B. active after 15 months,USER_ACTIVITY,hard_synthetic_v2
measurement sheet deleeted (tigist),DATA_INTEGRITY,hard_synthetic_v2
bulk delete of 48 rows by Henok T. | need follow up,USER_ACTIVITY,hard_synthetic_v2
T37551: commercial rates shared outside (Abebe K.) | noted on site - site lay,REPORT_DOCUMENT,hard_synthetic_v2
large payment released without second sign-off (Mesfin) | need follow up,FINANCIAL,hard_synthetic_v2
hold point skipped on foundation (Marta T.),COMPLIANCE,hard_synthetic_v2
T51727: external data import by Hanna A.,DATA_INTEGRITY,hard_synthetic_v2
approval bypassed on wo-727 by henok t.,COMPLIANCE,hard_synthetic_v2
budget increased 26% on Hawassa P2 by Mesfin,FINANCIAL,hard_synthetic_v2
2026-01-25 please investigate cement overuse 19% on,PROJECT_RESOURCE,hard_synthetic_v2
doc export by Marta T.,REPORT_DOCUMENT,hard_synthetic_v2
flagged item full cost DB exported,REPORT_DOCUMENT,hard_synthetic_v2
as discussed - permision raised for Getachew without approval,SECURITY,hard_synthetic_v2
duplicate supplier invoice #9998,DATA_INTEGRITY,hard_synthetic_v2
large payment released without second sign-off (Biruk M.),REPORT_DOCUMENT,hard_synthetic_v2
issue with rahel g. - ezih,REPORT_DOCUMENT,hard_synthetic_v2
212 edits in under 5 min by Selam F.,USER_ACTIVITY,hard_synthetic_v2
T54381: rebar over-ordered 11% block A,PROJECT_RESOURCE,hard_synthetic_v2
toolbox talk sheet missing (Bereket D.),COMPLIANCE,hard_synthetic_v2
hold point skipped on foundation (Abebe K.),COMPLIANCE,hard_synthetic_v2
115 edits in under 5 min by Samuel,USER_ACTIVITY,hard_synthetic_v2
2026-10-18 toolbox talk sheet missing (Tigist),COMPLIANCE,hard_synthetic_v2
bugdet increased 19% on Hawassa P2 by Selam F.,FINANCIAL,hard_synthetic_v2
Getachew tried admin console - denied,SECURITY,hard_synthetic_v2
2025-12-21 permission raised for Marta T. without approval,SECURITY,hard_synthetic_v2
data issue,DATA_INTEGRITY,hard_synthetic_v2
T37475: session from unknown device (sara b.) - please confirm,SECURITY,hard_synthetic_v2
2025-10-13 dormant account Helen active after 12 months,USER_ACTIVITY,hard_synthetic_v2
T98217: unapproved edit to record by Tigist,SECURITY,hard_synthetic_v2
as-built ZIP downloaded by Helen,REPORT_DOCUMENT,hard_synthetic_v2
2026-04-09 site report late by 16 days (Henok T.),COMPLIANCE,hard_synthetic_v2
permission raised for bereket d. without approval,SECURITY,hard_synthetic_v2
2025-12-03 external share of project file (Biruk M.),REPORT_DOCUMENT,hard_synthetic_v2
as-built ZIP downloaded by Getachew,REPORT_DOCUMENT,hard_synthetic_v2
password reset requested then cancelled (samuel),SECURITY,hard_synthetic_v2
NCR closed without QM signature (Bereket D.),COMPLIANCE,hard_synthetic_v2
contractor review score 57/100 by Lidya W.,PROJECT_RESOURCE,hard_synthetic_v2
2025-01-08 unusual activity volume by Biruk M.,USER_ACTIVITY,hard_synthetic_v2
2026-08-17 env spill report delayed (Selam F.),COMPLIANCE,hard_synthetic_v2
contractor review score 80/100 by biruk m.,PROJECT_RESOURCE,hard_synthetic_v2
large payment released without second sign-off (hanna a.),FINANCIAL,hard_synthetic_v2
CSV import overwrote approved qty (Solomon A.),DATA_INTEGRITY,hard_synthetic_v2
approval bypassed on WO-416 by Selam F.,COMPLIANCE,hard_synthetic_v2
bulk reassign 195 tasks - no comment (henok t.),USER_ACTIVITY,hard_synthetic_v2
yonas g. tried admin console - denied,SECURITY,hard_synthetic_v2
bugdet line edit on Bole Tower (Henok T.),FINANCIAL,hard_synthetic_v2
late submission of daily report (Selam F.),COMPLIANCE,hard_synthetic_v2
T51915: certificate PDF swapped by Kidus A.,DATA_INTEGRITY,hard_synthetic_v2
2025-10-18 password reset requested then cancelled (Biruk M.),SECURITY,hard_synthetic_v2
T87565: toolbox talk sheet missing (henok t.),COMPLIANCE,hard_synthetic_v2
measurement sheet deleted (Getachew) | urgent,DATA_INTEGRITY,hard_synthetic_v2
scaffold parts missing after demob (Samuel),PROJECT_RESOURCE,hard_synthetic_v2
payment run for Abyssinia Hire by Solomon .,FINANCIAL,hard_synthetic_v2
site report late by 11 days (dawit h.),COMPLIANCE,hard_synthetic_v2
cement overuse 8% on Site 3 (Tigist),PROJECT_RESOURCE,hard_synthetic_v2
Bereket D. login failed from 197.12.175.4,SECURITY,hard_synthetic_v2
material overuse logged on site 3,PROJECT_RESOURCE,hard_synthetic_v2
temporary entry - Henok T. tried admin console - denied,SECURITY,hard_synthetic_v2
equipment checkout overdue (Henok T.),PROJECT_RESOURCE,hard_synthetic_v2
duplicate invoice #1246 entered,COMPLIANCE,hard_synthetic_v2
2026-07-17 bulk delete of 204 rows by kidus a. (check),USER_ACTIVITY,hard_synthetic_v2
2026-01-19 test results changed without approval (Rahel G.) | temporary entry,DATA_INTEGRITY,hard_synthetic_v2
check Kidus A. activity 53 edits in under,USER_ACTIVITY,hard_synthetic_v2
external share of project file (Biruk M.),REPORT_DOCUMENT,hard_synthetic_v2
T90235: external share of project file (biruk m.),REPORT_DOCUMENT,hard_synthetic_v2
2026-09-09 QA plan changed post-approval (Getachew),REPORT_DOCUMENT,hard_synthetic_v2
"needs review payment of ETB 648,000",FINANCIAL,hard_synthetic_v2
T10313: test results changed without approval (getachew),DATA_INTEGRITY,hard_synthetic_v2
per site instruction - old spec rev deleted (Meron T.) - please confirm,REPORT_DOCUMENT,hard_synthetic_v2
document export by tigist,REPORT_DOCUMENT,hard_synthetic_v2
attendance history row removed by kidus a. | see attachment,DATA_INTEGRITY,hard_synthetic_v2
structure slipped 2 days (Dawit H.),PROJECT_RESOURCE,hard_synthetic_v2
failed authentication for Helen,PROJECT_RESOURCE,hard_synthetic_v2
data issue geo anomaly: abebe k.,SECURITY,hard_synthetic_v2
2025-02-04 qty take-off altered - no CO (Samuel),DATA_INTEGRITY,hard_synthetic_v2
T77740: per site instruction - contractor review score 59/100 by Hanna A.,PROJECT_RESOURCE,hard_synthetic_v2
old spec rev deleted (Solomon A.),REPORT_DOCUMENT,hard_synthetic_v2
drawing pack uploaded by yonas g.,DATA_INTEGRITY,hard_synthetic_v2
T54444: equipment checkout overdue (Dawit H.),PROJECT_RESOURCE,hard_synthetic_v2
user list exported by Rahel G. after hours,USER_ACTIVITY,hard_synthetic_v2
external share of project file (Lidya W.),REPORT_DOCUMENT,hard_synthetic_v2
ncr closed without qm signature (bereket d.),COMPLIANCE,hard_synthetic_v2
failed authentication for Abebe K.,SECURITY,hard_synthetic_v2
2026-04-28 T34834: site report late by 8 days (Tigist),COMPLIANCE,hard_synthetic_v2
password reset requested then cancelled (Sara B.) | noted on site,SECURITY,hard_synthetic_v2
late submission of daily report (mesfin),COMPLIANCE,hard_synthetic_v2
sensitive salary data viewed by Dawit H.,USER_ACTIVITY,hard_synthetic_v2
T25927: QA plan changed post-approval (Mesfin),REPORT_DOCUMENT,hard_synthetic_v2
external share of project file (getachew),REPORT_DOCUMENT,hard_synthetic_v2
"payment of ETB 536,000 approved by Helen",FINANCIAL,hard_synthetic_v2
NCR closed without QM signature (Henok T.),COMPLIANCE,hard_synthetic_v2
user list exported by Yonas G. after hours,USER_ACTIVITY,hard_synthetic_v2
permit submitted after work started (Solomon A.),REPORT_DOCUMENT,hard_synthetic_v2
contractor import replaced values (abebe k.),DATA_INTEGRITY,hard_synthetic_v2
T89078: commercial rates shared outside (Mesfin),REPORT_DOCUMENT,hard_synthetic_v2
unauthorized access attempt by Selam F.,SECURITY,hard_synthetic_v2
2026-07-13 dormant account Getachew active after 12 months,USER_ACTIVITY,hard_synthetic_v2
2026-12-25 toolbox talk sheet missing (yonas g.),COMPLIANCE,hard_synthetic_v2
file shared to client@own.org by Helen,REPORT_DOCUMENT,hard_synthetic_v2
PPE violation noted for crew of Lidya W.,COMPLIANCE,hard_synthetic_v2
T68763: Biruk M. log-in failed from 197.155.190.174,SECURITY,hard_synthetic_v2
drawing pack uploaded by Marta T.,REPORT_DOCUMENT,hard_synthetic_v2
cement overuse 9% on site 3 (hanna a.),PROJECT_RESOURCE,hard_synthetic_v2
unauthorized access attempt by solomon a.,SECURITY,hard_synthetic_v2
bulk delete of 107 rows by selam f.,USER_ACTIVITY,hard_synthetic_v2
equipment checkout overdue (getachew),PROJECT_RESOURCE,hard_synthetic_v2
2025-05-01 drawing pack uploaded by rahel g.,REPORT_DOCUMENT,hard_synthetic_v2
duplicate invoice #4526 entered,FINANCIAL,hard_synthetic_v2
T54545: needs review duplicate supplier invoice #6103,DATA_INTEGRITY,hard_synthetic_v2
scaffold parts missing after demob (selam f.),PROJECT_RESOURCE,hard_synthetic_v2
2026-12-15 structure slipped 12 days (marta t.),DATA_INTEGRITY,hard_synthetic_v2
31 edits in under 5 min by kidus .,USER_ACTIVITY,hard_synthetic_v2
2025-01-10 test results changed without approval (Kidus A.) - site lay,DATA_INTEGRITY,hard_synthetic_v2
budget line edit on Site 3 (Selam F.),FINANCIAL,hard_synthetic_v2
report problem,FINANCIAL,hard_synthetic_v2
anomaly noted qa plan changed post-approval,REPORT_DOCUMENT,hard_synthetic_v2
T14631: full cost DB exproted by Rahel G.,REPORT_DOCUMENT,hard_synthetic_v2
document exprot by hanna a. - ezih,REPORT_DOCUMENT,hard_synthetic_v2
Yonas G. login failed from 197.30.121.137,SECURITY,hard_synthetic_v2
2026-08-02 large payment released without second sign-off (getachew) - ezih,FINANCIAL,hard_synthetic_v2
certificate PDF swapped by Henok T.,DATA_INTEGRITY,hard_synthetic_v2
bulk reassign 94 tasks - no comment (Dawit H.),USER_ACTIVITY,hard_synthetic_v2
Bereket D. tried admin console - denied (check),SECURITY,hard_synthetic_v2
mass status edit (155 tasks) by rahel g.,USER_ACTIVITY,hard_synthetic_v2
2026-08-24 T48548: faild authentication for Abebe K.,SECURITY,hard_synthetic_v2
2026-06-19 T64307: policy breach recorded for Yonas G.,COMPLIANCE,hard_synthetic_v2
"cash advance ETB 279,000 logged by Dawit H.",FINANCIAL,hard_synthetic_v2
T93263: need follow up - hold point skipped on foundation (Rahel G.),COMPLIANCE,hard_synthetic_v2
CSV import overwrote approved qty (Biruk M.),DATA_INTEGRITY,hard_synthetic_v2
as-built ZIP downloaded by Marta T. | from the meeting - site lay,REPORT_DOCUMENT,hard_synthetic_v2
2025-03-16 T65247: drawing pack uploaded by Dawit H. - site lay,REPORT_DOCUMENT,hard_synthetic_v2
per site instruction - Sara B. modified contingency on BD Hospital,FINANCIAL,hard_synthetic_v2
T19626: equipement checkout overdue (Hanna A.) - please confirm,PROJECT_RESOURCE,hard_synthetic_v2
unusual activity volume by helen,USER_ACTIVITY,hard_synthetic_v2
access concern test results changed without,DATA_INTEGRITY,hard_synthetic_v2
engineer biruk m. tried to approve payment,USER_ACTIVITY,hard_synthetic_v2
T21727: hold point skipped on foundation (Selam F.) | awaiting confirmation,COMPLIANCE,hard_synthetic_v2
toolbox talk sheet missing (Bereket D.),COMPLIANCE,hard_synthetic_v2
sensitive salary data viewed by Marta T.,COMPLIANCE,hard_synthetic_v2
commercial rates shared outside (Rahel G.),REPORT_DOCUMENT,hard_synthetic_v2
2026-03-12 temporary entry - password reset requested then cancelled (Kidus A.),SECURITY,hard_synthetic_v2
progress reprot generated for Bole Tower (Marta T.) | please check,REPORT_DOCUMENT,hard_synthetic_v2
equipment checkout overdue (yonas g.),PROJECT_RESOURCE,hard_synthetic_v2
anomaly noted,SECURITY,hard_synthetic_v2
large payment released without second sign-off (Selam F.) | noted on site,FINANCIAL,hard_synthetic_v2
T37223: flagged item,SECURITY,hard_synthetic_v2
role misuse flagged for Getachew,USER_ACTIVITY,hard_synthetic_v2
payment run for Ethio Steel by Kidus A.,FINANCIAL,hard_synthetic_v2
unauthorized access attempt by Yonas G.,SECURITY,hard_synthetic_v2
2026-04-14 for your action - test results changed without approval (Tigist),DATA_INTEGRITY,hard_synthetic_v2
T99333: material overuse logged on Site 3,PROJECT_RESOURCE,hard_synthetic_v2
file shared to client@own.org by sara b.,REPORT_DOCUMENT,hard_synthetic_v2
contractor import replaced values (Henok T.),DATA_INTEGRITY,hard_synthetic_v2
file shared to sub@con.et by Meron T. | for your action,REPORT_DOCUMENT,hard_synthetic_v2
user list exported by Yonas G. after hours,USER_ACTIVITY,hard_synthetic_v2
cement overuse 5% on BD Hospital (Hanna A.),PROJECT_RESOURCE,hard_synthetic_v2
anomaly noted,COMPLIANCE,hard_synthetic_v2
2025-08-19 toolbox talk sheet missing (Marta T.) - site lay,COMPLIANCE,hard_synthetic_v2
T52705: Kidus A. tried admin console - denied | temporary entry,SECURITY,hard_synthetic_v2
progress report generated for Site 3 (Hanna A.),REPORT_DOCUMENT,hard_synthetic_v2
progress reprot generated for Adama IP (Mesfin),REPORT_DOCUMENT,hard_synthetic_v2
milestone 'facade' delayed (Abebe K.),PROJECT_RESOURCE,hard_synthetic_v2
bulk delete of 202 rows by Lidya W.,USER_ACTIVITY,hard_synthetic_v2
session from unknown device (Helen),SECURITY,hard_synthetic_v2
test results changed without approval (Mesfin),DATA_INTEGRITY,hard_synthetic_v2
T43915: generator hours high vs plan (Biruk M.),PROJECT_RESOURCE,hard_synthetic_v2
engineer samuel tried to approve paymant,USER_ACTIVITY,hard_synthetic_v2
T62024: structure slipped 14 days (lidya w.),PROJECT_RESOURCE,hard_synthetic_v2
hold point skipped on foundation (Marta T.),COMPLIANCE,hard_synthetic_v2
checklist incomplete for pour #44,REPORT_DOCUMENT,hard_synthetic_v2
problem on BD Hospital,PROJECT_RESOURCE,hard_synthetic_v2
unapproved edit to record by Sara B.,DATA_INTEGRITY,hard_synthetic_v2
sensitive salary data viewed by Mesfin | temporary entry,USER_ACTIVITY,hard_synthetic_v2
QA plan changed post-approval (Sara B.),REPORT_DOCUMENT,hard_synthetic_v2
engineer Sara B. tried to approve payment,USER_ACTIVITY,hard_synthetic_v2
document export by Kidus A. | please check,REPORT_DOCUMENT,hard_synthetic_v2
cement overuse 18% on site 3 (bereket d.),PROJECT_RESOURCE,hard_synthetic_v2
T65536: mass status edit (213 tasks) by Helen,USER_ACTIVITY,hard_synthetic_v2
file shared to sub@con.et by Mesfin,REPORT_DOCUMENT,hard_synthetic_v2
large payment released without second sign-off (Kidus A.),FINANCIAL,hard_synthetic_v2
permission raised for Helen without aproval,SECURITY,hard_synthetic_v2
invoice #5224 created by Abebe K.,FINANCIAL,hard_synthetic_v2
unauthorized access attempt by Rahel G.,SECURITY,hard_synthetic_v2
geo anomaly: Tigist appeared in two cities same day,SECURITY,hard_synthetic_v2
2025-07-20 bulk reassign 132 tasks - no comment (Abebe K.),USER_ACTIVITY,hard_synthetic_v2
2026-12-24 permission raised for Kidus A. without aproval,SECURITY,hard_synthetic_v2
Sara B. opened finance module (not their role) - site lay,USER_ACTIVITY,hard_synthetic_v2
T50883: unauthorized access attempt by Meron T.,SECURITY,hard_synthetic_v2
contractor import replaced values (selam f.),DATA_INTEGRITY,hard_synthetic_v2
invioce #6004 created by Dawit H.,FINANCIAL,hard_synthetic_v2
duplicate supplier invoice #7882,DATA_INTEGRITY,hard_synthetic_v2
file shared to sub@con.et by Marta T. - ezih,REPORT_DOCUMENT,hard_synthetic_v2
duplicate invoice #2816 entered,FINANCIAL,hard_synthetic_v2
for your action - Getachew login failed from 197.71.99.75,SECURITY,hard_synthetic_v2
qty take-off altered - no CO (Sara B.),DATA_INTEGRITY,hard_synthetic_v2
T79037: bulk reassign 16 tasks - no comment (marta t.),USER_ACTIVITY,hard_synthetic_v2
for your action - budget line edit on alr ext (tigist),FINANCIAL,hard_synthetic_v2
checklist incomplete for pour #17,COMPLIANCE,hard_synthetic_v2
noted on site - approved ms edited after acceptance (yonas g.),REPORT_DOCUMENT,hard_synthetic_v2
abebe k. opened finance module (not their role),USER_ACTIVITY,hard_synthetic_v2
suspicious login pattern detected (Meron T.),SECURITY,hard_synthetic_v2
as-built ZIP downloaded by Tigist | as discussed,REPORT_DOCUMENT,hard_synthetic_v2
as-built rev changed after client sign-off (Henok T.) - please confirm,DATA_INTEGRITY,hard_synthetic_v2
T19972: milestone 'facade' delayed (getachew),PROJECT_RESOURCE,hard_synthetic_v2
subcon ethio steel ncr list updated by hanna a.,PROJECT_RESOURCE,hard_synthetic_v2
T65860: flagged item,FINANCIAL,hard_synthetic_v2
unapproved edit to record by Samuel,DATA_INTEGRITY,hard_synthetic_v2
problem on BD Hospital budget line edit on,FINANCIAL,hard_synthetic_v2
2026-04-28 T98023: invioce #4491 deleted after paymant (Helen) | awaiting confirmation,FINANCIAL,hard_synthetic_v2
failed authentication for Biruk M.,SECURITY,hard_synthetic_v2
2025-04-05 from meeting - mass status edit (217 tasks) by Getachew,USER_ACTIVITY,hard_synthetic_v2
T47988: Sara B. opened finance module (not their role) - ezih,USER_ACTIVITY,hard_synthetic_v2
Meron T. modified contingency on ALR Ext,FINANCIAL,hard_synthetic_v2
T94762: rebar over-ordered 47% block B,PROJECT_RESOURCE,hard_synthetic_v2
delivery note DN-290 edited after lock by Marta T.,DATA_INTEGRITY,hard_synthetic_v2
progress report generated for bd hospital (kidus a.),REPORT_DOCUMENT,hard_synthetic_v2
T36503: progress report generated for alr ext (yonas g.),REPORT_DOCUMENT,hard_synthetic_v2
large payment released without second sign-off (Helen) - please confirm,FINANCIAL,hard_synthetic_v2
file shared to sub@con.et by Samuel,REPORT_DOCUMENT,hard_synthetic_v2
qty take-off altered - no CO (Selam F.),DATA_INTEGRITY,hard_synthetic_v2
method statement still draft but signed (Hanna A.),COMPLIANCE,hard_synthetic_v2
noted on site - duplicate invoice #1300 entered,FINANCIAL,hard_synthetic_v2
odd hour login by Kidus A. at 22:00,USER_ACTIVITY,hard_synthetic_v2
subcon ethio steel ncr list updated by kidus .,PROJECT_RESOURCE,hard_synthetic_v2
budget increased 44% on Bole Tower by Rahel G.,FINANCIAL,hard_synthetic_v2
session from unknown device (Solomon A.) - please confirm,SECURITY,hard_synthetic_v2
old spec rev deleted (selam f.),REPORT_DOCUMENT,hard_synthetic_v2
toolbox talk sheet missing (Getachew),COMPLIANCE,hard_synthetic_v2
equipment checkout overdue (Henok T.),PROJECT_RESOURCE,hard_synthetic_v2
2026-05-28 csv import overwrote approved qty (yonas g.),DATA_INTEGRITY,hard_synthetic_v2
external data import by Marta T.,DATA_INTEGRITY,hard_synthetic_v2
2026-02-07 payment run for Horizon Mat by Bereket D.,FINANCIAL,hard_synthetic_v2
cost code changed on PO by Kidus A.,FINANCIAL,hard_synthetic_v2
unusual activity volume by Henok T.,USER_ACTIVITY,hard_synthetic_v2
T74306: Meron T. login failed from 197.51.121.239 (check),SECURITY,hard_synthetic_v2
Bereket D. modified contingency on Bole Tower - site lay,FINANCIAL,hard_synthetic_v2
cement overuse 15% on dd warehouse (bereket d.) - ezih,PROJECT_RESOURCE,hard_synthetic_v2
unusual activity volume by Bereket D.,USER_ACTIVITY,hard_synthetic_v2
2025-01-21 T29706: drawing pack uploaded by Samuel,REPORT_DOCUMENT,hard_synthetic_v2
commercial rates shared outside (sara b.),REPORT_DOCUMENT,hard_synthetic_v2
marta t. tried admin console - denied,USER_ACTIVITY,hard_synthetic_v2
measurement sheet deleted (lidya w.),DATA_INTEGRITY,hard_synthetic_v2
T58613: contract PDF mailed externally (Bereket D.),REPORT_DOCUMENT,hard_synthetic_v2
permit submitted after work started (Getachew),COMPLIANCE,hard_synthetic_v2
problem on ALR Ext generator hours high vs,PROJECT_RESOURCE,hard_synthetic_v2
Solomon A. changed IP during session,SECURITY,hard_synthetic_v2
qa plan changed post-aproval (getachew),REPORT_DOCUMENT,hard_synthetic_v2
commercial rates shared outside (Getachew),REPORT_DOCUMENT,hard_synthetic_v2
T11913: unusual activity volume by Abebe K.,USER_ACTIVITY,hard_synthetic_v2
T16400: scaffold parts missing after demob (Marta T.),PROJECT_RESOURCE,hard_synthetic_v2
getachew changed ip during session,SECURITY,hard_synthetic_v2
invoice #9861 deleted after paymant (Abebe K.) - please confirm,FINANCIAL,hard_synthetic_v2
failed authentication for Dawit H.,SECURITY,hard_synthetic_v2
cost code changed on PO by Kidus A.,FINANCIAL,hard_synthetic_v2
role misuse flagged for samuel,USER_ACTIVITY,hard_synthetic_v2
T95096: large payment released without second sign-off (Mesfin),COMPLIANCE,hard_synthetic_v2
external share of project file (helen),REPORT_DOCUMENT,hard_synthetic_v2
as-built ZIP downloaded by Marta T.,REPORT_DOCUMENT,hard_synthetic_v2
temporary entry - contract PDF mailed externally (Mesfin),REPORT_DOCUMENT,hard_synthetic_v2
scaffold parts missing after demob (Solomon A.),PROJECT_RESOURCE,hard_synthetic_v2
CSV import overwrote approved qty (Biruk M.),DATA_INTEGRITY,hard_synthetic_v2
2025-07-23 T24765: password reset requested then cancelled (Kidus A.),SECURITY,hard_synthetic_v2
structure slipped 13 days (Tigist),PROJECT_RESOURCE,hard_synthetic_v2
invoice #4054 created by Rahel G. | please check,FINANCIAL,hard_synthetic_v2
invoice #3011 deleted after payment (Dawit H.),FINANCIAL,hard_synthetic_v2
T84536: payment run for horizon mat by lidya w.,FINANCIAL,hard_synthetic_v2
access concern,REPORT_DOCUMENT,hard_synthetic_v2
T82972: temporary entry - failed authentication for Rahel G.,SECURITY,hard_synthetic_v2
T23188: scaffold parts missing after demob (Solomon A.) - ezih,PROJECT_RESOURCE,hard_synthetic_v2
policy breach recorded for mesfin,COMPLIANCE,hard_synthetic_v2
cement overuse 31% on ALR Ext (Biruk M.),PROJECT_RESOURCE,hard_synthetic_v2
2026-07-02 drawing pack uploaded by Biruk M.,REPORT_DOCUMENT,hard_synthetic_v2
user list exported by yonas g. after hours,USER_ACTIVITY,hard_synthetic_v2
2025-09-05 full cost db exproted by abebe k. - please confirm,REPORT_DOCUMENT,hard_synthetic_v2
contractor import replaced values (Meron T.),DATA_INTEGRITY,hard_synthetic_v2
CSV import overwrote approved qty (Bereket D.),DATA_INTEGRITY,hard_synthetic_v2
T49757: flagged item,PROJECT_RESOURCE,hard_synthetic_v2
check Helen activity equipment checkout overdue (Selam,PROJECT_RESOURCE,hard_synthetic_v2
access concern,FINANCIAL,hard_synthetic_v2
T36328: mass status edit (33 tasks) by mesfin,PROJECT_RESOURCE,hard_synthetic_v2
excavator out 13 days - not returned (meron t.) - site lay,PROJECT_RESOURCE,hard_synthetic_v2
cement overuse 26% on Adama IP (Lidya W.),PROJECT_RESOURCE,hard_synthetic_v2
Bereket D. login failed from 197.224.206.160,SECURITY,hard_synthetic_v2
2025-08-10 T12824: unapproved edit to record by abebe k. (check),DATA_INTEGRITY,hard_synthetic_v2
T81988: certificate PDF swapped by Sara B.,DATA_INTEGRITY,hard_synthetic_v2
structure slipped 14 days (Samuel),PROJECT_RESOURCE,hard_synthetic_v2
session from unknown device (Dawit H.) | temporary entry,SECURITY,hard_synthetic_v2
Helen modified contingency on Bole Tower,FINANCIAL,hard_synthetic_v2
"expense claim ETB 239,000 from Samuel",REPORT_DOCUMENT,hard_synthetic_v2
qty take-off altered - no co (biruk m.),DATA_INTEGRITY,hard_synthetic_v2
Samuel changed IP during session - please confirm,SECURITY,hard_synthetic_v2
2025-12-26 approved ms edited after acceptance (yonas g.) | from the meeting (check),REPORT_DOCUMENT,hard_synthetic_v2
2026-03-24 suspicious login pattern detected (Bereket D.),SECURITY,hard_synthetic_v2
need follow up - Sara B. login failed from 197.157.208.181,SECURITY,hard_synthetic_v2
awaiting confirmation - contractor review score 54/100 by Dawit H.,PROJECT_RESOURCE,hard_synthetic_v2
from the meeting - old spec rev deleted (Solomon A.),REPORT_DOCUMENT,hard_synthetic_v2
T14343: budget increased 16% on ALR Ext by Marta T.,FINANCIAL,hard_synthetic_v2
2025-07-20 budget increased 44% on BD Hospital by Biruk M.,FINANCIAL,hard_synthetic_v2
T47597: drawing pack uploaded by Henok T.,REPORT_DOCUMENT,hard_synthetic_v2
approved ms edited after acceptance (henok t.),REPORT_DOCUMENT,hard_synthetic_v2
2026-10-15 T72964: qty take-off altered - no CO (Abebe K.),DATA_INTEGRITY,hard_synthetic_v2
old spec rev deleted (biruk m.),REPORT_DOCUMENT,hard_synthetic_v2
T95656: please investigate,FINANCIAL,hard_synthetic_v2
large payment released without second sign-off (Marta T.),FINANCIAL,hard_synthetic_v2
cement overuse 33% on DD Warehouse (Solomon A.),PROJECT_RESOURCE,hard_synthetic_v2
role misuse flagged for lidya w.,USER_ACTIVITY,hard_synthetic_v2
T98407: material overuse logged on Adama IP,PROJECT_RESOURCE,hard_synthetic_v2
2025-04-23 QA plan changed post-approval (Helen),REPORT_DOCUMENT,hard_synthetic_v2
approved MS edited after acceptance (Yonas G.) | from meeting,REPORT_DOCUMENT,hard_synthetic_v2
2026-09-26 qty take-off altered - no co (selam f.),DATA_INTEGRITY,hard_synthetic_v2
dormant account Selam F. active after 20 months,USER_ACTIVITY,hard_synthetic_v2
rebar over-ordered 34% block C,PROJECT_RESOURCE,hard_synthetic_v2
PPE violation noted for crew of Kidus A.,COMPLIANCE,hard_synthetic_v2
2025-03-01 geo anomaly: Selam F. appeared in two cities same day,SECURITY,hard_synthetic_v2
PPE violation noted for crew of Meron T.,COMPLIANCE,hard_synthetic_v2
unauthorized access attempt by dawit h.,SECURITY,hard_synthetic_v2
report problem generator hours high vs,PROJECT_RESOURCE,hard_synthetic_v2
please investigate user list exported by,USER_ACTIVITY,hard_synthetic_v2
progress report generated for Hawassa P2 (Helen),REPORT_DOCUMENT,hard_synthetic_v2
invoice #8488 created by hanna a. - site lay,FINANCIAL,hard_synthetic_v2
"payment of etb 546,000 approved by lidya w.",DATA_INTEGRITY,hard_synthetic_v2
qty take-off altered - no CO (Mesfin),DATA_INTEGRITY,hard_synthetic_v2
per site instruction - invoice #8614 created by Mesfin,FINANCIAL,hard_synthetic_v2
awaiting confirmation - test results changed without approval (Lidya W.),DATA_INTEGRITY,hard_synthetic_v2
invoice #9100 deleted after payment (Hanna A.),FINANCIAL,hard_synthetic_v2
Solomon A. opened finance module (not their role),USER_ACTIVITY,hard_synthetic_v2
2025-07-20 data issue,REPORT_DOCUMENT,hard_synthetic_v2
bulk delete of 18 rows by Lidya W.,USER_ACTIVITY,hard_synthetic_v2
scaffold parts missing after demob (Kidus A.),PROJECT_RESOURCE,hard_synthetic_v2
test results changed without approval (Solomon A.),DATA_INTEGRITY,hard_synthetic_v2
sensitive salary data viewed by Kidus A. | please check,USER_ACTIVITY,hard_synthetic_v2
commercial rates shared outside (yonas g.),REPORT_DOCUMENT,hard_synthetic_v2
reprot problem,COMPLIANCE,hard_synthetic_v2
T43514: as discussed - budget line edit on dd warehouse (rahel g.),FINANCIAL,hard_synthetic_v2
T89387: 215 edits in under 5 min by bereket d.,COMPLIANCE,hard_synthetic_v2
old spec rev deleted (Mesfin),REPORT_DOCUMENT,hard_synthetic_v2
2026-09-12 approved MS edited after acceptance (Dawit H.),REPORT_DOCUMENT,hard_synthetic_v2
repeated open of restricted folder by Tigist,USER_ACTIVITY,hard_synthetic_v2
engineer biruk m. tried to approve payment | per site instruction,USER_ACTIVITY,hard_synthetic_v2
invoice #2216 deleted after payment (Helen) | temporary entry,FINANCIAL,hard_synthetic_v2
please check - toolbox talk sheet missing (Henok T.),COMPLIANCE,hard_synthetic_v2
2026-03-04 full cost DB exported by Kidus A. | need follow up,REPORT_DOCUMENT,hard_synthetic_v2
invoice #2888 created by Mesfin,FINANCIAL,hard_synthetic_v2
user list exproted by Yonas G. after hours,USER_ACTIVITY,hard_synthetic_v2
geo anomaly: Solomon A. appeared in two cities same day | urgent,SECURITY,hard_synthetic_v2
T12970: aproval bypassed on wo-236 by solomon a.,COMPLIANCE,hard_synthetic_v2
invoice #9642 deleted after payment (Getachew),FINANCIAL,hard_synthetic_v2
noted on site - cost code changed on PO by Kidus A.,FINANCIAL,hard_synthetic_v2
checklist incomplete for pour #40,COMPLIANCE,hard_synthetic_v2
rebar over-ordered 37% block D,PROJECT_RESOURCE,hard_synthetic_v2
password reset requested then cancelled (meron t.),SECURITY,hard_synthetic_v2
please investigate excavator out 8 days,PROJECT_RESOURCE,hard_synthetic_v2
T29892: biruk m. log-in failed from 197.65.178.117,SECURITY,hard_synthetic_v2
please check - odd hour login by Abebe K. at 11:00,SECURITY,hard_synthetic_v2
invioce #2434 deleted after payment (Rahel G.),FINANCIAL,hard_synthetic_v2
material overuse logged on Bole Tower,PROJECT_RESOURCE,hard_synthetic_v2
2025-09-15 177 edits in under 5 min by Biruk M.,USER_ACTIVITY,hard_synthetic_v2
"expense claim ETB 37,000 from Marta T.",FINANCIAL,hard_synthetic_v2
method statement still draft but signed (Getachew),COMPLIANCE,hard_synthetic_v2
attendance history row removed by Selam F.,DATA_INTEGRITY,hard_synthetic_v2
file shared to partner@ext.com by Bereket D.,REPORT_DOCUMENT,hard_synthetic_v2
env spill report delayed (marta t.),COMPLIANCE,hard_synthetic_v2
invoice #9773 deleted after payment (sara b.),FINANCIAL,hard_synthetic_v2
approved ms edited after acceptance (rahel g.),REPORT_DOCUMENT,hard_synthetic_v2
payment run for Horizon Mat by Dawit H.,FINANCIAL,hard_synthetic_v2
T79943: henok t. changed ip during session,SECURITY,hard_synthetic_v2
dormant account Meron T. active after 8 months,USER_ACTIVITY,hard_synthetic_v2
please investigate,DATA_INTEGRITY,hard_synthetic_v2
check Mesfin activity user list exported by,USER_ACTIVITY,hard_synthetic_v2
Dawit H. changed IP during session,FINANCIAL,hard_synthetic_v2
please check - test results changed without approval (Dawit H.),DATA_INTEGRITY,hard_synthetic_v2
file shared to sub@con.et by Bereket D.,REPORT_DOCUMENT,hard_synthetic_v2
awaiting confirmation - as-built ZIP downloaded by Selam F.,REPORT_DOCUMENT,hard_synthetic_v2
unusual activity volume by abebe k.,USER_ACTIVITY,hard_synthetic_v2
hold point skipped on foundation (samuel),COMPLIANCE,hard_synthetic_v2
T48357: test results changed without approval (Rahel G.) | noted on site,DATA_INTEGRITY,hard_synthetic_v2
need follow up - approval bypassed on WO-111 by Mesfin,COMPLIANCE,hard_synthetic_v2
T75184: hold point skipped on foundation (Getachew),COMPLIANCE,hard_synthetic_v2
dormant account Helen active after 8 months,USER_ACTIVITY,hard_synthetic_v2
milestone 'finishes' delayed (Meron T.),PROJECT_RESOURCE,hard_synthetic_v2
bulk delete of 13 rows by getachew,USER_ACTIVITY,hard_synthetic_v2
dormant account solomon a. active after 10 months,USER_ACTIVITY,hard_synthetic_v2
env spill report delayed (Samuel),COMPLIANCE,hard_synthetic_v2
geo anomaly: sara b. appeared in two cities same day,SECURITY,hard_synthetic_v2
2025-12-06 T87716: invoice #3809 created by helen - please confirm,FINANCIAL,hard_synthetic_v2
geo anomaly: Solomon A. appeared in two cities same day,SECURITY,hard_synthetic_v2
generator hours high vs plan (yonas g.),PROJECT_RESOURCE,hard_synthetic_v2
Marta T. opened finance module (not their role),USER_ACTIVITY,hard_synthetic_v2
env spill report delayed (Abebe K.),COMPLIANCE,hard_synthetic_v2
2026-12-25 T38642: measurement sheet deleted (Sara B.),DATA_INTEGRITY,hard_synthetic_v2
CSV import overwrote approved qty (Dawit H.),DATA_INTEGRITY,hard_synthetic_v2
fuel burn above baseline (Solomon A.),PROJECT_RESOURCE,hard_synthetic_v2
payment run for Horizon Mat by Tigist (check),FINANCIAL,hard_synthetic_v2
unapproved edit to record by Getachew,DATA_INTEGRITY,hard_synthetic_v2
T58538: fuel burn above baseline (tigist),PROJECT_RESOURCE,hard_synthetic_v2
2026-11-04 NCR closed without QM signature (Solomon A.),COMPLIANCE,hard_synthetic_v2
anomaly noted structure slipped 10 days - site lay,PROJECT_RESOURCE,hard_synthetic_v2
"paymant of etb 830,000 approved by yonas g.",FINANCIAL,hard_synthetic_v2
contractor review score 39/100 by getachew,PROJECT_RESOURCE,hard_synthetic_v2
"cash advance etb 702,000 logged by selam f.",FINANCIAL,hard_synthetic_v2
csv import overwrote approved qty (bereket d.) | need follow up,DATA_INTEGRITY,hard_synthetic_v2
CSV import overwrote approved qty (Rahel G.) - please confirm,DATA_INTEGRITY,hard_synthetic_v2
T37335: as-built rev changed after client sign-off (Biruk M.) - site lay,DATA_INTEGRITY,hard_synthetic_v2
2026-10-01 duplicate invoice #3703 entered,FINANCIAL,hard_synthetic_v2
T22231: engineer selam f. tried to approve paymant,USER_ACTIVITY,hard_synthetic_v2
99 edits in under 5 min by Helen,USER_ACTIVITY,hard_synthetic_v2
T47294: bulk reassign 133 tasks - no comment (Solomon A.),USER_ACTIVITY,hard_synthetic_v2
qty take-off altered - no co (marta t.),DATA_INTEGRITY,hard_synthetic_v2
old spec rev deleted (abebe k.),REPORT_DOCUMENT,hard_synthetic_v2
2025-12-25 dormant account Rahel G. active after 6 months,USER_ACTIVITY,hard_synthetic_v2
T59267: late submission of daily report (Kidus A.),COMPLIANCE,hard_synthetic_v2
data issue as-built zip downloaded by,REPORT_DOCUMENT,hard_synthetic_v2
env spill report delayed (Lidya W.),COMPLIANCE,hard_synthetic_v2
payment run for ethio steel by dawit h.,FINANCIAL,hard_synthetic_v2
per site instruction - checklist incomplete for pour #33,COMPLIANCE,hard_synthetic_v2
T58525: fuel burn above baseline (Rahel G.),PROJECT_RESOURCE,hard_synthetic_v2
getachew changed ip during session,SECURITY,hard_synthetic_v2
unusual activity volume by Helen,USER_ACTIVITY,hard_synthetic_v2
T92890: method statement still draft but signed (lidya w.),COMPLIANCE,hard_synthetic_v2
T88331: ppe violation noted for crew of mesfin,COMPLIANCE,hard_synthetic_v2
hold point skipped on foundation (Henok T.),COMPLIANCE,hard_synthetic_v2
T21939: scaffold parts missing after demob (selam f.),PROJECT_RESOURCE,hard_synthetic_v2
T75699: csv import overwrote approved qty (sara b.),DATA_INTEGRITY,hard_synthetic_v2
needs review progress report generated for,REPORT_DOCUMENT,hard_synthetic_v2
contract pdf mailed externally (lidya w.) - please confirm,REPORT_DOCUMENT,hard_synthetic_v2
progress report generated for BD Hospital (Mesfin),REPORT_DOCUMENT,hard_synthetic_v2
cost code changed on PO by Lidya W.,FINANCIAL,hard_synthetic_v2
external data import by Helen,DATA_INTEGRITY,hard_synthetic_v2
generator hours high vs plan (Mesfin),PROJECT_RESOURCE,hard_synthetic_v2
from the meeting - budget increased 47% on alr ext by helen,FINANCIAL,hard_synthetic_v2
check hanna a. activity budget increased 19% on,FINANCIAL,hard_synthetic_v2
as-built zip downloaded by dawit h.,REPORT_DOCUMENT,hard_synthetic_v2
"please check - payment of ETB 432,000 approved by Selam F.",FINANCIAL,hard_synthetic_v2
equipment checkout overdue (mesfin),PROJECT_RESOURCE,hard_synthetic_v2
env spill report delayed (Getachew),COMPLIANCE,hard_synthetic_v2
odd behaviour,COMPLIANCE,hard_synthetic_v2
unapproved edit to record by Biruk M.,FINANCIAL,hard_synthetic_v2
bulk delete of 102 rows by Meron T.,USER_ACTIVITY,hard_synthetic_v2
qty take-off altered - no CO (Kidus .),DATA_INTEGRITY,hard_synthetic_v2
late submission of daily reprot (yonas g.),COMPLIANCE,hard_synthetic_v2
checklist incomplete for pour #13,COMPLIANCE,hard_synthetic_v2
measurement sheet deleted (Selam F.),FINANCIAL,hard_synthetic_v2
generator hours high vs plan (samuel),PROJECT_RESOURCE,hard_synthetic_v2
equipment checkout overdue (Meron T.),PROJECT_RESOURCE,hard_synthetic_v2
as-built rev changed after client sign-off (Mesfin) - please confirm,DATA_INTEGRITY,hard_synthetic_v2
flagged item invioce #9687 deleted after,FINANCIAL,hard_synthetic_v2
unapproved edit to record by Bereket D.,DATA_INTEGRITY,hard_synthetic_v2
as-built ZIP downloaded by Solomon A.,REPORT_DOCUMENT,hard_synthetic_v2
"paymant of ETB 380,000 approved by Henok T.",COMPLIANCE,hard_synthetic_v2
2026-09-09 T42284: password reset requested then cancelled (Selam F.),FINANCIAL,hard_synthetic_v2
"payment of ETB 225,000 approved by Henok T.",FINANCIAL,hard_synthetic_v2
T70356: contractor import replaced values (Samuel) - please confirm,DATA_INTEGRITY,hard_synthetic_v2
T36713: old spec rev deleted (Sara B.),REPORT_DOCUMENT,hard_synthetic_v2
solomon a. modified contingency on bd hospital,FINANCIAL,hard_synthetic_v2
Lidya W. changed IP during session,SECURITY,hard_synthetic_v2
unauthorized access attempt by Hanna .,SECURITY,hard_synthetic_v2
policy breach recorded for Selam F. (check),COMPLIANCE,hard_synthetic_v2
duplicate invoice #4372 entered,FINANCIAL,hard_synthetic_v2
invoice #9202 created by biruk m.,FINANCIAL,hard_synthetic_v2
temporary entry - material overuse logged on DD Warehouse,PROJECT_RESOURCE,hard_synthetic_v2
"per site instruction - cash advance ETB 524,000 logged by Henok T. (check)",FINANCIAL,hard_synthetic_v2
T80563: file shared to client@own.org by Marta T.,REPORT_DOCUMENT,hard_synthetic_v2
mass status edit (130 tasks) by solomon a.,USER_ACTIVITY,hard_synthetic_v2
certificate PDF swapped by Lidya W.,DATA_INTEGRITY,hard_synthetic_v2
payment run for Nile Const by Getachew,FINANCIAL,hard_synthetic_v2
approval bypassed on wo-542 by mesfin,COMPLIANCE,hard_synthetic_v2
"payment of ETB 416,000 approved by Bereket D.",FINANCIAL,hard_synthetic_v2
scaffold parts missing after demob (Biruk M.),PROJECT_RESOURCE,hard_synthetic_v2
engineer Meron T. tried to approve paymant,USER_ACTIVITY,hard_synthetic_v2
2026-11-04 file shared to client@own.org by Samuel,REPORT_DOCUMENT,hard_synthetic_v2
subcon Horizon Mat NCR list updated by Abebe K.,PROJECT_RESOURCE,hard_synthetic_v2
contractor import replaced values (Biruk M.),DATA_INTEGRITY,hard_synthetic_v2
T31181: need follow up - contractor import replaced values (Dawit H.),DATA_INTEGRITY,hard_synthetic_v2
odd behaviour method statement still draft,COMPLIANCE,hard_synthetic_v2
T13064: full cost db exported by solomon a.,REPORT_DOCUMENT,hard_synthetic_v2
T17358: CSV import overwrote approved qty (Selam F.),DATA_INTEGRITY,hard_synthetic_v2
subcon horizon mat ncr list updated by dawit h. | temporary entry,PROJECT_RESOURCE,hard_synthetic_v2
as-built ZIP downloaded by Dawit H.,REPORT_DOCUMENT,hard_synthetic_v2
2026-04-10 as discussed - full cost DB exported by Helen,REPORT_DOCUMENT,hard_synthetic_v2
ncr closed without qm signature (abebe k.),COMPLIANCE,hard_synthetic_v2
duplicate supplier invoice #5280,DATA_INTEGRITY,hard_synthetic_v2
odd hour login by sara b. at 4:00 | noted on site - site lay,SECURITY,hard_synthetic_v2
old spec rev deleeted (Lidya W.) - site lay,REPORT_DOCUMENT,hard_synthetic_v2
delivery note DN-760 edited after lock by Dawit H.,DATA_INTEGRITY,hard_synthetic_v2
report problem,USER_ACTIVITY,hard_synthetic_v2
"expense claim ETB 222,000 from Solomon A.",FINANCIAL,hard_synthetic_v2
aproval bypassed on wo-661 by marta t.,COMPLIANCE,hard_synthetic_v2
as-built zip downloaded by selam f.,REPORT_DOCUMENT,hard_synthetic_v2
for your action - fuel burn above baseline (mesfin),PROJECT_RESOURCE,hard_synthetic_v2
NCR closed without QM signature (Bereket D.),COMPLIANCE,hard_synthetic_v2
fuel burn above baseline (Rahel G.),PROJECT_RESOURCE,hard_synthetic_v2
Tigist login failed from 197.27.238.192,SECURITY,hard_synthetic_v2
session from unknown device (Bereket D.),SECURITY,hard_synthetic_v2
cost code changed on PO by Getachew | see attachment,FINANCIAL,hard_synthetic_v2
repeated open of restricted folder by Biruk M.,USER_ACTIVITY,hard_synthetic_v2
2026-02-19 repeated open of restricted folder by Yonas G. - please confirm,SECURITY,hard_synthetic_v2
material overuse logged on bd hospital,PROJECT_RESOURCE,hard_synthetic_v2
payment run for Ethio Steel by Bereket D. | urgent,FINANCIAL,hard_synthetic_v2
session from unknown device (Lidya W.) | as discussed,SECURITY,hard_synthetic_v2
duplicate supplier invoice #6025,DATA_INTEGRITY,hard_synthetic_v2
bulk reassign 143 tasks - no comment (dawit h.),USER_ACTIVITY,hard_synthetic_v2
T85786: as-built rev changed after client sign-off (Marta T.),DATA_INTEGRITY,hard_synthetic_v2
issue with meron t. ncr closed without qm,COMPLIANCE,hard_synthetic_v2
2025-10-11 need follow up - excavator out 1 days - not returned (Marta T.),PROJECT_RESOURCE,hard_synthetic_v2
T47082: bulk delete of 26 rows by Lidya W.,USER_ACTIVITY,hard_synthetic_v2
T22108: toolbox talk sheet missing (Biruk M.),COMPLIANCE,hard_synthetic_v2
data issue 66 edits in under,USER_ACTIVITY,hard_synthetic_v2
2025-10-06 test results changed without approval (Sara B.),DATA_INTEGRITY,hard_synthetic_v2
"for your action - expense claim etb 796,000 from rahel g.",FINANCIAL,hard_synthetic_v2
toolbox talk sheet missing (tigist),COMPLIANCE,hard_synthetic_v2
bulk reassign 145 tasks - no comment (Bereket D.),USER_ACTIVITY,hard_synthetic_v2
T12059: old spec rev deleted (Selam F.),REPORT_DOCUMENT,hard_synthetic_v2
Henok T. opened finance module (not their role),USER_ACTIVITY,hard_synthetic_v2
method statement still draft but signed (biruk m.),COMPLIANCE,hard_synthetic_v2
CSV import overwrote approved qty (Henok T.) - site lay,DATA_INTEGRITY,hard_synthetic_v2
full cost DB exported by Hanna A.,REPORT_DOCUMENT,hard_synthetic_v2
2026-08-17 geo anomaly: Yonas G. appeared in two cities same day,SECURITY,hard_synthetic_v2
noted on site - excavator out 4 days - not returned (meron t.),PROJECT_RESOURCE,hard_synthetic_v2
PPE violation noted for crew of Henok T. | for your action,COMPLIANCE,hard_synthetic_v2
geo anomaly: Tigist appeared in two cities same day,SECURITY,hard_synthetic_v2
toolbox talk sheet missing (Meron T.) - please confirm,COMPLIANCE,hard_synthetic_v2
test results changed without approval (Abebe K.),DATA_INTEGRITY,hard_synthetic_v2
checklist incomplete for pour #24,COMPLIANCE,hard_synthetic_v2
permit submitted after work started (marta t.),COMPLIANCE,hard_synthetic_v2
material overuse logged on ALR Ext,PROJECT_RESOURCE,hard_synthetic_v2
2025-06-16 checklist incomplete for pour #25,COMPLIANCE,hard_synthetic_v2
subcon nile const ncr list updated by kidus a.,PROJECT_RESOURCE,hard_synthetic_v2
qty take-off altered - no co (rahel g.) | per site instruction,DATA_INTEGRITY,hard_synthetic_v2
dormant account Getachew active after 19 months,USER_ACTIVITY,hard_synthetic_v2
engineer dawit h. tried to approve paymant,USER_ACTIVITY,hard_synthetic_v2
T38428: checklist incomplete for pour #9,COMPLIANCE,hard_synthetic_v2
T58286: dormant account abebe k. active after 16 months,USER_ACTIVITY,hard_synthetic_v2
issue with Rahel G. generator hours high vs,PROJECT_RESOURCE,hard_synthetic_v2
awaiting confirmation - aproval bypassed on wo-705 by marta t.,COMPLIANCE,hard_synthetic_v2
T66948: PPE violation noted for crew of Sara B.,COMPLIANCE,hard_synthetic_v2
progress report generated for Bole Tower (Bereket D.),REPORT_DOCUMENT,hard_synthetic_v2
2026-08-11 problem on Site 3 payment run for Ethio,FINANCIAL,hard_synthetic_v2
T40939: late submission of daily report (marta t.),COMPLIANCE,hard_synthetic_v2
T14642: bulk reassign 98 tasks - no comment (Samuel),USER_ACTIVITY,hard_synthetic_v2
2025-03-21 173 edits in under 5 min by Henok T.,USER_ACTIVITY,hard_synthetic_v2
session from unknown device (Lidya W.),SECURITY,hard_synthetic_v2
material overuse logged on ALR Ext,PROJECT_RESOURCE,hard_synthetic_v2
T11571: permit submitted after work started (hanna a.),COMPLIANCE,hard_synthetic_v2
subcon Horizon Mat NCR list updated by Helen,PROJECT_RESOURCE,hard_synthetic_v2
Selam F. tried admin console - denied,SECURITY,hard_synthetic_v2
permit submitted after work started (Samuel),COMPLIANCE,hard_synthetic_v2
"payment of ETB 414,000 approved by Bereket D.",FINANCIAL,hard_synthetic_v2
budget line edit on dd warehouse (selam f.),FINANCIAL,hard_synthetic_v2
problem on ALR Ext,USER_ACTIVITY,hard_synthetic_v2
"paymant of etb 194,000 approved by henok t.",FINANCIAL,hard_synthetic_v2
bulk delete of 10 rows by Yonas G.,USER_ACTIVITY,hard_synthetic_v2
duplicate supplier invoice #9167,DATA_INTEGRITY,hard_synthetic_v2
checklist incomplete for pour #34,COMPLIANCE,hard_synthetic_v2
Samuel changed IP during session,SECURITY,hard_synthetic_v2
contractor review score 81/100 by Yonas G. | per site instruction,PROJECT_RESOURCE,hard_synthetic_v2
Sara B. tried admin console - denied,SECURITY,hard_synthetic_v2
T48676: password reset requested then cancelled (Sara B.),SECURITY,hard_synthetic_v2
session from unknown device (Yonas G.),SECURITY,hard_synthetic_v2
issue with Selam F. progress report generated for,REPORT_DOCUMENT,hard_synthetic_v2
odd hour login by yonas g. at 23:00,SECURITY,hard_synthetic_v2
drawing pack uploaded by mesfin,REPORT_DOCUMENT,hard_synthetic_v2
equipment checkout overdue (Hanna A.),REPORT_DOCUMENT,hard_synthetic_v2
geo anomaly: tigist appeared in two cities same day,SECURITY,hard_synthetic_v2
delivery note DN-206 edited after lock by Tigist,DATA_INTEGRITY,hard_synthetic_v2
T56165: budget increased 48% on ALR Ext by Getachew,FINANCIAL,hard_synthetic_v2
attendance history row removed by marta t.,DATA_INTEGRITY,hard_synthetic_v2
2025-01-02 please investigate attendance history row removed,DATA_INTEGRITY,hard_synthetic_v2
odd hour login by Selam F. at 5:00,SECURITY,hard_synthetic_v2
"cash advance ETB 746,000 logged by Solomon A.",FINANCIAL,hard_synthetic_v2
approval bypassed on WO-648 by Dawit H.,COMPLIANCE,hard_synthetic_v2
T95691: equipment checkout overdue (Getachew),PROJECT_RESOURCE,hard_synthetic_v2
as discussed - cement overuse 20% on bd hospital (getachew),PROJECT_RESOURCE,hard_synthetic_v2
PPE violation noted for crew of Selam F.,COMPLIANCE,hard_synthetic_v2
T16239: unauthorized access attempt by Kidus A.,SECURITY,hard_synthetic_v2
QA plan changed post-approval (Rahel G.),REPORT_DOCUMENT,hard_synthetic_v2
certificate PDF swapped by Bereket D.,DATA_INTEGRITY,hard_synthetic_v2
from the meeting - approval bypassed on wo-985 by tigist,COMPLIANCE,hard_synthetic_v2
urgent - hold point skipped on foundation (Solomon A.),COMPLIANCE,hard_synthetic_v2
"payment of ETB 311,000 approved by Bereket D.",FINANCIAL,hard_synthetic_v2
T84209: generator hours high vs plan (Yonas G.),PROJECT_RESOURCE,hard_synthetic_v2
cost code changed on po by getachew,FINANCIAL,hard_synthetic_v2
CSV import overwrote approved qty (Tigist),DATA_INTEGRITY,hard_synthetic_v2
"payment of ETB 346,000 approved by Abebe K.",FINANCIAL,hard_synthetic_v2
as-built ZIP downloaded by Lidya W.,REPORT_DOCUMENT,hard_synthetic_v2
document export by bereket d.,REPORT_DOCUMENT,hard_synthetic_v2
report problem delivery note DN-289 edited,DATA_INTEGRITY,hard_synthetic_v2
sensitive salary data viewed by Getachew,USER_ACTIVITY,hard_synthetic_v2
session from unknown device (Getachew),SECURITY,hard_synthetic_v2
2026-08-20 sensitive salary data viewed by Hanna A.,REPORT_DOCUMENT,hard_synthetic_v2
site report late by 6 days (Meron T.),COMPLIANCE,hard_synthetic_v2
certificate PDF swapped by Marta T.,DATA_INTEGRITY,hard_synthetic_v2
duplicate invoice #9740 entered,FINANCIAL,hard_synthetic_v2
dormant account bereket d. active after 16 months,USER_ACTIVITY,hard_synthetic_v2
odd hour log-in by solomon a. at 9:00,SECURITY,hard_synthetic_v2
T25007: session from unknown device (Samuel),FINANCIAL,hard_synthetic_v2
late submission of daily report (Yonas G.),COMPLIANCE,hard_synthetic_v2
role misuse flagged for Henok T.,USER_ACTIVITY,hard_synthetic_v2
structure slipped 14 days (solomon a.) (check),PROJECT_RESOURCE,hard_synthetic_v2
needs review as-built rev changed after,DATA_INTEGRITY,hard_synthetic_v2
scaffold parts missing after demob (meron t.),PROJECT_RESOURCE,hard_synthetic_v2
needs review unauth access attempt by,SECURITY,hard_synthetic_v2
session from unknown device (Selam F.),SECURITY,hard_synthetic_v2
2026-03-04 toolbox talk sheet missing (hanna a.),COMPLIANCE,hard_synthetic_v2
anomaly noted contract PDF mailed externally,REPORT_DOCUMENT,hard_synthetic_v2
please investigate,FINANCIAL,hard_synthetic_v2
test results changed without approval (henok t.) | temporary entry,DATA_INTEGRITY,hard_synthetic_v2
65 edits in under 5 min by Helen | please check,USER_ACTIVITY,hard_synthetic_v2
T34347: as discussed - commercial rates shared outside (Biruk M.),REPORT_DOCUMENT,hard_synthetic_v2
commercial rates shared outside (Biruk M.),REPORT_DOCUMENT,hard_synthetic_v2
2026-09-27 T88577: qty take-off altered - no co (getachew),DATA_INTEGRITY,hard_synthetic_v2
permission raised for mesfin without approval,SECURITY,hard_synthetic_v2
2025-05-21 T35843: as-built ZIP downloaded by Mesfin,REPORT_DOCUMENT,hard_synthetic_v2
T92412: budget line edit on Bole Tower (Hanna A.),SECURITY,hard_synthetic_v2
T46332: data issue,COMPLIANCE,hard_synthetic_v2
"cash advance etb 245,000 logged by rahel g.",REPORT_DOCUMENT,hard_synthetic_v2
2026-11-28 measurement sheet deleted (Dawit H.),DATA_INTEGRITY,hard_synthetic_v2
T42860: unauthorized access attempt by Hanna A.,SECURITY,hard_synthetic_v2
2025-02-22 mass status edit (189 tasks) by Helen - please confirm,USER_ACTIVITY,hard_synthetic_v2
CSV import overwrote approved qty (Samuel),DATA_INTEGRITY,hard_synthetic_v2
awaiting confirmation - password reset requested then cancelled (Meron T.),SECURITY,hard_synthetic_v2
2025-05-24 subcon Abyssinia Hire NCR list updated by Marta T.,REPORT_DOCUMENT,hard_synthetic_v2
large payment released without second sign-off (bereket d.),FINANCIAL,hard_synthetic_v2
role misuse flagged for hanna .,USER_ACTIVITY,hard_synthetic_v2
mass status edit (46 tasks) by hanna a. - site lay,USER_ACTIVITY,hard_synthetic_v2
old spec rev deleeted (hanna a.),REPORT_DOCUMENT,hard_synthetic_v2
2026-10-07 unauthorized access attempt by meron t.,SECURITY,hard_synthetic_v2
2026-07-15 engineer Marta T. tried to approve payment,USER_ACTIVITY,hard_synthetic_v2
T81983: milestone 'facade' delayed (Meron T.),PROJECT_RESOURCE,hard_synthetic_v2
budget line edit on Site 3 (Helen),FINANCIAL,hard_synthetic_v2
2026-05-08 T72832: progress report generated for DD Warehouse (Abebe K.) (check),PROJECT_RESOURCE,hard_synthetic_v2
subcon Nile Const NCR list updated by Kidus A.,PROJECT_RESOURCE,hard_synthetic_v2
certificate PDF swapped by Biruk M. | per site instruction,DATA_INTEGRITY,hard_synthetic_v2
hold point skipped on foundation (Samuel),COMPLIANCE,hard_synthetic_v2
certificate pdf swapped by henok t.,COMPLIANCE,hard_synthetic_v2
permit submitted after work started (Mesfin),PROJECT_RESOURCE,hard_synthetic_v2
repeated open of restricted folder by yonas g. | urgent,USER_ACTIVITY,hard_synthetic_v2
T87531: hold point skipped on foundation (Biruk M.),COMPLIANCE,hard_synthetic_v2
T95734: large payment released without second sign-off (Lidya W.) | per site instruction,FINANCIAL,hard_synthetic_v2
policy breach recorded for kidus a.,COMPLIANCE,hard_synthetic_v2
milestone 'MEP 1st fix' delayed (Selam F.),PROJECT_RESOURCE,hard_synthetic_v2
as-built rev changed after client sign-off (Biruk M.),DATA_INTEGRITY,hard_synthetic_v2
generator hours high vs plan (Helen),PROJECT_RESOURCE,hard_synthetic_v2
as discussed - attendance history row removed by biruk m. (check),DATA_INTEGRITY,hard_synthetic_v2
session from unknown device (mesfin) - ezih,SECURITY,hard_synthetic_v2
flagged item unusual activity volume by,USER_ACTIVITY,hard_synthetic_v2
T20865: doc export by Samuel,USER_ACTIVITY,hard_synthetic_v2
"cash advance ETB 80,000 logged by Mesfin",FINANCIAL,hard_synthetic_v2
hold point skipped on foundation (Mesfin),COMPLIANCE,hard_synthetic_v2
budget line edit on adama ip (sara b.),FINANCIAL,hard_synthetic_v2
data issue cost code changed on,FINANCIAL,hard_synthetic_v2
2025-05-06 multiple faild log-ins on abebe k. account - please confirm,SECURITY,hard_synthetic_v2
"needs review payment of ETB 551,000",FINANCIAL,hard_synthetic_v2
external data import by Marta T.,DATA_INTEGRITY,hard_synthetic_v2
unauthorized access attempt by solomon a. - ezih,SECURITY,hard_synthetic_v2
policy breach recorded for Dawit H.,COMPLIANCE,hard_synthetic_v2
bugdet line edit on Adama IP (Samuel),FINANCIAL,hard_synthetic_v2
role misuse flagged for Marta T.,USER_ACTIVITY,hard_synthetic_v2
permit submitted after work started (Getachew),COMPLIANCE,hard_synthetic_v2
bulk reassign 74 tasks - no comment (mesfin),USER_ACTIVITY,hard_synthetic_v2
method statement still draft but signed (Dawit H.),COMPLIANCE,hard_synthetic_v2
unapproved edit to record by tigist,DATA_INTEGRITY,hard_synthetic_v2
full cost db exported by biruk m.,REPORT_DOCUMENT,hard_synthetic_v2
T91516: commercial rates shared outside (Henok T.),REPORT_DOCUMENT,hard_synthetic_v2
T50232: contractor review score 29/100 by Dawit H.,PROJECT_RESOURCE,hard_synthetic_v2
policy breach recorded for samuel,COMPLIANCE,hard_synthetic_v2
commercial rates shared outside (tigist),REPORT_DOCUMENT,hard_synthetic_v2
external share of project file (Sara B.),REPORT_DOCUMENT,hard_synthetic_v2
2026-06-25 bulk reassign 51 tasks - no comment (Dawit H.) | urgent,USER_ACTIVITY,hard_synthetic_v2
T68505: commercial rates shared outside (Sara B.),REPORT_DOCUMENT,hard_synthetic_v2
file shared to partner@ext.com by Kidus A.,REPORT_DOCUMENT,hard_synthetic_v2
T36199: unusual activity volume by Biruk M.,USER_ACTIVITY,hard_synthetic_v2
T19239: odd behaviour excavator out 11 days,PROJECT_RESOURCE,hard_synthetic_v2
ncr closed without qm signature (mesfin),REPORT_DOCUMENT,hard_synthetic_v2
problem on ALR Ext,DATA_INTEGRITY,hard_synthetic_v2
unusual activity volume by Lidya W.,USER_ACTIVITY,hard_synthetic_v2
2025-08-22 T48769: 38 edits in under 5 min by Sara B.,USER_ACTIVITY,hard_synthetic_v2
equipment checkout overdue (Bereket D.) | for your action - ezih,PROJECT_RESOURCE,hard_synthetic_v2
odd hour login by abebe k. at 1:00,SECURITY,hard_synthetic_v2
payment run for ethio steel by dawit h.,FINANCIAL,hard_synthetic_v2
as-built zip downloaded by meron t.,REPORT_DOCUMENT,hard_synthetic_v2
contract pdf mailed externally (tigist) (check),REPORT_DOCUMENT,hard_synthetic_v2
2025-10-26 approved MS edited after acceptance (Sara B.),REPORT_DOCUMENT,hard_synthetic_v2
T32708: approval bypassed on WO-989 by Meron T.,COMPLIANCE,hard_synthetic_v2
"payment of ETB 907,000 approved by Kidus A.",USER_ACTIVITY,hard_synthetic_v2
permit submitted after work started (Bereket D.),COMPLIANCE,hard_synthetic_v2
anomaly noted site report late by,COMPLIANCE,hard_synthetic_v2
problem on ALR Ext approved MS edited after,REPORT_DOCUMENT,hard_synthetic_v2
progress report generated for Hawassa P2 (Biruk M.),REPORT_DOCUMENT,hard_synthetic_v2
toolbox talk sheet missing (Mesfin),COMPLIANCE,hard_synthetic_v2
equipment checkout overdue (Selam F.),PROJECT_RESOURCE,hard_synthetic_v2
as discussed - dormant account Tigist active after 6 months (check),USER_ACTIVITY,hard_synthetic_v2
access concern - please confirm,FINANCIAL,hard_synthetic_v2
drawing pack uploaded by helen,PROJECT_RESOURCE,hard_synthetic_v2
contractor import replaced values (Biruk M.) - please confirm,DATA_INTEGRITY,hard_synthetic_v2
"T20716: payment of ETB 740,000 approved by Biruk M.",FINANCIAL,hard_synthetic_v2
as-built zip downloaded by sara b.,REPORT_DOCUMENT,hard_synthetic_v2
policy breach recorded for Abebe K.,COMPLIANCE,hard_synthetic_v2
issue with helen,REPORT_DOCUMENT,hard_synthetic_v2
"payment of etb 611,000 approved by getachew",FINANCIAL,hard_synthetic_v2
structure slipped 1 days (Selam F.),PROJECT_RESOURCE,hard_synthetic_v2
bulk delete of 79 rows by Helen,USER_ACTIVITY,hard_synthetic_v2
password reset requested then cancelled (getachew),SECURITY,hard_synthetic_v2
mass status edit (211 tasks) by kidus a.,USER_ACTIVITY,hard_synthetic_v2
"payment of ETB 442,000 approved by Dawit H.",FINANCIAL,hard_synthetic_v2
excavator out 5 days - not returned (Tigist),PROJECT_RESOURCE,hard_synthetic_v2
rebar over-ordered 20% block A,PROJECT_RESOURCE,hard_synthetic_v2
abebe k. opened finance module (not their role),USER_ACTIVITY,hard_synthetic_v2
role misuse flagged for Selam F.,USER_ACTIVITY,hard_synthetic_v2
T73380: approved MS edited after acceptance (Selam F.),REPORT_DOCUMENT,hard_synthetic_v2
CSV import overwrote approved qty (Henok T.),DATA_INTEGRITY,hard_synthetic_v2
solomon a. changed ip during session,SECURITY,hard_synthetic_v2
bereket d. login failed from 197.17.186.3,SECURITY,hard_synthetic_v2
check Yonas G. activity invoice #9741 deleeted after,FINANCIAL,hard_synthetic_v2
invoice #7540 created by Lidya W.,FINANCIAL,hard_synthetic_v2
external share of project file (Mesfin),REPORT_DOCUMENT,hard_synthetic_v2
access concern 12 edits in under,USER_ACTIVITY,hard_synthetic_v2
user list exported by Henok T. after hours,USER_ACTIVITY,hard_synthetic_v2
qty take-off altered - no CO (Hanna A.),DATA_INTEGRITY,hard_synthetic_v2
bulk reassign 112 tasks - no comment (Meron T.),USER_ACTIVITY,hard_synthetic_v2
T89130: contractor import replaced values (Marta T.) | as discussed,DATA_INTEGRITY,hard_synthetic_v2
cost code changed on PO by Getachew,FINANCIAL,hard_synthetic_v2
budget increased 10% on alr ext by helen,FINANCIAL,hard_synthetic_v2
budget increased 26% on Hawassa P2 by Getachew,FINANCIAL,hard_synthetic_v2
approval bypassed on WO-885 by Sara B.,COMPLIANCE,hard_synthetic_v2
"expense claim etb 598,000 from abebe k.",FINANCIAL,hard_synthetic_v2
need follow up - milestone 'MEP 1st fix' delayed (Tigist),PROJECT_RESOURCE,hard_synthetic_v2
measurement sheet deleted (Lidya W.),DATA_INTEGRITY,hard_synthetic_v2
abebe k. tried admin console - denied,SECURITY,hard_synthetic_v2
reprot problem,REPORT_DOCUMENT,hard_synthetic_v2
external data import by Bereket D.,DATA_INTEGRITY,hard_synthetic_v2
please check - method statement still draft but signed (hanna a.),COMPLIANCE,hard_synthetic_v2
excavator out 2 days - not returned (Selam F.),PROJECT_RESOURCE,hard_synthetic_v2
per site instruction - measurement sheet deleted (Hanna A.),DATA_INTEGRITY,hard_synthetic_v2
rebar over-ordered 22% block A,PROJECT_RESOURCE,hard_synthetic_v2
noted on site - budget line edit on BD Hospital (Bereket D.),FINANCIAL,hard_synthetic_v2
T52484: external data import by lidya w.,DATA_INTEGRITY,hard_synthetic_v2
external share of project file (Bereket D.),REPORT_DOCUMENT,hard_synthetic_v2
test results changed without approval (Helen),DATA_INTEGRITY,hard_synthetic_v2
checklist incomplete for pour #42,COMPLIANCE,hard_synthetic_v2
permit submitted after work started (Solomon A.) - site lay,COMPLIANCE,hard_synthetic_v2
CSV import overwrote approved qty (Rahel G.),DATA_INTEGRITY,hard_synthetic_v2
duplicate invioce #6595 entered,REPORT_DOCUMENT,hard_synthetic_v2
contract pdf mailed externally (getachew),REPORT_DOCUMENT,hard_synthetic_v2
yonas g. changed ip during session,SECURITY,hard_synthetic_v2
Meron T. changed IP during session,SECURITY,hard_synthetic_v2
2026-06-06 approved ms edited after acceptance (selam f.) | for your action,REPORT_DOCUMENT,hard_synthetic_v2
cost code changed on po by yonas g.,FINANCIAL,hard_synthetic_v2
"payment of ETB 904,000 approved by Marta T. | for your action",FINANCIAL,hard_synthetic_v2
2025-09-11 odd hour login by Getachew at 18:00,SECURITY,hard_synthetic_v2
dormant account henok t. active after 4 months,USER_ACTIVITY,hard_synthetic_v2
milestone 'foundation' delayed (Bereket D.),PROJECT_RESOURCE,hard_synthetic_v2
equipment checkout overdue (Selam F.),PROJECT_RESOURCE,hard_synthetic_v2
please check - Sara B. modified contingency on Hawassa P2,FINANCIAL,hard_synthetic_v2
certificate PDF swapped by Marta T.,DATA_INTEGRITY,hard_synthetic_v2
T26836: progress report generated for BD Hospital (Yonas G.),REPORT_DOCUMENT,hard_synthetic_v2
T92761: problem on Adama IP,SECURITY,hard_synthetic_v2
T62252: permit submitted after work started (Helen),COMPLIANCE,hard_synthetic_v2
dormant account Hanna A. active after 17 months,USER_ACTIVITY,hard_synthetic_v2
fuel burn above baseline (Tigist),PROJECT_RESOURCE,hard_synthetic_v2
document export by abebe k.,REPORT_DOCUMENT,hard_synthetic_v2
fuel burn above baseline (Meron T.),PROJECT_RESOURCE,hard_synthetic_v2
approval bypassed on WO-858 by Dawit H.,COMPLIANCE,hard_synthetic_v2
2026-01-16 T74010: Henok T. changed IP during session,SECURITY,hard_synthetic_v2
test results changed without approval (Helen),DATA_INTEGRITY,hard_synthetic_v2
T55123: password reset requested then cancelled (kidus a.),SECURITY,hard_synthetic_v2
Tigist opened finance module (not their role),USER_ACTIVITY,hard_synthetic_v2
structure slipped 2 days (bereket d.),PROJECT_RESOURCE,hard_synthetic_v2
role misuse flagged for Hanna A.,USER_ACTIVITY,hard_synthetic_v2
T31740: drawing pack uploaded by selam f.,REPORT_DOCUMENT,hard_synthetic_v2
duplicate supplier invoice #4827,DATA_INTEGRITY,hard_synthetic_v2
cost code changed on PO by Getachew,FINANCIAL,hard_synthetic_v2
Biruk M. changed IP during session,DATA_INTEGRITY,hard_synthetic_v2
checklist incomplete for pour #35,COMPLIANCE,hard_synthetic_v2
duplicate invoice #2790 entered,FINANCIAL,hard_synthetic_v2
2025-07-07 needs review contractor import replaced values,DATA_INTEGRITY,hard_synthetic_v2
external data import by Samuel,DATA_INTEGRITY,hard_synthetic_v2
unapproved edit to record by Helen,DATA_INTEGRITY,hard_synthetic_v2
issue with Selam F. Helen tried admin console,SECURITY,hard_synthetic_v2
dormant account tigist active after 7 months,USER_ACTIVITY,hard_synthetic_v2
2026-05-23 QA plan changed post-approval (Tigist),REPORT_DOCUMENT,hard_synthetic_v2
old spec rev deleted (rahel g.),REPORT_DOCUMENT,hard_synthetic_v2
unauthorized access attempt by Rahel G.,SECURITY,hard_synthetic_v2
needs review,PROJECT_RESOURCE,hard_synthetic_v2
needs review,PROJECT_RESOURCE,hard_synthetic_v2
2026-05-10 contract pdf mailed externally (yonas g.) (check),REPORT_DOCUMENT,hard_synthetic_v2
per site instruction - structure slipped 13 days (Dawit H.),PROJECT_RESOURCE,hard_synthetic_v2
2026-10-01 milestone 'topped out' delayed (Abebe K.),PROJECT_RESOURCE,hard_synthetic_v2
T45967: approval bypassed on WO-598 by Helen,COMPLIANCE,hard_synthetic_v2
mass status edit (64 tasks) by Biruk M.,USER_ACTIVITY,hard_synthetic_v2
T44934: rebar over-ordered 48% block C,PROJECT_RESOURCE,hard_synthetic_v2
T87367: budget increased 27% on Site 3 by Biruk M.,FINANCIAL,hard_synthetic_v2
urgent - delivery note DN-107 edited after lock by Mesfin,DATA_INTEGRITY,hard_synthetic_v2
2026-05-22 flagged item,REPORT_DOCUMENT,hard_synthetic_v2
fuel burn above baseline (kidus .) - please confirm,PROJECT_RESOURCE,hard_synthetic_v2
user list exported by hanna a. after hours,USER_ACTIVITY,hard_synthetic_v2
faild authentication for Kidus A.,SECURITY,hard_synthetic_v2
duplicate supplier invoice #7797,DATA_INTEGRITY,hard_synthetic_v2
env spill report delayed (Tigist),COMPLIANCE,hard_synthetic_v2
T39148: role misuse flagged for hanna a.,USER_ACTIVITY,hard_synthetic_v2
T18983: contractor import replaced values (Sara B.),DATA_INTEGRITY,hard_synthetic_v2
T24464: as-built rev changed after client sign-off (dawit h.),FINANCIAL,hard_synthetic_v2
problem on Site 3 certificate PDF swapped by,DATA_INTEGRITY,hard_synthetic_v2
"payment of ETB 892,000 approved by Sara B.",FINANCIAL,hard_synthetic_v2
T23201: subcon Abyssinia Hire NCR list updated by Marta T.,PROJECT_RESOURCE,hard_synthetic_v2
full cost DB exproted by Helen,USER_ACTIVITY,hard_synthetic_v2
certificate PDF swapped by Dawit H.,DATA_INTEGRITY,hard_synthetic_v2
T65012: approval bypassed on WO-975 by Meron T.,FINANCIAL,hard_synthetic_v2
"payment of etb 894,000 approved by bereket d.",FINANCIAL,hard_synthetic_v2
geo anomaly: Tigist appeared in two cities same day | temporary entry,SECURITY,hard_synthetic_v2
measurement sheet deleted (rahel g.),DATA_INTEGRITY,hard_synthetic_v2
contract pdf mailed externally (solomon .),REPORT_DOCUMENT,hard_synthetic_v2
duplicate invoice #8442 entered (check),FINANCIAL,hard_synthetic_v2
generator hours high vs plan (kidus a.),PROJECT_RESOURCE,hard_synthetic_v2
as-built rev changed after client sign-off (Mesfin),DATA_INTEGRITY,hard_synthetic_v2
T28477: checklist incomplete for pour #35,COMPLIANCE,hard_synthetic_v2
T24474: file shared to client@own.org by Samuel,REPORT_DOCUMENT,hard_synthetic_v2
test results changed without approval (Abebe K.),DATA_INTEGRITY,hard_synthetic_v2
contract pdf mailed externally (biruk m.),PROJECT_RESOURCE,hard_synthetic_v2
T73162: role misuse flagged for solomon a. | from the meeting,USER_ACTIVITY,hard_synthetic_v2
csv import overwrote approved qty (bereket d.),DATA_INTEGRITY,hard_synthetic_v2
invoice #2268 created by biruk m.,FINANCIAL,hard_synthetic_v2
unusual activity volume by Helen (check),USER_ACTIVITY,hard_synthetic_v2
external share of project file (biruk m.),REPORT_DOCUMENT,hard_synthetic_v2
password reset requested then cancelled (Solomon A.) - please confirm,SECURITY,hard_synthetic_v2
T95839: contractor review score 86/100 by Sara B.,PROJECT_RESOURCE,hard_synthetic_v2
external data import by Mesfin,DATA_INTEGRITY,hard_synthetic_v2
cement overuse 22% on Site 3 (Marta T.),PROJECT_RESOURCE,hard_synthetic_v2
qty take-off altered - no CO (Rahel G.),DATA_INTEGRITY,hard_synthetic_v2
duplicate supplier invoice #8385,DATA_INTEGRITY,hard_synthetic_v2
commercial rates shared outside (Rahel G.),REPORT_DOCUMENT,hard_synthetic_v2
dormant account Abebe K. active after 20 months,USER_ACTIVITY,hard_synthetic_v2
milestone 'topped out' delayed (Samuel),PROJECT_RESOURCE,hard_synthetic_v2
site report late by 1 days (Samuel),COMPLIANCE,hard_synthetic_v2
permit submitted after work started (Tigist),COMPLIANCE,hard_synthetic_v2
env spill report delayed (Getachew),COMPLIANCE,hard_synthetic_v2
budget increased 10% on BD Hospital by Yonas G. - ezih,FINANCIAL,hard_synthetic_v2
unapproved edit to record by Tigist,DATA_INTEGRITY,hard_synthetic_v2
T94782: access concern failed authentication for Henok,SECURITY,hard_synthetic_v2
need follow up - external share of project file (Tigist),REPORT_DOCUMENT,hard_synthetic_v2
excavator out 9 days - not returned (Dawit H.) | need follow up,PROJECT_RESOURCE,hard_synthetic_v2
scaffold parts missing after demob (bereket d.),PROJECT_RESOURCE,hard_synthetic_v2
as-built rev changed after client sign-off (Tigist) - ezih,DATA_INTEGRITY,hard_synthetic_v2
urgent - multiple failed logins on Selam F. account,SECURITY,hard_synthetic_v2
suspicious login pattern detected (Kidus A.),SECURITY,hard_synthetic_v2
invoice #4021 deleted after payment (Lidya W.),FINANCIAL,hard_synthetic_v2
2026-07-15 T46231: permission raised for helen without aproval | noted on site,SECURITY,hard_synthetic_v2
qty take-off altered - no co (kidus a.),DATA_INTEGRITY,hard_synthetic_v2
2025-09-19 issue with mesfin,FINANCIAL,hard_synthetic_v2
anomaly noted contractor import replaced values,DATA_INTEGRITY,hard_synthetic_v2
as discussed - mass status edit (49 tasks) by Lidya W.,USER_ACTIVITY,hard_synthetic_v2
T41748: bulk reassign 33 tasks - no comment (Abebe K.),USER_ACTIVITY,hard_synthetic_v2
2026-02-09 large payment released without second sign-off (Marta T.),FINANCIAL,hard_synthetic_v2
paymant run for Ethio Steel by Henok T.,FINANCIAL,hard_synthetic_v2
budget line edit on BD Hospital (Biruk M.),FINANCIAL,hard_synthetic_v2
T45290: equipment checkout overdue (Meron T.),PROJECT_RESOURCE,hard_synthetic_v2
T58766: contractor review score 40/100 by Dawit H.,PROJECT_RESOURCE,hard_synthetic_v2
password reset requested then cancelled (selam f.),USER_ACTIVITY,hard_synthetic_v2
role misuse flagged for abebe k.,USER_ACTIVITY,hard_synthetic_v2
toolbox talk sheet missing (getachew),COMPLIANCE,hard_synthetic_v2
T98648: bulk delete of 202 rows by Helen,USER_ACTIVITY,hard_synthetic_v2
T49298: attendance history row removed by Lidya W.,DATA_INTEGRITY,hard_synthetic_v2
engineer Yonas G. tried to approve payment,USER_ACTIVITY,hard_synthetic_v2
unauthorized access attempt by dawit h.,SECURITY,hard_synthetic_v2
T42266: old spec rev deleted (Sara B.),REPORT_DOCUMENT,hard_synthetic_v2
large payment released without second sign-off (Kidus A.),FINANCIAL,hard_synthetic_v2
biruk m. login failed from 197.89.128.249,SECURITY,hard_synthetic_v2
T23220: document export by Henok T.,REPORT_DOCUMENT,hard_synthetic_v2
late submission of daily report (Meron T.),COMPLIANCE,hard_synthetic_v2
permission raised for sara b. without approval,SECURITY,hard_synthetic_v2
policy breach recorded for Solomon A. - please confirm,COMPLIANCE,hard_synthetic_v2
2025-04-07 T93623: flagged item invoice #1510 deleted after,FINANCIAL,hard_synthetic_v2
check Meron T. activity,SECURITY,hard_synthetic_v2
172 edits in under 5 min by Rahel G.,USER_ACTIVITY,hard_synthetic_v2
qty take-off altered - no co (sara b.),DATA_INTEGRITY,hard_synthetic_v2
check Lidya W. activity bulk delete of 150,USER_ACTIVITY,hard_synthetic_v2
need follow up - bulk reassign 36 tasks - no comment (Getachew),USER_ACTIVITY,hard_synthetic_v2
budget line edit on Hawassa P2 (Lidya W.) | temporary entry,FINANCIAL,hard_synthetic_v2
2026-06-01 odd behaviour as-built ZIP downloaded by,REPORT_DOCUMENT,hard_synthetic_v2
user list exported by Abebe K. after hours,USER_ACTIVITY,hard_synthetic_v2
certificate pdf swapped by dawit h.,DATA_INTEGRITY,hard_synthetic_v2
hold point skipped on foundation (Helen),COMPLIANCE,hard_synthetic_v2
2025-11-25 external share of project file (Solomon A.),REPORT_DOCUMENT,hard_synthetic_v2
2025-09-11 budget increased 34% on alr ext by dawit h.,FINANCIAL,hard_synthetic_v2
T24516: file shared to client@own.org by Lidya W.,REPORT_DOCUMENT,hard_synthetic_v2
2026-08-20 T36612: bulk reassign 180 tasks - no comment (Sara B.),USER_ACTIVITY,hard_synthetic_v2
2025-01-11 contractor import replaced values (lidya w.),DATA_INTEGRITY,hard_synthetic_v2
rebar over-ordered 40% block b,PROJECT_RESOURCE,hard_synthetic_v2
T17751: unapproved edit to record by Selam F.,DATA_INTEGRITY,hard_synthetic_v2
as-built rev changed after client sign-off (Rahel G.),DATA_INTEGRITY,hard_synthetic_v2
2025-04-27 invoice #4842 deleted after payment (Helen),FINANCIAL,hard_synthetic_v2
"cash advance ETB 255,000 logged by Dawit H.",FINANCIAL,hard_synthetic_v2
env spill report delayed (Hanna .),COMPLIANCE,hard_synthetic_v2
QA plan changed post-approval (Abebe K.),SECURITY,hard_synthetic_v2
material overuse logged on bd hospital | awaiting confirmation,PROJECT_RESOURCE,hard_synthetic_v2
structure slipped 4 days (Henok T.),PROJECT_RESOURCE,hard_synthetic_v2
scaffold parts missing after demob (Meron T.),DATA_INTEGRITY,hard_synthetic_v2
NCR closed without QM signature (Dawit H.),COMPLIANCE,hard_synthetic_v2
repeated open of restricted folder by Henok T.,USER_ACTIVITY,hard_synthetic_v2
T17627: equipment checkout overdue (Abebe K.),PROJECT_RESOURCE,hard_synthetic_v2
T51775: duplicate invoice #7897 entered - ezih,FINANCIAL,hard_synthetic_v2
T78938: contract PDF mailed externally (Helen),REPORT_DOCUMENT,hard_synthetic_v2
invioce #2136 deleted after payment (Selam F.),FINANCIAL,hard_synthetic_v2
2025-11-14 full cost DB exported by Helen,REPORT_DOCUMENT,hard_synthetic_v2
2025-07-04 T50152: certificate PDF swapped by Kidus A.,DATA_INTEGRITY,hard_synthetic_v2
2025-09-28 milestone 'topped out' delayed (Samuel),PROJECT_RESOURCE,hard_synthetic_v2
sensitive salary data viewed by Hanna A.,USER_ACTIVITY,hard_synthetic_v2
commercial rates shared outside (mesfin),REPORT_DOCUMENT,hard_synthetic_v2
attendance history row removed by Yonas G. | see attachment,DATA_INTEGRITY,hard_synthetic_v2
invoice #6103 created by rahel g.,FINANCIAL,hard_synthetic_v2
report problem cement overuse 5% on,PROJECT_RESOURCE,hard_synthetic_v2
excavator out 16 days - not returned (Samuel),PROJECT_RESOURCE,hard_synthetic_v2
toolbox talk sheet missing (Dawit H.),COMPLIANCE,hard_synthetic_v2
from the meeting - unusual activity volume by dawit h.,USER_ACTIVITY,hard_synthetic_v2
site report late by 1 days (Marta T.),COMPLIANCE,hard_synthetic_v2
equipment checkout overdue (Solomon A.),DATA_INTEGRITY,hard_synthetic_v2
T94096: urgent - Tigist opened finance module (not their role),USER_ACTIVITY,hard_synthetic_v2
NCR closed without QM signature (Hanna A.) - site lay,COMPLIANCE,hard_synthetic_v2
T64871: unauthorized access attempt by tigist,SECURITY,hard_synthetic_v2
anomaly noted policy breach recorded for,COMPLIANCE,hard_synthetic_v2
2025-02-24 approval bypassed on WO-557 by Biruk M.,COMPLIANCE,hard_synthetic_v2
generator hours high vs plan (marta t.),PROJECT_RESOURCE,hard_synthetic_v2
101 edits in under 5 min by Bereket D.,USER_ACTIVITY,hard_synthetic_v2
payment run for abyssinia hire by solomon a.,FINANCIAL,hard_synthetic_v2
"cash advance etb 89,000 logged by lidya w.",FINANCIAL,hard_synthetic_v2
T86067: unusual activity volume by Meron T.,USER_ACTIVITY,hard_synthetic_v2
bulk delete of 54 rows by Abebe K. - ezih,FINANCIAL,hard_synthetic_v2
2025-04-01 permission raised for tigist without approval,SECURITY,hard_synthetic_v2
T88560: unauth access attempt by Tigist,SECURITY,hard_synthetic_v2
role misuse flagged for marta t.,USER_ACTIVITY,hard_synthetic_v2
bulk delete of 136 rows by marta t.,USER_ACTIVITY,hard_synthetic_v2
2026-05-02 payment run for Ethio Steel by Mesfin,FINANCIAL,hard_synthetic_v2
drawing pack uploaded by marta t.,REPORT_DOCUMENT,hard_synthetic_v2
2026-05-01 certificate PDF swapped by Rahel G.,DATA_INTEGRITY,hard_synthetic_v2
full cost DB exproted by Tigist,REPORT_DOCUMENT,hard_synthetic_v2
T50163: site reprot late by 10 days (henok t.),COMPLIANCE,hard_synthetic_v2
cement overuse 48% on bd hospital (getachew),PROJECT_RESOURCE,hard_synthetic_v2
T32235: bulk delete of 210 rows by Sara B.,USER_ACTIVITY,hard_synthetic_v2
T70718: user list exported by Bereket D. after hours,USER_ACTIVITY,hard_synthetic_v2
payment run for Ethio Steel by Tigist,FINANCIAL,hard_synthetic_v2
invioce #8266 created by rahel g. - please confirm,FINANCIAL,hard_synthetic_v2
material overuse logged on Adama IP | temporary entry,PROJECT_RESOURCE,hard_synthetic_v2
scaffold parts missing after demob (Kidus A.),PROJECT_RESOURCE,hard_synthetic_v2
user list exproted by Rahel G. after hours,USER_ACTIVITY,hard_synthetic_v2
unapproved edit to record by bereket d.,DATA_INTEGRITY,hard_synthetic_v2
toolbox talk sheet missing (Sara B.),COMPLIANCE,hard_synthetic_v2
approved MS edited after acceptance (Abebe K.),REPORT_DOCUMENT,hard_synthetic_v2
T28551: document export by Hanna A.,REPORT_DOCUMENT,hard_synthetic_v2
as discussed - test results changed without approval (Sara B.),DATA_INTEGRITY,hard_synthetic_v2
2025-01-02 QA plan changed post-approval (Tigist),REPORT_DOCUMENT,hard_synthetic_v2
approved MS edited after acceptance (Rahel G.) | from the meeting,REPORT_DOCUMENT,hard_synthetic_v2
QA plan changed post-approval (Meron T.),REPORT_DOCUMENT,hard_synthetic_v2
report problem milestone 'facade' delayed (Selam,PROJECT_RESOURCE,hard_synthetic_v2
T20436: odd behaviour,COMPLIANCE,hard_synthetic_v2
excavator out 6 days - not returned (Kidus A.),PROJECT_RESOURCE,hard_synthetic_v2
certificate pdf swapped by bereket d. | need follow up,DATA_INTEGRITY,hard_synthetic_v2
QA plan changed post-approval (Marta T.),REPORT_DOCUMENT,hard_synthetic_v2
2026-05-15 data issue,REPORT_DOCUMENT,hard_synthetic_v2
cost code changed on po by kidus a. | temporary entry,FINANCIAL,hard_synthetic_v2
budget line edit on ALR Ext (Henok T.),FINANCIAL,hard_synthetic_v2
structure slipped 9 days (Samuel) | as discussed,PROJECT_RESOURCE,hard_synthetic_v2
Hanna A. tried admin console - denied,SECURITY,hard_synthetic_v2
env spill report delayed (Getachew),COMPLIANCE,hard_synthetic_v2
repeated open of restricted folder by Sara B.,USER_ACTIVITY,hard_synthetic_v2
csv import overwrote approved qty (abebe k.),DATA_INTEGRITY,hard_synthetic_v2
CSV import overwrote approved qty (Abebe K.),DATA_INTEGRITY,hard_synthetic_v2
marta t. login failed from 197.189.158.6,SECURITY,hard_synthetic_v2
site report late by 1 days (mesfin),COMPLIANCE,hard_synthetic_v2
external share of project file (Lidya W.),REPORT_DOCUMENT,hard_synthetic_v2
invoice #7030 deleted after paymant (Biruk M.) - please confirm,USER_ACTIVITY,hard_synthetic_v2
rebar over-ordered 42% block D,PROJECT_RESOURCE,hard_synthetic_v2
unauthorized access attempt by Helen,SECURITY,hard_synthetic_v2
role misuse flagged for kidus a.,USER_ACTIVITY,hard_synthetic_v2
T13007: late submission of daily report (Henok T.),COMPLIANCE,hard_synthetic_v2
attendance history row removed by getachew,DATA_INTEGRITY,hard_synthetic_v2
measurement sheet deleted (selam f.),DATA_INTEGRITY,hard_synthetic_v2
T50250: as-built zip downloaded by biruk m.,REPORT_DOCUMENT,hard_synthetic_v2
noted on site - generator hours high vs plan (helen),PROJECT_RESOURCE,hard_synthetic_v2
approved MS edited after acceptance (Yonas G.) - ezih,REPORT_DOCUMENT,hard_synthetic_v2
T73218: Getachew tried admin console - denied,SECURITY,hard_synthetic_v2
2025-07-18 T12509: sensitive salary data viewed by biruk m.,USER_ACTIVITY,hard_synthetic_v2
permission raised for rahel g. without approval,SECURITY,hard_synthetic_v2
solomon a. modified contingency on adama ip,SECURITY,hard_synthetic_v2
cement overuse 11% on alr ext (getachew),PROJECT_RESOURCE,hard_synthetic_v2
needs review Biruk M. changed IP,SECURITY,hard_synthetic_v2
T85851: report problem,FINANCIAL,hard_synthetic_v2
large payment released without second sign-off (Tigist),SECURITY,hard_synthetic_v2
structure slipped 16 days (Tigist),PROJECT_RESOURCE,hard_synthetic_v2
sensitive salary data viewed by Hanna A.,USER_ACTIVITY,hard_synthetic_v2
commercial rates shared outside (Sara B.),REPORT_DOCUMENT,hard_synthetic_v2
qty take-off altered - no CO (Getachew),DATA_INTEGRITY,hard_synthetic_v2
problem on DD Warehouse,USER_ACTIVITY,hard_synthetic_v2
2025-03-17 qa plan changed post-approval (dawit h.),REPORT_DOCUMENT,hard_synthetic_v2
suspicious login pattern detected (Yonas G.) | urgent,SECURITY,hard_synthetic_v2
password reset requested then cancelled (getachew),SECURITY,hard_synthetic_v2
contractor review score 91/100 by dawit h.,PROJECT_RESOURCE,hard_synthetic_v2
role misuse flagged for Sara B.,USER_ACTIVITY,hard_synthetic_v2
T60664: failed authentication for Samuel,SECURITY,hard_synthetic_v2
T59085: data issue,USER_ACTIVITY,hard_synthetic_v2
awaiting confirmation - budget line edit on Site 3 (Solomon A.),FINANCIAL,hard_synthetic_v2
odd behaviour,COMPLIANCE,hard_synthetic_v2
invoice #6802 deleted after paymant (Henok T.) (check),FINANCIAL,hard_synthetic_v2
temporary entry - as-built zip downloaded by rahel g.,REPORT_DOCUMENT,hard_synthetic_v2
external share of project file (Dawit H.),SECURITY,hard_synthetic_v2
invoice #9717 created by mesfin,FINANCIAL,hard_synthetic_v2
T33090: odd hour log-in by Tigist at 0:00 | see attachment,SECURITY,hard_synthetic_v2
2026-02-06 as-built ZIP downloaded by Selam F. | per site instruction,REPORT_DOCUMENT,hard_synthetic_v2
T56600: unusual activity volume by Dawit H.,USER_ACTIVITY,hard_synthetic_v2
2026-01-26 unauth access attempt by Lidya W.,SECURITY,hard_synthetic_v2
"urgent - cash advance ETB 347,000 logged by Abebe K. - please confirm",FINANCIAL,hard_synthetic_v2
anomaly noted,DATA_INTEGRITY,hard_synthetic_v2
approved ms edited after acceptance (selam f.),REPORT_DOCUMENT,hard_synthetic_v2
toolbox talk sheet missing (Hanna A.),COMPLIANCE,hard_synthetic_v2
2026-05-03 T16681: generator hours high vs plan (Henok T.),PROJECT_RESOURCE,hard_synthetic_v2
ncr closed without qm signature (bereket d.),COMPLIANCE,hard_synthetic_v2
multiple failed logins on Hanna A. account,SECURITY,hard_synthetic_v2
old spec rev deleted (Selam F.),REPORT_DOCUMENT,hard_synthetic_v2
awaiting confirmation - rebar over-ordered 7% block B,PROJECT_RESOURCE,hard_synthetic_v2
2025-11-04 bulk reassign 22 tasks - no comment (selam f.) | please check,USER_ACTIVITY,hard_synthetic_v2
unapproved edit to record by dawit h.,DATA_INTEGRITY,hard_synthetic_v2
"T61426: paymant of etb 453,000 approved by dawit h.",FINANCIAL,hard_synthetic_v2
2025-09-01 site report late by 1 days (yonas g.),COMPLIANCE,hard_synthetic_v2
policy breach recorded for Lidya W.,COMPLIANCE,hard_synthetic_v2
2026-08-06 checklist incomplete for pour #43,COMPLIANCE,hard_synthetic_v2
helen modified contingency on bole tower,FINANCIAL,hard_synthetic_v2
"2026-06-19 T49108: see attachment - cash advance ETB 207,000 logged by Biruk M. - ezih",FINANCIAL,hard_synthetic_v2
cement overuse 7% on alr ext (rahel g.) - ezih,PROJECT_RESOURCE,hard_synthetic_v2
2025-03-14 ncr closed without qm signature (henok t.),COMPLIANCE,hard_synthetic_v2
T95613: site report late by 5 days (Rahel G.) | awaiting confirmation,COMPLIANCE,hard_synthetic_v2
payment run for horizon mat by rahel g.,FINANCIAL,hard_synthetic_v2
2025-08-17 scaffold parts missing after demob (Getachew),PROJECT_RESOURCE,hard_synthetic_v2
T94148: data issue unapproved edit to record,DATA_INTEGRITY,hard_synthetic_v2
2025-11-09 certificate PDF swapped by Kidus A.,DATA_INTEGRITY,hard_synthetic_v2
CSV import overwrote approved qty (Marta T.),DATA_INTEGRITY,hard_synthetic_v2
T92878: material overuse logged on Bole Tower,PROJECT_RESOURCE,hard_synthetic_v2
T97688: check Kidus . activity attendance history row removed,DATA_INTEGRITY,hard_synthetic_v2
142 edits in under 5 min by Dawit H.,USER_ACTIVITY,hard_synthetic_v2
T98663: Rahel G. tried admin console - denied,SECURITY,hard_synthetic_v2
subcon Horizon Mat NCR list updated by Meron T.,PROJECT_RESOURCE,hard_synthetic_v2
T40140: milestone 'facade' delayed (Bereket D.),PROJECT_RESOURCE,hard_synthetic_v2
Getachew modified contingency on Site 3,FINANCIAL,hard_synthetic_v2
material overuse logged on Site 3,PROJECT_RESOURCE,hard_synthetic_v2
certificate pdf swapped by sara b.,DATA_INTEGRITY,hard_synthetic_v2
progress report generated for DD Warehouse (Solomon A.),REPORT_DOCUMENT,hard_synthetic_v2
full cost DB exported by Lidya W.,REPORT_DOCUMENT,hard_synthetic_v2
per site instruction - large payment released without second sign-off (Helen),FINANCIAL,hard_synthetic_v2
T89205: anomaly noted,COMPLIANCE,hard_synthetic_v2
invoice #8545 created by Dawit H.,FINANCIAL,hard_synthetic_v2
unapproved edit to record by Samuel,DATA_INTEGRITY,hard_synthetic_v2
problem on adama ip,SECURITY,hard_synthetic_v2
T98075: site reprot late by 10 days (Biruk M.),COMPLIANCE,hard_synthetic_v2
permit submitted after work started (mesfin),COMPLIANCE,hard_synthetic_v2
equipement checkout overdue (Henok T.),PROJECT_RESOURCE,hard_synthetic_v2
file shared to partner@ext.com by hanna a.,REPORT_DOCUMENT,hard_synthetic_v2
large payment released without second sign-off (Dawit H.) | need follow up,FINANCIAL,hard_synthetic_v2
measurement sheet deleted (Henok T.),DATA_INTEGRITY,hard_synthetic_v2
odd hour login by Getachew at 8:00,SECURITY,hard_synthetic_v2
permission raised for Dawit H. without approval,SECURITY,hard_synthetic_v2
session from unknown device (samuel) | as discussed,SECURITY,hard_synthetic_v2
site report late by 9 days (yonas g.),COMPLIANCE,hard_synthetic_v2
needs review measurement sheet deleeted (Rahel,DATA_INTEGRITY,hard_synthetic_v2
contractor review score 75/100 by Tigist,PROJECT_RESOURCE,hard_synthetic_v2
contractor review score 29/100 by Sara B.,PROJECT_RESOURCE,hard_synthetic_v2
as discussed - full cost DB exported by Mesfin,REPORT_DOCUMENT,hard_synthetic_v2
mass status edit (172 tasks) by Kidus A.,USER_ACTIVITY,hard_synthetic_v2
milestone 'topped out' delayed (Selam F.) | please check,PROJECT_RESOURCE,hard_synthetic_v2
T46708: document export by tigist,REPORT_DOCUMENT,hard_synthetic_v2
please check - late submission of daily report (Henok T.),COMPLIANCE,hard_synthetic_v2
unapproved edit to record by kidus a.,DATA_INTEGRITY,hard_synthetic_v2
repeated open of restricted folder by selam f.,USER_ACTIVITY,hard_synthetic_v2
duplicate supplier invoice #3140,DATA_INTEGRITY,hard_synthetic_v2
T59747: 11 edits in under 5 min by Getachew,USER_ACTIVITY,hard_synthetic_v2
T55928: awaiting confirmation - invoice #4921 deleted after payment (Helen),FINANCIAL,hard_synthetic_v2
duplicate supplier invoice #9644 | as discussed,DATA_INTEGRITY,hard_synthetic_v2
password reset requested then cancelled (Kidus A.),SECURITY,hard_synthetic_v2
awaiting confirmation - Marta T. tried admin console - denied,SECURITY,hard_synthetic_v2
file shared to sub@con.et by biruk m.,REPORT_DOCUMENT,hard_synthetic_v2
role misuse flagged for Samuel - ezih,USER_ACTIVITY,hard_synthetic_v2
T72561: access concern subcon nile const ncr,PROJECT_RESOURCE,hard_synthetic_v2
T46239: repeated open of restricted folder by bereket d.,USER_ACTIVITY,hard_synthetic_v2
fuel burn above baseline (Selam F.),PROJECT_RESOURCE,hard_synthetic_v2
permit submitted after work started (Lidya W.),DATA_INTEGRITY,hard_synthetic_v2
